customer_id,age,gender,city,income_level,loyalty_score,membership_years,total_spent,avg_purchase_value,purchase_frequency,preferred_category,last_purchase_days_ago,discount_usage_rate,online_shopper,email_open_rate,sms_response_rate,app_usage,returns_count,satisfaction_score,churn_risk,campaign_response,referral_count,preferred_payment,coupon_redeemed,seasonal_spender,weekend_shopper,avg_cart_size,store_visits_per_month,website_visits_per_month,app_sessions_per_month,customer_segment,preferred_channel,complaints_count,net_promoter_score,account_age_days,has_subscription,subscription_type,days_since_last_login,engagement_score,lifetime_value_estimate,client_value,client_risk
CUST100013,53,Male,Karaganda,High,91.47,9,6979.34,132.87,34.0,Electronics,57,0.5,False,0.81,0.29,Medium,19.0,1.21,Medium,No,1,Card,False,True,False,4.09,14,29,23,Silver,Social Media,5,81,1225,False,Premium,206,54.15,17910.11,638400.2298,0.5428571428571428
CUST100027,39,Female,Almaty,Medium,82.71,4,7650.59,393.33,43.0,Electronics,277,0.43,False,0.45,0.43,Medium,0.0,3.4,Low,No,5,Cash,False,False,True,9.73,11,21,29,Bronze,App,4,-1,950,False,0,220,26.3,14294.29,632780.2988999999,0.0
CUST100042,68,Male,Shymkent,Medium,87.88,1,9366.58,105.21,44.0,Beauty,228,1.0,False,0.66,0.33,High,9.0,3.78,High,No,0,Card,True,False,True,15.68,2,46,10,Silver,Social Media,9,-38,2963,False,Premium,9,1.51,2787.29,823135.0504,0.2
CUST100046,56,Male,Almaty,Medium,85.02,5,6841.2,470.77,22.0,Beauty,151,0.39,False,0.95,0.15,Low,6.0,3.78,Medium,Yes,1,Card,True,True,False,12.6,10,37,15,Platinum,Social Media,6,-53,3645,False,0,328,58.86,19847.0,581638.8239999999,0.2608695652173913
CUST100050,31,Male,Shymkent,High,96.13,4,8873.83,222.98,40.0,Electronics,119,0.23,False,0.21,0.63,Medium,6.0,2.45,Low,Yes,1,Online Wallet,True,False,True,14.7,1,49,37,Platinum,Social Media,9,-73,3302,False,0,203,40.61,7339.0,853041.2779,0.14634146341463414
CUST100054,19,Male,Astana,High,90.09,7,7437.91,82.51,9.0,Groceries,253,0.68,True,0.4,0.32,Low,6.0,1.15,Low,Yes,3,Card,False,True,False,1.96,7,45,13,Silver,Social Media,4,64,3378,True,0,289,59.92,15379.81,670081.3119,0.6
CUST100064,34,Female,Almaty,Low,77.11,3,7848.32,271.82,13.0,Groceries,166,0.44,True,0.92,0.0,Low,12.0,2.51,Low,No,5,Online Wallet,True,False,False,14.58,7,12,5,Bronze,Email,0,83,357,False,Premium,318,90.82,9639.98,605183.9552,0.8571428571428571
CUST100069,19,Female,Shymkent,Low,67.96,1,7417.84,340.77,31.0,Clothing,342,0.75,True,0.48,0.26,Low,4.0,2.48,Low,Yes,5,Online Wallet,False,True,False,9.15,11,26,29,Silver,App,5,21,590,False,Premium,86,30.05,458.33,504116.4064,0.125
CUST100080,31,Female,Shymkent,Low,84.0,7,7219.11,362.99,21.0,Beauty,332,0.75,False,0.98,0.61,Medium,5.0,1.9,Low,No,5,Cash,False,True,False,5.81,3,5,4,Silver,App,2,68,2589,False,0,300,5.4,3815.44,606405.24,0.22727272727272727
CUST100084,25,Female,Shymkent,High,95.45,1,9055.8,185.95,15.0,Electronics,8,0.78,True,0.18,0.12,Medium,18.0,4.82,Medium,No,2,Online Wallet,True,False,False,10.85,6,5,27,Gold,SMS,6,0,1269,False,0,94,38.47,3975.56,864376.11,1.125
CUST100090,62,Male,Shymkent,Medium,94.06,2,9460.38,37.66,12.0,Beauty,67,0.93,False,0.42,0.76,Medium,9.0,4.51,High,Yes,8,Online Wallet,True,True,False,6.82,4,27,29,Silver,App,2,16,3479,True,0,122,97.26,16669.79,889843.3428,0.6923076923076923
CUST100093,41,Male,Astana,High,84.14,2,6542.11,133.78,24.0,Electronics,310,0.38,False,0.41,0.93,High,17.0,2.79,High,No,3,Card,False,True,False,15.75,10,10,30,Silver,Email,7,-89,1876,False,Basic,132,97.77,18018.98,550453.1354,0.68
CUST100096,62,Female,Karaganda,High,91.48,7,9342.2,341.79,44.0,Beauty,312,0.97,True,0.57,0.32,High,3.0,2.36,Medium,Yes,5,Cash,True,False,True,10.79,2,35,18,Platinum,Email,5,83,2038,True,Basic,222,42.42,17982.56,854624.4560000001,0.06666666666666667
CUST100097,58,Male,Karaganda,Low,76.4,8,6739.14,236.75,34.0,Groceries,353,0.04,False,0.95,0.0,Medium,7.0,4.45,High,Yes,6,Online Wallet,True,True,True,2.97,14,38,38,Platinum,Email,9,95,1674,False,0,1,55.09,5028.43,514870.2960000001,0.2
CUST100105,41,Male,Almaty,High,88.17,2,9081.59,390.08,18.0,Beauty,301,0.58,False,0.65,0.5,Low,19.0,4.51,Low,No,2,Card,True,True,False,2.76,5,35,0,Platinum,Email,7,-23,1448,False,Basic,223,22.46,1295.77,800723.7903,1.0
CUST100114,52,Male,Shymkent,Medium,96.82,1,5712.84,294.6,16.0,Clothing,67,0.39,False,0.47,0.87,Medium,6.0,1.6,Low,No,1,Online Wallet,True,False,False,17.6,4,9,24,Silver,SMS,1,13,1169,False,Basic,93,42.45,13419.37,553117.1688,0.35294117647058826
CUST100130,41,Male,Almaty,Medium,70.84,4,8218.13,418.05,10.0,Clothing,235,0.4,False,0.52,0.32,Medium,0.0,4.35,High,Yes,6,Card,True,True,False,18.43,8,33,11,Platinum,Email,2,42,645,True,Basic,358,50.77,14579.23,582172.3291999999,0.0
CUST100131,54,Female,Astana,High,77.17,1,9312.16,210.07,6.0,Electronics,37,0.04,False,0.56,0.47,Medium,9.0,2.67,High,No,0,Card,True,False,False,18.9,1,26,6,Gold,SMS,6,-37,1855,True,Basic,316,92.64,17518.05,718619.3872,1.2857142857142858
CUST100138,18,Male,Shymkent,Low,78.71,5,6502.68,410.28,29.0,Beauty,294,0.19,False,0.19,0.54,Low,14.0,3.18,Low,No,2,Online Wallet,True,True,False,6.53,14,16,25,Silver,Email,4,-59,3218,True,0,2,57.55,4960.11,511825.94279999996,0.4666666666666667
CUST100139,52,Female,Astana,Medium,74.76,7,8366.48,210.05,3.0,Electronics,46,0.95,True,0.87,0.29,Low,13.0,2.04,High,Yes,5,Online Wallet,True,False,True,9.04,6,27,23,Platinum,Social Media,0,61,1127,False,0,326,68.86,17692.64,625478.0448,3.25
CUST100142,31,Female,Shymkent,Medium,62.37,0,9888.13,345.04,38.0,Clothing,164,0.26,True,0.3,0.9,High,6.0,2.62,High,Yes,3,Cash,True,False,True,2.87,0,7,24,Bronze,Email,9,-25,3305,True,Basic,27,41.54,15608.46,616722.6680999999,0.15384615384615385
CUST100148,56,Female,Astana,Medium,82.36,6,6377.79,151.04,21.0,Groceries,117,0.18,False,0.57,0.97,High,7.0,2.53,High,Yes,0,Card,True,False,False,15.56,10,2,2,Gold,Social Media,9,-31,545,False,0,9,21.04,7745.11,525274.7844,0.3181818181818182
CUST100149,44,Female,Karaganda,High,89.34,8,8878.55,136.28,14.0,Clothing,7,0.3,False,0.63,0.71,Low,15.0,1.08,Medium,Yes,1,Online Wallet,True,True,True,5.46,0,3,3,Platinum,Email,4,-74,698,True,Basic,289,81.06,6057.28,793209.657,1.0
CUST100155,30,Male,Karaganda,High,79.9,4,9866.92,339.72,33.0,Clothing,305,0.43,False,0.28,0.32,Low,14.0,4.89,High,Yes,8,Card,False,True,True,17.45,12,29,11,Platinum,App,1,-45,958,False,Basic,285,67.48,7803.81,788366.908,0.4117647058823529
CUST100156,68,Female,Karaganda,High,95.12,6,9680.3,136.98,11.0,Clothing,19,0.41,True,0.48,0.71,Medium,0.0,2.12,Medium,Yes,3,Online Wallet,True,True,True,13.83,10,21,14,Gold,SMS,4,-46,3635,False,0,64,21.24,2305.34,920790.1359999999,0.0
CUST100162,21,Male,Almaty,Medium,87.12,3,9036.31,186.84,22.0,Clothing,203,0.85,False,0.06,0.99,High,4.0,4.38,Low,No,3,Card,False,True,True,5.1,9,15,19,Bronze,Email,2,-12,298,False,0,242,55.34,3722.19,787243.3271999999,0.17391304347826086
CUST100165,40,Female,Shymkent,High,87.28,3,6431.99,155.5,49.0,Groceries,334,0.97,True,0.94,0.22,High,19.0,1.83,High,Yes,4,Cash,False,True,False,13.31,12,46,27,Bronze,SMS,6,-3,1018,True,Basic,206,82.44,3272.5,561384.0872,0.38
CUST100167,62,Male,Karaganda,Low,98.25,8,5411.94,314.33,22.0,Electronics,211,0.32,True,0.54,0.2,Low,16.0,1.46,High,No,8,Cash,True,False,False,6.5,11,3,8,Bronze,App,7,-51,2276,False,Premium,293,42.64,15769.22,531723.105,0.6956521739130435
CUST100175,68,Female,Astana,Low,64.11,0,8840.11,464.27,9.0,Beauty,104,0.62,True,0.94,0.78,Low,8.0,4.97,Medium,Yes,0,Card,True,False,False,15.93,7,3,15,Gold,SMS,6,48,788,True,Basic,111,82.27,11496.42,566739.4521,0.8
CUST100177,45,Male,Karaganda,High,84.25,3,6904.22,464.05,25.0,Electronics,229,0.69,True,0.68,0.18,Low,10.0,3.04,Low,Yes,8,Cash,True,True,False,16.67,12,41,30,Gold,App,5,17,407,False,Premium,76,59.39,17658.95,581680.535,0.38461538461538464
CUST100196,30,Male,Karaganda,Medium,53.44,8,9436.31,404.64,36.0,Clothing,292,0.55,False,0.65,0.19,High,8.0,1.01,Low,No,1,Cash,True,False,False,5.44,10,24,15,Bronze,App,3,-44,3054,False,0,201,13.16,15460.67,504276.4064,0.21621621621621623
CUST100201,25,Female,Almaty,High,87.64,1,7066.02,492.51,6.0,Beauty,99,0.28,True,0.34,0.36,High,7.0,4.66,High,No,7,Online Wallet,False,True,True,3.78,10,0,30,Bronze,Email,8,-24,1776,False,Basic,244,56.65,17092.49,619265.9928,1.0
CUST100209,41,Female,Astana,Low,73.13,6,9639.09,421.34,28.0,Groceries,41,0.27,True,0.04,0.14,Medium,12.0,4.09,Low,Yes,5,Card,True,False,True,14.69,10,25,31,Gold,App,0,-100,1991,True,Basic,120,5.07,6790.03,704906.6516999999,0.41379310344827586
CUST100216,66,Male,Astana,Medium,79.57,0,6721.34,347.24,32.0,Electronics,257,0.69,True,0.26,0.94,High,4.0,4.99,Medium,No,3,Online Wallet,False,True,True,10.47,7,31,15,Bronze,Email,6,-76,2202,False,0,197,94.28,12893.42,534817.0238,0.12121212121212122
CUST100238,61,Female,Astana,Low,93.71,3,8780.58,408.64,30.0,Clothing,123,0.15,True,0.99,0.81,Medium,1.0,2.48,High,No,8,Online Wallet,True,False,False,4.29,2,35,27,Bronze,App,7,-45,279,False,0,348,83.76,14420.16,822828.1518,0.03225806451612903
CUST100240,49,Male,Karaganda,Medium,70.53,2,7444.61,57.18,7.0,Groceries,360,0.15,True,0.82,0.62,Medium,16.0,4.95,High,Yes,1,Online Wallet,False,False,True,7.45,14,27,28,Platinum,App,2,-17,1568,True,Premium,305,58.21,14267.39,525068.3433,2.0
CUST100255,33,Male,Shymkent,High,94.18,6,6783.48,138.14,14.0,Groceries,54,0.19,False,0.85,0.68,Low,17.0,2.86,High,Yes,9,Card,False,False,False,3.66,10,17,8,Platinum,SMS,2,-37,2686,True,Basic,185,81.13,15689.85,638868.1464,1.1333333333333333
CUST100259,33,Male,Almaty,High,94.45,1,6588.67,90.2,49.0,Electronics,82,0.48,True,0.83,0.19,Low,8.0,4.28,High,Yes,3,Card,True,False,True,12.48,6,6,12,Gold,SMS,2,-45,1455,True,Basic,255,50.91,2495.83,622299.8815,0.16
CUST100261,20,Female,Astana,Medium,70.8,4,9545.16,97.44,22.0,Clothing,215,0.75,False,0.11,0.37,Low,11.0,1.39,High,No,0,Card,True,False,False,13.06,7,27,1,Bronze,App,8,-53,1457,False,Basic,113,26.13,17276.86,675797.328,0.4782608695652174
CUST100267,36,Male,Almaty,Low,94.56,9,9306.48,240.03,5.0,Groceries,33,0.78,True,0.94,0.88,Low,18.0,3.94,High,No,3,Online Wallet,True,False,False,15.09,14,45,21,Platinum,App,1,-41,3645,False,Basic,244,61.58,8807.18,880020.7488,3.0
CUST100274,57,Male,Astana,Low,99.75,3,7880.39,299.38,23.0,Groceries,205,0.03,False,0.52,0.17,Low,7.0,3.12,Low,No,9,Online Wallet,False,True,False,17.99,14,43,15,Silver,Social Media,0,50,3365,False,Premium,83,22.1,2818.31,786068.9025000001,0.2916666666666667
CUST100275,56,Female,Karaganda,High,65.86,3,9673.98,63.18,29.0,Electronics,165,0.18,True,0.47,0.32,High,7.0,2.81,Medium,No,1,Cash,True,False,True,13.73,1,46,23,Platinum,Social Media,4,-2,3380,True,Basic,297,43.63,10224.73,637128.3228,0.23333333333333334
CUST100276,35,Female,Almaty,Low,92.22,5,5455.89,166.99,16.0,Clothing,264,0.08,False,0.43,0.2,High,19.0,1.5,Low,No,0,Card,True,False,False,10.8,1,33,18,Platinum,Social Media,4,50,677,False,Basic,319,41.17,10913.69,503142.1758,1.1176470588235294
CUST100285,47,Male,Astana,Medium,81.11,9,8302.44,121.83,16.0,Groceries,135,0.23,True,0.0,0.59,Low,17.0,2.86,Low,Yes,6,Online Wallet,False,False,False,12.56,9,26,1,Bronze,App,2,-53,2786,True,Basic,147,92.01,14291.45,673410.9084000001,1.0
CUST100319,37,Male,Shymkent,Medium,99.42,1,8659.59,182.17,34.0,Groceries,287,0.45,True,0.16,0.21,Medium,13.0,3.36,Low,Yes,5,Cash,True,True,True,8.75,6,14,16,Bronze,SMS,9,-78,1070,False,Premium,178,18.19,8685.36,860936.4378000001,0.37142857142857144
CUST100331,33,Male,Astana,Low,59.41,5,9501.05,90.21,44.0,Clothing,86,0.9,False,0.8,0.34,Low,10.0,3.7,High,Yes,6,Card,True,True,True,7.8,7,42,38,Bronze,Social Media,9,93,508,True,Premium,42,15.04,5731.33,564457.3805,0.2222222222222222
CUST100336,50,Male,Shymkent,High,86.81,8,6172.32,15.99,25.0,Electronics,197,0.37,False,0.1,0.92,Low,17.0,4.24,Medium,Yes,6,Card,False,True,True,17.52,12,19,24,Platinum,SMS,2,44,1340,True,0,161,92.48,11915.1,535819.0991999999,0.6538461538461539
CUST100344,34,Male,Almaty,Low,88.0,7,9118.65,442.9,24.0,Electronics,149,0.44,True,0.22,0.84,High,2.0,3.0,High,Yes,5,Online Wallet,True,True,True,5.48,9,48,7,Platinum,Email,4,-51,36,True,Basic,177,31.49,19707.65,802441.2,0.08
CUST100348,68,Male,Almaty,Low,84.73,0,9837.14,387.59,12.0,Clothing,140,1.0,True,0.18,0.03,Low,19.0,1.65,Low,Yes,0,Card,True,False,False,7.07,4,26,22,Platinum,Email,0,-27,2238,True,0,233,45.04,3799.85,833500.8722,1.4615384615384615
CUST100349,39,Male,Almaty,Medium,91.21,0,6827.03,21.91,17.0,Groceries,277,0.0,False,0.04,0.32,Low,2.0,3.63,High,No,0,Card,False,False,True,10.17,11,42,12,Bronze,SMS,3,41,1809,False,Basic,61,51.93,5954.81,622693.4062999999,0.1111111111111111
CUST100352,47,Female,Astana,High,60.54,1,8678.66,35.19,24.0,Beauty,279,0.94,True,0.59,0.5,High,19.0,4.35,Low,Yes,8,Card,True,True,True,12.76,4,19,16,Bronze,Social Media,9,-78,2650,False,Basic,165,74.68,17039.49,525406.0764,0.76
CUST100364,45,Male,Astana,Low,88.41,7,7993.1,283.43,15.0,Groceries,351,0.68,True,0.81,0.17,High,4.0,1.18,Medium,Yes,3,Cash,True,True,True,15.54,10,7,21,Gold,Email,9,26,2351,False,0,239,90.71,1000.2,706669.971,0.25
CUST100369,36,Female,Astana,High,95.41,9,6268.65,389.36,31.0,Beauty,25,0.71,True,0.02,0.4,High,3.0,3.01,High,No,2,Online Wallet,False,True,False,1.16,8,26,20,Gold,SMS,1,-44,193,False,0,114,43.33,16829.12,598091.8964999999,0.09375
CUST100371,52,Female,Astana,High,90.19,2,6692.05,213.99,20.0,Beauty,361,1.0,False,0.17,0.18,Low,2.0,2.84,Medium,Yes,2,Cash,False,False,False,11.36,10,2,32,Gold,Email,7,-83,387,True,Premium,260,9.86,5805.28,603555.9895,0.09523809523809523
CUST100382,54,Female,Karaganda,Medium,94.65,0,5607.02,275.15,25.0,Beauty,60,0.55,False,0.04,0.66,High,11.0,3.39,High,No,0,Online Wallet,True,False,False,10.25,13,2,6,Bronze,Social Media,5,-41,1526,False,0,7,80.05,10741.63,530704.4430000001,0.4230769230769231
CUST100389,50,Male,Shymkent,High,60.1,3,9698.46,462.61,49.0,Beauty,95,0.68,True,0.57,0.86,Low,10.0,2.09,Low,Yes,2,Card,True,False,False,6.79,7,15,37,Gold,App,8,-49,2332,False,0,251,94.69,9984.94,582877.446,0.2
CUST100394,50,Male,Karaganda,Low,76.97,1,9410.69,195.43,27.0,Beauty,319,0.66,True,0.6,0.56,High,2.0,2.33,High,No,5,Online Wallet,False,True,True,7.14,9,46,38,Platinum,Social Media,3,11,1990,False,Premium,58,50.29,10816.59,724340.8093000001,0.07142857142857142
CUST100403,41,Female,Shymkent,Medium,79.44,0,7366.34,404.47,17.0,Electronics,270,0.69,True,0.13,0.54,Medium,10.0,1.21,Low,Yes,4,Online Wallet,True,False,True,11.89,6,31,35,Silver,Email,0,-4,311,False,Premium,208,24.35,8775.54,585182.0496,0.5555555555555556
CUST100405,49,Male,Astana,High,87.57,1,7666.25,13.88,1.0,Groceries,245,0.5,True,0.14,0.65,Medium,6.0,2.85,High,No,9,Card,False,False,True,12.6,2,19,12,Bronze,App,6,-25,2980,False,Premium,46,22.71,15041.52,671333.5125,3.0
CUST100408,40,Male,Karaganda,High,66.1,4,9187.11,351.45,35.0,Electronics,7,0.14,False,0.93,0.01,Low,11.0,2.58,High,No,7,Online Wallet,False,False,True,6.82,0,10,36,Silver,Social Media,6,55,2497,False,0,231,64.22,18145.51,607267.971,0.3055555555555556
CUST100411,59,Male,Karaganda,Medium,71.05,5,9060.31,442.02,1.0,Clothing,280,0.39,False,0.94,0.43,Low,2.0,4.22,Medium,Yes,9,Online Wallet,True,True,False,3.54,10,8,24,Gold,Email,2,81,974,False,Basic,81,46.42,18476.62,643735.0255,1.0
CUST100426,42,Female,Astana,Medium,82.33,8,8390.11,462.39,24.0,Beauty,75,0.73,False,0.13,0.75,Medium,15.0,1.14,High,Yes,4,Cash,False,False,True,18.62,5,44,25,Bronze,App,4,-81,2383,True,0,97,68.33,15613.73,690757.7563,0.6
CUST100443,51,Female,Shymkent,Medium,77.49,0,7449.92,397.07,35.0,Electronics,306,0.85,True,0.43,0.23,Low,18.0,2.47,Low,No,1,Online Wallet,True,True,False,4.09,8,38,33,Silver,App,7,66,3231,False,Basic,240,5.1,3531.25,577294.3008,0.5
CUST100449,42,Male,Karaganda,Low,97.03,0,9587.52,155.85,32.0,Electronics,237,0.92,True,0.43,0.93,Low,12.0,3.89,Medium,No,0,Cash,False,False,True,5.77,4,1,13,Gold,Social Media,2,70,451,True,Premium,109,69.78,1179.53,930277.0656000001,0.36363636363636365
CUST100479,47,Male,Almaty,High,81.76,8,8668.38,357.3,25.0,Electronics,354,0.37,False,0.84,0.7,High,6.0,4.73,High,No,7,Card,True,False,True,8.53,7,43,0,Bronze,Email,3,54,673,True,0,11,26.99,6536.07,708726.7488,0.23076923076923078
CUST100483,45,Female,Karaganda,Medium,64.68,0,9227.42,243.7,35.0,Groceries,346,0.23,False,0.15,0.22,Medium,1.0,2.19,Low,Yes,8,Online Wallet,True,True,True,3.51,3,33,31,Silver,App,1,-27,2589,False,0,278,28.45,5607.02,596829.5256,0.027777777777777776
CUST100487,40,Female,Karaganda,Low,71.25,5,8923.77,326.75,4.0,Electronics,82,0.49,False,0.48,0.04,High,16.0,4.34,Low,No,7,Card,True,True,True,11.59,6,34,23,Silver,Social Media,7,50,1591,False,Basic,223,51.12,17831.24,635818.6125,3.2
CUST100491,18,Female,Karaganda,Low,93.51,2,7836.78,386.23,42.0,Groceries,279,0.38,True,0.15,0.11,Low,14.0,2.14,High,No,0,Card,True,True,True,3.41,9,1,37,Silver,Email,1,-100,576,True,Basic,178,24.21,8540.86,732817.2978000001,0.32558139534883723
CUST100493,51,Female,Astana,Medium,78.97,0,6555.26,313.72,30.0,Electronics,186,0.61,False,0.75,0.38,High,3.0,3.93,Low,No,1,Cash,True,False,True,7.12,11,49,3,Gold,SMS,0,88,3244,True,0,267,93.41,17965.64,517668.8822,0.0967741935483871
CUST100497,57,Female,Shymkent,Medium,74.77,2,6839.47,107.85,41.0,Clothing,138,0.91,True,0.46,0.27,Low,4.0,1.84,Medium,No,2,Card,True,False,False,1.52,11,6,16,Gold,Email,6,-7,3272,True,Premium,300,71.24,2602.71,511387.1719,0.09523809523809523
CUST100498,62,Male,Shymkent,High,89.59,9,6494.49,468.59,42.0,Groceries,275,0.72,True,0.46,0.69,Low,13.0,2.44,Low,Yes,1,Card,True,False,False,10.03,1,3,25,Bronze,App,4,13,3152,True,Premium,156,61.7,408.92,581841.3591,0.3023255813953488
CUST100507,43,Male,Karaganda,Medium,92.16,7,9222.07,389.88,6.0,Groceries,115,0.81,False,0.04,0.83,Medium,16.0,4.56,Low,No,7,Card,True,False,False,5.89,8,45,14,Gold,Email,4,48,3309,True,Basic,217,57.93,19905.96,849905.9711999999,2.2857142857142856
CUST100510,54,Female,Almaty,Medium,97.27,1,6144.76,283.24,7.0,Electronics,207,0.22,False,0.52,0.68,High,2.0,3.87,Low,Yes,1,Online Wallet,True,False,False,4.28,8,44,30,Silver,Social Media,6,56,636,True,0,107,90.45,19079.32,597700.8052,0.25
CUST100511,39,Female,Astana,High,74.39,3,9989.95,299.59,11.0,Clothing,240,0.91,True,0.37,0.4,Medium,13.0,2.37,Low,No,1,Online Wallet,True,False,False,19.61,7,41,28,Silver,Email,5,-44,249,False,0,237,99.61,16565.27,743152.3805000001,1.0833333333333333
CUST100516,64,Male,Shymkent,High,70.59,1,9427.88,481.68,3.0,Beauty,71,0.0,True,0.46,0.56,Medium,5.0,1.24,Low,Yes,3,Cash,False,True,True,8.0,2,9,36,Silver,Email,7,18,1731,True,Premium,217,28.82,9468.05,665514.0492,1.25
CUST100517,66,Female,Almaty,Medium,69.98,3,7929.35,53.84,29.0,Groceries,222,0.92,False,0.27,0.12,Low,17.0,3.12,Low,Yes,8,Card,False,True,False,13.69,4,22,22,Silver,App,4,-60,2312,True,Premium,355,42.42,3293.51,554895.9130000001,0.5666666666666667
CUST100518,47,Female,Almaty,Low,99.37,7,7792.87,120.56,8.0,Groceries,248,0.36,True,0.68,0.38,High,5.0,2.9,Low,Yes,9,Card,True,False,True,8.49,14,16,22,Bronze,SMS,3,43,3561,False,0,335,68.17,19244.41,774377.4919,0.5555555555555556
CUST100520,69,Female,Karaganda,Medium,73.78,6,7277.94,429.65,17.0,Clothing,29,0.09,True,0.28,0.17,Medium,4.0,3.62,High,Yes,7,Cash,True,False,False,7.48,6,3,11,Bronze,SMS,9,-73,533,True,Basic,194,15.28,11487.29,536966.4132,0.2222222222222222
CUST100524,43,Male,Karaganda,Low,84.06,5,6067.84,300.66,47.0,Electronics,335,0.78,True,0.37,0.77,Medium,9.0,1.97,Medium,No,9,Online Wallet,True,False,False,5.65,11,20,0,Platinum,App,7,-28,171,True,0,9,78.21,10490.58,510062.6304,0.1875
CUST100528,56,Female,Astana,Low,70.25,9,9690.17,333.39,29.0,Groceries,127,0.21,False,0.04,0.98,High,4.0,3.02,High,Yes,4,Online Wallet,True,True,True,4.14,0,44,11,Bronze,Email,3,31,2539,False,Basic,163,20.41,12741.56,680734.4425,0.13333333333333333
CUST100529,53,Female,Almaty,Medium,73.83,7,7556.26,192.5,6.0,Groceries,288,0.07,True,0.44,0.14,High,1.0,4.96,Medium,Yes,1,Card,False,False,True,12.35,0,31,21,Gold,Social Media,2,71,2826,True,Basic,79,91.13,19195.13,557878.6758,0.14285714285714285
CUST100532,54,Female,Karaganda,High,86.87,2,6814.59,375.65,2.0,Clothing,298,0.86,True,0.2,0.08,Medium,15.0,3.83,Medium,No,1,Card,False,False,False,10.87,2,4,20,Gold,SMS,4,-84,3010,True,Premium,232,87.54,13957.09,591983.4333,5.0
CUST100536,53,Male,Almaty,High,81.76,9,6148.73,98.24,30.0,Beauty,237,0.63,True,0.23,0.32,Medium,19.0,2.8,Medium,Yes,8,Card,False,False,False,4.51,10,47,19,Bronze,SMS,6,16,2777,False,Premium,261,71.43,882.85,502720.16479999997,0.6129032258064516
CUST100538,69,Female,Almaty,High,73.77,4,7305.9,93.46,1.0,Groceries,163,0.51,False,0.32,0.84,Low,0.0,4.92,Medium,Yes,1,Card,True,False,False,6.97,9,8,32,Gold,SMS,5,37,2953,True,Premium,81,42.39,11579.27,538956.2429999999,0.0
CUST100540,27,Female,Astana,Medium,92.58,0,9974.46,330.31,11.0,Beauty,212,0.31,True,0.29,0.52,Medium,15.0,1.27,Medium,No,6,Online Wallet,True,False,True,18.77,12,21,38,Bronze,Social Media,7,-79,96,True,Premium,154,27.18,18366.4,923435.5067999999,1.25
CUST100541,36,Female,Shymkent,Low,77.38,9,7938.79,225.98,7.0,Groceries,292,0.67,False,0.55,0.34,Medium,16.0,1.81,Medium,Yes,0,Card,True,True,False,14.2,7,35,31,Gold,SMS,0,-27,2367,False,0,262,53.76,15663.06,614303.5702,2.0
CUST100545,62,Male,Almaty,Medium,81.62,4,7649.42,311.59,15.0,Groceries,363,0.46,False,0.35,0.15,Low,10.0,1.16,Low,No,8,Card,False,True,True,7.17,8,17,30,Silver,App,9,61,2039,True,0,32,64.75,13271.27,624345.6604,0.625
CUST100547,33,Female,Astana,Low,63.02,3,8077.27,71.38,46.0,Clothing,56,0.84,False,0.18,0.99,Medium,1.0,2.63,High,Yes,8,Online Wallet,False,False,True,6.47,13,18,36,Silver,Email,6,-60,1645,False,0,50,66.34,18445.29,509029.55540000007,0.02127659574468085
CUST100555,37,Male,Karaganda,Medium,65.23,1,9794.2,200.49,4.0,Clothing,256,0.26,False,0.82,0.8,Low,0.0,1.46,Low,No,2,Card,False,False,True,8.64,8,15,10,Silver,Email,0,-90,165,False,0,124,43.99,14590.21,638875.6660000001,0.0
CUST100556,41,Female,Almaty,High,89.24,2,9461.32,346.67,25.0,Electronics,146,0.6,False,0.04,0.29,High,13.0,4.83,Medium,No,9,Card,True,False,True,6.56,10,24,38,Gold,App,8,1,288,True,0,169,64.61,241.98,844328.1967999999,0.5
CUST100558,67,Male,Shymkent,High,69.19,0,7963.73,244.36,12.0,Clothing,342,0.26,False,0.4,0.12,Low,13.0,1.79,Medium,Yes,5,Card,True,False,True,5.43,1,49,9,Silver,SMS,1,48,1005,False,0,293,18.52,18396.05,551010.4787,1.0
CUST100561,50,Male,Astana,Low,92.17,5,9318.65,112.09,32.0,Clothing,225,0.81,False,0.72,0.52,High,10.0,3.87,Medium,Yes,9,Card,False,False,False,12.47,5,31,16,Platinum,Social Media,2,-31,3225,False,Premium,235,13.98,1921.49,858899.9704999999,0.30303030303030304
CUST100566,20,Female,Shymkent,Medium,67.96,5,8400.26,38.58,18.0,Beauty,352,0.2,True,0.22,0.95,High,8.0,2.74,Low,Yes,6,Cash,False,False,True,9.33,3,16,6,Platinum,SMS,7,77,977,False,Basic,98,50.71,11513.52,570881.6695999999,0.42105263157894735
CUST100575,29,Male,Shymkent,High,97.43,5,8079.65,6.24,13.0,Electronics,340,0.28,False,0.57,0.83,High,12.0,2.59,Medium,Yes,2,Cash,True,False,True,15.76,4,21,16,Platinum,App,8,20,97,True,0,171,77.96,4941.69,787200.2995,0.8571428571428571
CUST100581,52,Female,Karaganda,High,79.8,8,6660.22,209.65,8.0,Electronics,246,0.12,False,0.3,0.26,Low,6.0,4.29,Low,No,5,Online Wallet,False,True,False,7.68,10,12,23,Bronze,SMS,4,91,3513,False,0,337,77.49,10927.88,531485.556,0.6666666666666666
CUST100582,40,Female,Shymkent,Medium,97.1,7,7668.07,384.84,9.0,Beauty,148,0.35,True,0.11,0.26,Low,19.0,4.66,Medium,No,0,Card,False,False,False,19.59,9,9,9,Platinum,Social Media,6,91,1186,True,Basic,172,2.37,5899.02,744569.597,1.9
CUST100584,43,Female,Karaganda,Medium,90.91,6,7732.01,475.58,37.0,Groceries,95,0.99,False,0.55,0.87,Low,9.0,1.93,High,Yes,8,Online Wallet,False,False,False,16.33,3,10,39,Gold,SMS,2,-94,1956,False,0,28,92.82,6930.37,702917.0291,0.23684210526315788
CUST100601,38,Male,Almaty,Low,53.67,9,9341.47,419.82,33.0,Electronics,5,0.3,True,0.82,0.68,Medium,7.0,3.55,Low,Yes,5,Cash,False,False,False,3.29,3,7,34,Platinum,SMS,9,-37,204,False,Basic,275,23.86,17630.81,501356.6949,0.20588235294117646
CUST100603,27,Female,Astana,High,81.0,9,9881.08,64.34,39.0,Clothing,58,0.27,True,0.11,0.64,Medium,9.0,3.98,Low,Yes,2,Card,False,True,True,4.0,11,36,8,Bronze,Email,2,82,880,False,Basic,265,21.7,5104.97,800367.48,0.225
CUST100611,53,Male,Almaty,High,89.02,0,6855.78,74.92,37.0,Beauty,192,0.14,True,0.38,0.2,High,11.0,2.34,Medium,No,2,Online Wallet,False,True,True,18.62,3,15,34,Silver,App,0,-57,2274,True,Premium,83,57.74,1456.53,610301.5356,0.2894736842105263
CUST100617,40,Female,Shymkent,High,97.51,0,8647.62,379.7,12.0,Clothing,146,0.73,True,0.39,0.49,Low,19.0,1.02,High,Yes,0,Card,False,True,False,15.31,0,49,14,Bronze,App,3,-7,895,True,0,278,33.06,4732.98,843229.4262000001,1.4615384615384615
CUST100618,49,Male,Karaganda,Medium,71.26,2,7065.96,423.13,11.0,Groceries,259,0.6,False,0.46,0.26,Low,17.0,3.28,High,No,2,Online Wallet,False,False,False,9.24,0,40,19,Platinum,App,0,-77,3296,False,Premium,357,81.1,14570.34,503520.30960000004,1.4166666666666667
CUST100621,66,Male,Astana,Low,57.15,6,9506.75,280.88,39.0,Electronics,110,0.63,True,0.75,0.43,Medium,6.0,4.91,Low,No,6,Card,False,True,False,11.23,12,26,20,Platinum,App,4,12,928,False,Premium,302,55.47,2183.74,543310.7625,0.15
CUST100626,58,Male,Almaty,High,90.76,0,6021.83,235.35,31.0,Beauty,212,0.57,True,0.49,0.69,Low,14.0,1.12,Medium,Yes,7,Online Wallet,False,True,True,3.27,0,10,6,Gold,Email,3,-99,3469,True,0,209,60.22,19763.17,546541.2908000001,0.4375
CUST100627,47,Male,Astana,Medium,99.33,5,5179.79,303.71,41.0,Groceries,102,0.94,False,0.82,0.94,Low,18.0,4.82,Low,No,4,Online Wallet,True,True,True,11.65,14,7,26,Gold,App,9,-88,1570,True,Premium,207,84.73,14774.32,514508.5407,0.42857142857142855
CUST100628,34,Male,Almaty,Low,70.93,6,7600.34,297.92,6.0,Groceries,157,0.45,True,0.79,0.42,Medium,15.0,2.05,High,Yes,8,Cash,False,True,False,2.24,5,43,3,Platinum,Email,8,85,3145,False,0,259,50.57,9295.74,539092.1162,2.142857142857143
CUST100629,66,Male,Shymkent,Low,92.78,5,8364.89,209.12,13.0,Electronics,191,0.63,True,0.33,0.04,Low,2.0,3.94,Medium,Yes,6,Online Wallet,False,True,False,13.81,11,28,13,Silver,SMS,8,-97,1311,True,Premium,228,74.63,8214.47,776094.4942,0.14285714285714285
CUST100632,42,Male,Shymkent,Medium,93.29,1,7936.14,454.34,11.0,Clothing,4,0.61,True,0.5,0.9,High,7.0,2.08,Medium,Yes,7,Online Wallet,True,True,True,8.65,14,31,32,Silver,Email,6,-26,2072,True,Basic,61,49.86,13387.49,740362.5006,0.5833333333333334
CUST100635,36,Male,Astana,Low,63.99,7,7983.86,24.98,29.0,Clothing,359,0.69,True,0.03,0.85,High,2.0,3.93,High,Yes,4,Online Wallet,True,True,False,11.66,9,45,8,Silver,Email,0,-17,3158,True,0,219,53.32,9659.01,510887.2014,0.06666666666666667
CUST100640,36,Male,Karaganda,Low,98.21,1,7136.18,85.37,18.0,Electronics,269,0.04,False,0.33,0.25,Medium,3.0,2.85,High,Yes,6,Cash,False,False,True,3.49,13,6,34,Bronze,SMS,0,-56,1542,False,Basic,248,73.75,8702.3,700844.2378,0.15789473684210525
CUST100662,59,Male,Astana,Medium,80.73,2,9935.54,312.91,10.0,Electronics,2,0.82,False,0.66,0.57,Medium,6.0,1.51,High,No,4,Card,True,True,True,13.04,7,49,11,Silver,App,0,42,2103,False,Premium,157,13.69,7698.3,802096.1442000001,0.5454545454545454
CUST100664,31,Female,Karaganda,Low,79.67,9,8740.0,435.49,13.0,Clothing,347,0.56,False,0.15,0.91,High,15.0,4.32,Medium,Yes,5,Cash,False,True,False,17.62,5,8,34,Bronze,Email,7,32,1715,True,Basic,357,50.91,16944.81,696315.8,1.0714285714285714
CUST100665,48,Female,Shymkent,Medium,56.7,9,9060.63,359.86,37.0,Beauty,105,0.44,True,0.26,0.2,Low,3.0,1.83,Low,No,4,Cash,True,True,True,14.27,7,43,24,Platinum,Social Media,4,-49,251,False,Premium,215,33.25,13679.97,513737.72099999996,0.07894736842105263
CUST100674,29,Female,Karaganda,Medium,84.47,0,8234.28,336.71,30.0,Electronics,262,0.27,False,0.12,0.67,Medium,1.0,3.3,High,No,3,Card,True,False,False,5.31,14,3,30,Silver,SMS,5,-74,3188,True,0,49,8.47,16061.38,695549.6316000001,0.03225806451612903
CUST100681,63,Male,Shymkent,Low,92.17,1,7185.83,282.44,12.0,Beauty,340,0.69,True,0.95,0.44,High,0.0,3.4,High,No,6,Card,False,True,False,13.94,1,32,26,Gold,Social Media,6,91,1688,True,Premium,359,86.73,3627.48,662317.9511,0.0
CUST100694,25,Male,Karaganda,Low,80.12,9,8556.83,64.96,41.0,Groceries,239,0.92,False,0.6,0.51,Low,2.0,4.53,High,Yes,4,Online Wallet,True,False,False,16.93,5,46,11,Platinum,App,1,-93,2222,True,Basic,20,83.54,13286.66,685573.2196000001,0.047619047619047616
CUST100706,23,Male,Shymkent,High,68.94,2,9964.83,143.41,40.0,Electronics,120,0.78,False,0.07,0.98,High,7.0,4.43,High,No,4,Cash,False,True,True,2.11,7,47,3,Bronze,Social Media,6,-94,1666,False,Basic,91,44.64,18147.61,686975.3802,0.17073170731707318
CUST100720,45,Female,Shymkent,High,87.92,7,8517.5,145.62,32.0,Beauty,202,0.6,True,0.82,0.02,Low,16.0,1.33,High,Yes,6,Cash,True,False,True,5.9,11,17,21,Platinum,SMS,5,-31,3168,False,Basic,4,57.03,16329.93,748858.6,0.48484848484848486
CUST100722,45,Female,Shymkent,High,93.44,6,9921.02,422.53,22.0,Clothing,271,0.36,True,0.83,0.91,High,12.0,1.59,High,No,7,Cash,False,False,True,4.66,14,44,35,Gold,App,5,26,2850,False,Basic,137,15.62,10260.66,927020.1088,0.5217391304347826
CUST100726,18,Male,Almaty,Medium,58.77,8,9445.27,436.81,36.0,Groceries,326,0.2,False,0.2,0.08,Low,17.0,3.15,Low,No,2,Card,False,False,True,19.17,11,26,25,Silver,SMS,0,63,3540,False,0,107,64.89,9704.78,555098.5179000001,0.4594594594594595
CUST100731,42,Female,Almaty,High,93.3,7,9359.54,197.65,24.0,Beauty,244,0.33,True,0.95,0.43,Low,14.0,1.53,Low,Yes,3,Card,False,False,False,11.04,14,14,26,Bronze,Email,8,74,2548,True,Basic,141,71.98,16138.19,873245.082,0.56
CUST100737,49,Female,Shymkent,High,82.97,3,6567.67,100.61,46.0,Clothing,131,0.72,False,0.57,0.11,High,18.0,3.19,Low,No,7,Cash,False,True,False,9.52,9,26,23,Gold,Social Media,4,-24,835,False,0,51,24.7,9017.48,544919.5799,0.3829787234042553
CUST100738,62,Male,Astana,High,94.6,9,9919.23,448.11,7.0,Groceries,170,0.9,True,0.11,0.65,High,1.0,2.09,High,No,7,Card,True,False,True,7.97,11,5,3,Gold,App,4,43,1288,True,0,305,39.07,18396.66,938359.1579999999,0.125
CUST100748,37,Male,Shymkent,Medium,74.4,8,9093.9,303.36,47.0,Electronics,37,0.75,True,0.71,0.13,Low,14.0,4.88,Medium,No,4,Cash,False,True,True,15.62,14,33,30,Gold,App,1,-30,1537,False,Premium,129,42.66,15110.13,676586.16,0.2916666666666667
CUST100750,64,Male,Almaty,Low,81.71,9,6806.84,49.08,18.0,Groceries,192,0.48,True,0.74,0.74,Medium,0.0,1.06,High,No,8,Card,True,True,False,16.24,8,24,5,Bronze,App,1,31,1651,True,Premium,73,47.46,12744.23,556186.8964,0.0
CUST100760,28,Male,Shymkent,Low,89.1,7,6195.53,440.27,16.0,Groceries,278,0.82,False,0.74,0.13,High,8.0,4.26,Medium,Yes,4,Card,True,True,True,1.53,9,46,17,Platinum,Email,2,35,3147,False,Basic,298,14.4,9824.68,552021.723,0.47058823529411764
CUST100766,55,Female,Astana,Medium,90.99,4,7014.76,111.63,2.0,Beauty,105,0.62,True,0.7,0.41,Medium,13.0,1.61,High,Yes,2,Card,True,True,False,10.58,10,38,31,Gold,Email,9,-76,3056,False,Premium,88,98.6,14216.12,638273.0124,4.333333333333333
CUST100767,29,Male,Astana,Medium,80.0,6,8620.48,296.02,5.0,Beauty,235,0.38,True,0.55,0.38,High,7.0,1.89,Medium,Yes,3,Cash,True,True,False,4.0,6,23,31,Gold,Social Media,7,33,1515,True,Basic,23,60.39,2999.09,689638.3999999999,1.1666666666666667
CUST100772,53,Male,Karaganda,High,74.97,6,8722.09,355.68,27.0,Electronics,253,0.47,True,0.43,0.16,Medium,9.0,1.22,Medium,No,0,Online Wallet,False,True,False,14.75,9,10,4,Silver,Email,9,-30,1157,True,0,47,55.55,18442.86,653895.0873,0.32142857142857145
CUST100776,45,Male,Shymkent,High,64.4,7,8887.99,213.84,31.0,Electronics,313,0.05,False,0.06,0.38,Medium,19.0,4.17,Medium,No,8,Cash,False,False,True,14.53,1,16,38,Platinum,App,4,-31,1322,True,0,164,96.76,1384.68,572386.556,0.59375
CUST100789,46,Male,Shymkent,Medium,73.38,5,9736.14,360.43,21.0,Electronics,290,0.46,True,0.81,0.49,Low,14.0,2.8,High,No,3,Online Wallet,True,False,True,12.29,3,24,7,Bronze,App,3,-75,3251,False,Premium,275,85.58,9004.39,714437.9531999999,0.6363636363636364
CUST100793,23,Female,Almaty,Low,83.7,8,9836.63,201.9,1.0,Groceries,364,0.83,False,0.5,0.64,Low,0.0,2.46,Medium,No,8,Card,True,False,True,9.94,1,16,36,Gold,App,3,42,3266,True,0,103,31.35,8952.07,823325.931,0.0
CUST100795,68,Male,Astana,Medium,97.21,1,9771.79,169.67,13.0,Clothing,73,0.46,False,0.49,0.7,Low,3.0,3.25,Medium,No,3,Online Wallet,False,True,True,14.13,12,4,32,Bronze,SMS,6,-15,1122,True,0,263,97.0,10809.54,949915.7059000001,0.21428571428571427
CUST100809,64,Male,Astana,Low,73.31,8,8837.49,102.52,44.0,Beauty,330,0.7,True,0.93,0.04,Medium,3.0,2.29,Low,Yes,7,Card,True,True,False,9.41,5,28,34,Gold,App,2,73,903,False,0,35,88.98,683.9,647876.3919,0.06666666666666667
CUST100813,43,Male,Shymkent,High,93.32,7,7803.72,377.57,9.0,Groceries,28,0.32,False,0.59,0.72,Low,12.0,2.18,Low,No,9,Online Wallet,True,True,False,2.26,5,42,15,Silver,Email,0,62,441,False,Basic,348,65.34,17047.22,728243.1503999999,1.2
CUST100830,48,Male,Almaty,Low,86.57,8,7429.97,409.41,2.0,Electronics,346,0.11,True,0.87,0.37,Medium,12.0,1.43,High,Yes,7,Card,True,True,True,11.73,14,20,27,Platinum,Email,2,85,2824,False,Premium,189,32.68,15304.21,643212.5029,4.0
CUST100831,22,Male,Shymkent,High,58.05,6,9128.24,319.67,43.0,Electronics,19,0.19,False,0.12,0.41,Medium,3.0,2.66,High,Yes,8,Cash,True,False,False,8.41,8,2,18,Platinum,Email,5,93,1635,True,Basic,331,17.69,7322.93,529894.3319999999,0.06818181818181818
CUST100837,27,Male,Astana,High,92.79,5,5742.79,209.48,3.0,Clothing,212,0.15,False,0.31,0.21,Low,8.0,3.79,Low,No,5,Cash,False,True,True,11.21,1,37,18,Bronze,SMS,1,-73,3572,False,Premium,179,48.51,9971.46,532873.4841,2.0
CUST100838,27,Female,Almaty,High,95.01,7,7429.6,301.82,31.0,Electronics,177,0.59,True,0.55,0.14,Low,9.0,1.74,High,Yes,8,Online Wallet,True,True,False,13.8,7,24,28,Gold,Social Media,4,-19,2600,False,Premium,28,6.79,6449.73,705886.2960000001,0.28125
CUST100842,31,Female,Karaganda,High,65.7,1,8409.52,35.96,33.0,Clothing,137,0.87,True,0.21,0.7,Medium,19.0,2.17,Low,Yes,0,Card,True,False,False,5.47,1,6,3,Platinum,Email,0,-69,2105,False,Premium,146,68.33,12307.93,552505.464,0.5588235294117647
CUST100843,26,Male,Shymkent,Low,82.31,5,7795.33,438.07,25.0,Beauty,347,0.42,True,0.06,0.52,Low,1.0,4.49,Low,Yes,1,Cash,True,False,False,5.17,6,38,10,Gold,Email,7,-63,3050,True,0,111,49.24,16897.58,641633.6123,0.038461538461538464
CUST100850,18,Male,Shymkent,Low,69.57,9,8275.13,120.27,17.0,Groceries,19,0.81,True,0.22,0.22,Medium,10.0,2.52,Medium,Yes,1,Online Wallet,True,True,False,14.9,9,43,38,Bronze,SMS,2,-10,763,False,Premium,309,2.87,19050.32,575700.7940999999,0.5555555555555556
CUST100854,51,Male,Shymkent,Low,70.87,1,7733.76,189.28,18.0,Groceries,303,0.69,True,0.57,0.43,High,5.0,2.61,High,No,3,Online Wallet,True,False,True,19.84,1,35,9,Gold,SMS,2,75,467,False,0,256,95.6,3173.32,548091.5712,0.2631578947368421
CUST100870,65,Male,Karaganda,High,74.18,7,9409.13,79.46,34.0,Electronics,266,0.46,True,0.67,0.86,Low,14.0,3.56,High,Yes,2,Card,True,False,True,19.83,11,1,39,Gold,Social Media,6,-85,2498,False,Basic,301,73.94,16270.47,697969.2634,0.4
CUST100883,55,Male,Almaty,High,84.54,9,8079.12,237.05,13.0,Groceries,63,0.34,True,0.2,0.18,Medium,0.0,4.89,Medium,Yes,3,Online Wallet,False,True,False,15.36,11,41,22,Bronze,Social Media,7,60,3561,True,Basic,310,93.07,1145.63,683008.8048,0.0
CUST100884,67,Female,Karaganda,High,82.09,8,8455.82,344.59,23.0,Electronics,265,0.58,True,0.89,0.11,Low,6.0,3.08,Medium,No,2,Cash,True,True,True,10.82,5,30,19,Platinum,App,4,-51,199,False,Premium,360,91.4,16890.19,694138.2638,0.25
CUST100885,51,Male,Almaty,Low,65.04,9,9584.25,488.21,29.0,Clothing,331,0.21,False,0.63,0.61,Medium,7.0,1.98,High,No,3,Cash,False,True,True,5.89,0,37,23,Silver,Social Media,9,-92,251,True,Premium,340,75.72,8175.97,623359.6200000001,0.23333333333333334
CUST100887,47,Male,Karaganda,Medium,78.77,0,6538.94,10.01,23.0,Electronics,166,0.71,False,0.72,0.45,Medium,11.0,1.52,High,Yes,4,Online Wallet,False,True,False,12.94,6,45,9,Platinum,App,0,82,1696,False,0,164,86.66,17100.85,515072.30379999994,0.4583333333333333
CUST100888,32,Male,Almaty,High,73.37,7,6968.41,468.09,3.0,Clothing,236,0.07,True,0.81,0.26,Low,16.0,3.24,High,Yes,0,Cash,True,False,True,5.36,4,30,16,Gold,Social Media,3,-29,51,True,Premium,171,6.6,11331.84,511272.2417,4.0
CUST100897,47,Female,Shymkent,High,76.96,3,9168.05,158.06,5.0,Clothing,261,0.58,True,0.36,0.79,High,12.0,3.15,High,Yes,0,Online Wallet,False,True,False,11.28,3,1,18,Platinum,SMS,2,-7,1490,True,0,322,53.8,12126.9,705573.1279999999,2.0
CUST100899,68,Female,Astana,High,99.8,9,5267.24,266.0,3.0,Electronics,336,0.94,False,0.0,0.01,High,13.0,3.67,Medium,No,7,Online Wallet,False,True,False,1.42,8,33,17,Gold,Social Media,4,-65,2704,True,0,299,93.09,14108.35,525670.5519999999,3.25
CUST100911,51,Female,Almaty,Medium,73.52,1,9162.19,43.06,37.0,Clothing,255,0.33,False,1.0,0.25,Medium,6.0,3.48,High,Yes,4,Online Wallet,False,True,False,19.95,10,47,1,Bronze,Social Media,8,-17,2893,False,Premium,216,73.47,1137.31,673604.2088,0.15789473684210525
CUST100932,49,Female,Karaganda,Low,58.14,8,9129.19,443.09,46.0,Clothing,257,0.78,True,0.08,0.68,Low,6.0,4.51,Medium,No,9,Online Wallet,False,False,True,17.04,5,46,30,Bronze,Email,0,71,530,False,0,257,92.49,6681.46,530771.1066,0.1276595744680851
CUST100933,20,Female,Shymkent,Low,72.93,5,7921.43,85.03,2.0,Electronics,55,0.91,True,0.47,0.85,Low,10.0,2.52,Medium,No,2,Card,True,False,True,19.02,11,25,7,Gold,Social Media,5,-57,3445,True,0,295,38.71,1898.15,577709.8899000001,3.3333333333333335
CUST100940,38,Male,Almaty,Medium,70.91,6,9145.39,422.95,8.0,Beauty,344,0.34,True,0.91,0.33,High,14.0,2.56,High,Yes,9,Cash,True,False,False,1.73,10,5,9,Silver,Email,9,-20,425,False,Basic,150,9.02,19746.34,648499.6048999999,1.5555555555555556
CUST100959,44,Female,Karaganda,High,67.33,5,7750.38,408.87,42.0,Clothing,290,0.57,True,0.16,0.37,High,15.0,3.36,Medium,No,2,Card,True,True,True,12.67,7,23,26,Gold,SMS,8,96,1517,False,0,234,85.59,2891.16,521833.0854,0.3488372093023256
CUST100960,26,Male,Astana,Low,81.02,9,8730.88,42.21,16.0,Beauty,231,0.56,False,0.12,0.82,High,19.0,2.79,High,Yes,7,Online Wallet,False,True,False,5.52,4,14,12,Bronze,SMS,6,-19,898,True,Basic,44,60.88,14672.5,707375.8975999999,1.1176470588235294
CUST100961,43,Male,Astana,Medium,80.7,5,7629.94,223.6,37.0,Electronics,209,0.12,False,0.24,0.79,Low,14.0,3.68,Low,No,4,Cash,False,True,False,15.08,2,1,22,Platinum,SMS,2,-75,2725,False,0,358,75.3,13924.15,615736.1579999999,0.3684210526315789
CUST100988,31,Male,Shymkent,High,72.53,6,7806.65,262.57,16.0,Clothing,128,0.13,True,0.77,0.64,Low,11.0,2.55,Low,No,0,Online Wallet,False,True,True,6.24,1,18,5,Platinum,Email,3,0,3443,True,Premium,33,20.34,5987.21,566216.3245,0.6470588235294118
CUST100991,20,Female,Astana,High,84.13,2,9432.05,438.66,41.0,Groceries,111,0.87,False,0.64,0.39,Low,10.0,3.22,Medium,No,9,Online Wallet,True,False,True,6.18,6,22,33,Gold,Email,8,-98,2367,True,0,82,15.52,1237.83,793518.3664999999,0.23809523809523808
CUST100996,64,Male,Karaganda,Low,89.29,4,6270.12,234.66,42.0,Groceries,332,0.96,True,0.91,0.07,Medium,11.0,1.86,High,Yes,8,Online Wallet,True,True,True,2.49,13,11,16,Bronze,App,4,25,303,True,0,274,99.25,11809.45,559859.0148,0.2558139534883721
CUST101022,62,Male,Astana,High,83.21,2,6575.91,331.18,21.0,Clothing,200,0.47,False,0.18,0.05,Medium,11.0,1.47,Low,No,7,Online Wallet,False,True,False,15.84,12,3,28,Gold,App,4,-42,3103,False,0,140,95.8,4864.5,547181.4711,0.5
CUST101027,39,Male,Karaganda,High,76.2,8,7785.18,94.23,15.0,Clothing,185,0.92,True,0.76,0.69,Low,1.0,2.27,Low,No,1,Cash,True,True,True,7.15,6,8,16,Silver,Social Media,9,55,2722,True,Basic,106,50.11,12678.06,593230.716,0.0625
CUST101028,51,Female,Shymkent,High,83.05,4,8702.7,388.82,8.0,Beauty,94,0.26,False,0.49,0.8,High,2.0,2.88,Medium,No,2,Card,False,False,True,18.78,6,8,13,Bronze,SMS,8,-5,2549,True,Basic,179,14.34,7475.66,722759.235,0.2222222222222222
CUST101035,59,Female,Karaganda,High,70.11,3,9359.51,203.79,8.0,Clothing,112,0.19,True,0.36,0.42,High,3.0,1.84,Low,No,6,Online Wallet,True,True,False,19.48,0,19,31,Platinum,Email,5,-32,1737,False,Premium,300,24.13,19009.76,656195.2461,0.3333333333333333
CUST101044,54,Male,Shymkent,High,63.35,6,9807.51,215.4,40.0,Groceries,209,0.19,False,0.01,0.48,High,3.0,2.9,High,Yes,7,Card,True,True,False,9.68,14,0,13,Silver,Email,0,-63,1576,False,0,102,43.06,471.2,621305.7585,0.07317073170731707
CUST101051,21,Female,Karaganda,High,96.04,4,7240.64,402.15,26.0,Groceries,87,0.99,True,0.99,0.87,Low,15.0,1.29,Medium,Yes,3,Online Wallet,True,False,True,11.51,7,42,8,Platinum,Email,7,-61,1503,False,0,166,44.19,2801.73,695391.0656000001,0.5555555555555556
CUST101056,41,Male,Shymkent,Low,62.59,6,9780.06,65.91,24.0,Groceries,108,0.76,False,0.5,0.79,Low,11.0,4.74,Low,Yes,5,Card,True,True,False,15.67,13,9,39,Gold,Social Media,5,-27,3483,True,Basic,36,35.14,9244.32,612133.9554,0.44
CUST101061,57,Female,Almaty,Medium,95.01,6,9337.65,170.92,40.0,Clothing,19,0.12,True,0.07,0.42,High,0.0,1.83,Medium,No,7,Cash,True,False,False,6.48,4,10,14,Silver,Social Media,9,-45,594,False,Basic,158,93.93,16287.41,887170.1265,0.0
CUST101065,48,Female,Shymkent,Low,81.8,7,7926.81,22.25,10.0,Beauty,31,0.86,False,0.23,0.22,Low,19.0,3.03,Low,No,8,Card,False,False,False,1.2,3,35,37,Silver,SMS,5,-2,545,True,Basic,261,40.41,19400.46,648413.058,1.7272727272727273
CUST101073,23,Female,Shymkent,High,92.05,9,9434.05,137.31,5.0,Groceries,219,0.59,False,0.45,0.18,Low,14.0,3.48,Medium,Yes,0,Card,False,True,False,1.68,6,16,3,Platinum,SMS,0,-99,384,False,0,233,81.85,3745.04,868404.3024999999,2.3333333333333335
CUST101079,32,Female,Astana,High,90.9,6,5590.49,486.93,5.0,Clothing,44,0.21,True,0.8,0.8,Low,12.0,1.04,Medium,Yes,0,Cash,False,True,True,10.09,6,39,35,Bronze,App,8,-100,1161,False,Premium,238,42.19,17417.76,508175.541,2.0
CUST101087,23,Male,Almaty,High,60.84,0,9322.61,377.82,45.0,Beauty,167,0.52,True,0.8,0.93,High,11.0,4.26,High,Yes,7,Card,False,True,True,17.85,3,2,35,Bronze,Email,7,75,2372,True,Basic,36,38.25,8479.58,567187.5924000001,0.2391304347826087
CUST101088,43,Male,Karaganda,Medium,89.89,6,6926.53,339.01,12.0,Electronics,254,0.32,True,0.18,0.29,High,17.0,1.88,Medium,Yes,2,Online Wallet,False,False,False,12.13,8,16,11,Gold,Email,3,10,3642,False,Basic,43,3.7,19986.82,622625.7816999999,1.3076923076923077
CUST101091,37,Female,Shymkent,Medium,85.95,8,8044.07,210.23,6.0,Groceries,213,0.89,True,0.14,0.76,Low,13.0,3.55,High,Yes,4,Card,False,True,False,9.83,6,2,20,Gold,Social Media,0,70,1719,True,Premium,346,77.33,4411.47,691387.8165,1.8571428571428572
CUST101105,60,Male,Shymkent,Medium,85.91,0,8933.19,210.03,31.0,Beauty,187,0.89,True,0.42,0.42,High,5.0,1.68,Low,Yes,9,Card,False,False,True,15.45,10,37,22,Gold,SMS,6,-87,929,False,Premium,65,3.26,6581.84,767450.3529,0.15625
CUST101137,28,Male,Shymkent,High,70.53,8,8011.61,321.13,49.0,Beauty,66,0.21,False,0.73,0.89,Low,6.0,1.69,Low,No,7,Online Wallet,False,False,False,6.94,13,7,7,Platinum,App,6,83,1350,True,0,11,20.62,6397.76,565058.8533,0.12
CUST101142,52,Male,Karaganda,Medium,99.71,2,7928.03,282.39,16.0,Beauty,2,0.58,True,0.84,0.05,Low,13.0,4.24,Low,Yes,1,Cash,True,True,False,15.96,8,0,18,Silver,App,0,0,753,False,0,204,10.15,5228.19,790503.8712999999,0.7647058823529411
CUST101145,39,Female,Astana,High,69.09,7,8231.87,399.18,49.0,Beauty,36,0.35,True,0.1,0.98,Low,17.0,3.39,Low,Yes,1,Card,True,True,True,18.08,5,19,27,Platinum,Social Media,9,-26,1002,False,Premium,108,72.81,398.45,568739.8983000001,0.34
CUST101146,46,Female,Karaganda,Low,60.96,9,9742.19,102.16,16.0,Electronics,353,0.83,True,0.17,0.65,Medium,4.0,1.24,High,No,3,Cash,False,True,False,1.97,6,20,10,Bronze,Email,5,45,1806,True,Basic,230,45.92,11051.32,593883.9024,0.23529411764705882
CUST101147,25,Male,Shymkent,Medium,99.98,9,9707.62,340.36,30.0,Groceries,338,0.56,False,0.18,0.13,Medium,17.0,3.48,High,No,8,Cash,False,False,False,11.22,12,15,10,Gold,Email,2,9,3271,False,Premium,299,29.05,17131.46,970567.8476000001,0.5483870967741935
CUST101148,28,Male,Shymkent,High,80.21,2,9810.49,465.6,33.0,Beauty,218,0.76,False,0.65,0.73,Low,2.0,2.73,High,Yes,5,Cash,True,True,False,10.9,8,18,29,Bronze,SMS,6,97,1079,True,Premium,290,25.9,4269.55,786899.4028999999,0.058823529411764705
CUST101156,22,Female,Astana,Medium,84.81,1,7175.64,202.66,38.0,Electronics,159,0.58,False,0.27,0.13,High,12.0,4.5,Medium,Yes,1,Online Wallet,True,False,True,9.58,12,17,25,Bronze,Email,7,-36,373,True,Basic,348,42.51,635.3,608566.0284000001,0.3076923076923077
CUST101159,43,Female,Shymkent,High,80.59,7,6559.36,388.68,7.0,Beauty,291,0.41,False,0.32,0.13,High,5.0,1.96,Low,Yes,0,Online Wallet,False,False,True,11.8,2,4,32,Silver,Social Media,7,74,1785,False,0,150,19.29,10361.01,528618.8224,0.625
CUST101162,62,Female,Astana,Medium,87.36,1,6103.06,356.09,26.0,Beauty,45,0.76,False,0.74,0.5,Low,1.0,4.32,High,Yes,2,Card,False,False,True,15.5,4,0,37,Silver,Email,2,87,51,True,0,214,14.92,4989.79,533163.3216,0.037037037037037035
CUST101166,57,Male,Karaganda,High,71.75,6,8463.13,327.16,42.0,Beauty,26,0.65,True,0.13,0.69,High,4.0,3.23,High,Yes,1,Online Wallet,False,False,True,16.89,0,30,13,Bronze,SMS,7,19,1370,True,0,5,24.5,3303.71,607229.5774999999,0.09302325581395349
CUST101170,31,Female,Karaganda,High,72.13,5,7525.39,430.8,29.0,Clothing,24,0.33,True,0.04,0.5,Medium,3.0,3.0,High,Yes,1,Cash,False,False,True,8.89,5,3,1,Platinum,Social Media,1,-56,938,True,Basic,63,39.15,4857.23,542806.3807,0.1
CUST101173,55,Male,Almaty,High,64.95,6,7974.73,116.49,21.0,Electronics,281,0.6,False,0.04,0.12,Low,16.0,2.81,Low,Yes,5,Online Wallet,False,False,True,3.92,6,13,31,Gold,SMS,9,-27,261,False,Premium,333,39.96,4208.3,517958.7135,0.7272727272727273
CUST101175,40,Male,Almaty,Medium,90.14,5,8832.84,72.52,4.0,Beauty,163,0.33,True,0.61,0.03,Low,6.0,1.7,Low,No,2,Online Wallet,False,True,True,5.97,10,20,16,Platinum,App,4,-64,2014,True,0,20,44.18,2378.45,796192.1976000001,1.2
CUST101180,50,Male,Almaty,Low,64.5,6,8064.1,319.44,39.0,Beauty,193,0.84,True,0.44,0.32,Low,18.0,1.46,Low,Yes,0,Cash,True,False,True,13.24,14,22,0,Silver,Email,0,-16,767,True,Premium,261,51.18,5948.63,520134.45,0.45
CUST101184,57,Male,Almaty,High,89.4,5,8240.45,442.61,16.0,Electronics,243,0.08,True,0.27,0.13,Low,3.0,1.01,High,Yes,9,Cash,False,False,True,17.81,0,25,15,Silver,Email,0,45,1477,True,Premium,118,32.56,3331.36,736696.2300000001,0.17647058823529413
CUST101190,23,Female,Karaganda,High,89.1,6,6490.77,216.35,47.0,Beauty,296,0.14,False,0.87,0.23,High,0.0,2.66,Low,Yes,4,Card,True,True,True,18.89,8,33,36,Platinum,Social Media,4,43,374,True,0,56,74.23,18958.88,578327.607,0.0
CUST101216,22,Female,Shymkent,Low,91.59,2,9189.97,67.3,4.0,Groceries,57,0.2,True,0.13,0.31,High,15.0,4.88,High,No,8,Cash,False,False,False,9.41,10,44,3,Silver,Email,1,88,1545,True,Premium,66,29.76,706.55,841709.3523,3.0
CUST101237,44,Male,Karaganda,Medium,73.01,3,9654.03,229.59,10.0,Electronics,0,0.04,False,0.94,0.67,Medium,15.0,2.63,Low,Yes,6,Online Wallet,True,False,True,10.21,3,18,20,Gold,Email,3,99,2953,True,0,221,97.16,6871.83,704840.7303,1.3636363636363635
CUST101245,44,Female,Almaty,High,99.6,4,5130.9,131.08,31.0,Clothing,84,0.6,True,0.54,0.42,Low,6.0,3.44,Medium,No,6,Cash,False,True,False,16.95,7,17,28,Silver,SMS,3,65,610,False,Basic,273,11.61,10844.74,511037.63999999996,0.1875
CUST101247,37,Female,Shymkent,Low,88.85,9,7841.64,420.07,15.0,Clothing,228,0.41,True,0.24,0.37,Medium,8.0,1.65,Low,No,9,Cash,False,True,False,5.16,6,46,22,Bronze,App,9,97,531,False,0,270,32.73,11402.15,696729.714,0.5
CUST101250,57,Male,Karaganda,High,85.42,6,6201.74,228.17,44.0,Groceries,242,0.42,False,0.68,0.51,Medium,0.0,4.03,Medium,No,5,Online Wallet,True,True,False,3.28,13,32,10,Silver,Email,8,72,482,False,Premium,178,10.32,19016.77,529752.6308,0.0
CUST101251,55,Female,Almaty,Low,60.58,1,9837.64,434.91,14.0,Electronics,96,0.06,True,0.03,0.21,High,3.0,2.06,High,No,8,Online Wallet,False,False,False,10.95,6,46,38,Platinum,SMS,4,52,1602,True,Basic,23,44.54,14629.76,595964.2311999999,0.2
CUST101259,29,Female,Shymkent,Medium,56.48,7,9506.97,74.11,20.0,Electronics,320,0.16,True,0.12,0.86,Low,18.0,2.81,Low,No,7,Online Wallet,False,True,True,11.76,10,38,37,Platinum,Email,4,18,675,False,Premium,360,58.94,10894.56,536953.6656,0.8571428571428571
CUST101260,43,Female,Almaty,Low,80.48,9,6307.58,460.09,18.0,Groceries,3,0.56,False,0.08,0.11,Medium,11.0,2.78,Medium,Yes,6,Cash,True,True,False,8.93,12,35,22,Silver,Email,7,-71,597,True,Basic,27,98.72,12237.79,507634.0384,0.5789473684210527
CUST101263,35,Female,Shymkent,High,95.31,5,9400.42,490.5,12.0,Groceries,147,0.47,False,0.27,0.72,Medium,5.0,4.75,High,Yes,2,Cash,True,False,True,15.37,12,37,21,Bronze,App,3,-43,693,False,Basic,208,20.45,19881.01,895954.0302,0.38461538461538464
CUST101279,45,Female,Astana,Medium,96.45,4,6712.16,109.62,28.0,Groceries,117,0.13,False,0.09,0.14,High,9.0,3.56,High,Yes,4,Online Wallet,False,False,False,15.87,8,28,31,Platinum,App,2,-20,2677,False,Premium,323,90.03,12507.14,647387.832,0.3103448275862069
CUST101280,48,Female,Shymkent,Low,83.08,2,7481.88,246.58,11.0,Groceries,188,0.72,True,0.78,0.19,Medium,1.0,1.92,High,Yes,7,Online Wallet,True,False,True,19.45,7,11,6,Bronze,Email,1,-46,71,True,Premium,68,92.24,9425.14,621594.5904,0.08333333333333333
CUST101285,57,Female,Almaty,Low,83.71,9,7023.97,356.56,15.0,Beauty,121,0.89,False,0.05,0.39,High,3.0,3.79,High,Yes,0,Cash,False,False,False,2.63,1,15,27,Gold,SMS,4,51,2501,False,Basic,291,44.89,4077.03,587976.5287,0.1875
CUST101286,58,Male,Almaty,Low,97.6,0,5621.11,454.85,7.0,Beauty,310,0.45,False,0.47,0.09,High,16.0,1.93,Medium,Yes,7,Online Wallet,False,False,False,6.2,0,32,32,Platinum,SMS,6,-81,3570,False,Premium,45,95.56,9563.24,548620.3359999999,2.0
CUST101288,28,Male,Astana,High,81.39,3,6868.42,280.35,3.0,Clothing,61,0.82,True,0.62,0.52,Low,2.0,3.74,Medium,Yes,2,Card,False,True,True,9.79,14,14,7,Platinum,Social Media,6,-42,239,True,Premium,45,99.86,14477.51,559020.7038,0.5
CUST101292,54,Male,Karaganda,Medium,73.37,0,7735.41,454.04,20.0,Clothing,202,0.31,False,0.08,0.19,Low,19.0,3.81,Medium,Yes,3,Card,True,True,True,8.83,9,1,11,Silver,SMS,9,-100,1726,False,0,302,13.93,7370.32,567547.0317,0.9047619047619048
CUST101296,53,Female,Astana,Low,64.83,9,8715.08,328.14,30.0,Clothing,135,0.63,True,0.59,0.15,High,16.0,4.33,Low,No,7,Card,True,False,False,10.35,14,45,33,Gold,Social Media,9,-84,2108,False,Premium,199,34.21,5775.39,564998.6364,0.5161290322580645
CUST101297,40,Female,Shymkent,High,70.2,5,9646.69,133.98,26.0,Groceries,296,0.06,True,0.14,0.08,Low,13.0,2.17,Low,Yes,7,Cash,True,False,False,14.66,0,46,31,Silver,SMS,0,29,3452,False,Basic,40,42.21,16146.44,677197.638,0.48148148148148145
CUST101300,57,Male,Karaganda,Low,84.45,2,9382.84,251.5,42.0,Clothing,258,0.42,True,0.82,0.64,Medium,16.0,2.37,High,Yes,4,Online Wallet,False,True,True,11.02,14,4,34,Bronze,SMS,4,-61,2915,True,0,110,26.32,4350.12,792380.838,0.37209302325581395
CUST101307,69,Male,Astana,Low,61.93,5,9874.14,157.35,23.0,Electronics,8,0.46,False,0.25,0.34,Low,2.0,3.18,High,No,4,Online Wallet,False,False,True,5.82,13,47,20,Bronze,Social Media,3,-36,3579,False,Basic,57,73.4,8598.67,611505.4902,0.08333333333333333
CUST101316,19,Male,Karaganda,Low,92.0,0,5756.88,71.75,34.0,Clothing,218,0.9,True,0.88,0.98,Medium,1.0,4.25,Low,No,1,Cash,True,True,False,1.44,13,35,10,Bronze,SMS,9,83,1696,True,0,345,0.78,16028.39,529632.96,0.02857142857142857
CUST101324,61,Male,Karaganda,Medium,87.0,0,6400.49,52.97,6.0,Beauty,22,0.01,True,0.15,0.98,Medium,18.0,1.5,Low,No,0,Card,False,True,True,1.54,3,22,37,Gold,Social Media,7,-27,1558,True,0,82,86.98,8138.94,556842.63,2.5714285714285716
CUST101326,41,Female,Karaganda,Low,88.73,4,8666.52,309.66,13.0,Clothing,315,0.79,False,0.18,0.48,High,6.0,1.0,Low,No,8,Online Wallet,True,True,False,14.02,5,10,35,Platinum,App,7,-80,577,False,Premium,71,1.38,15023.78,768980.3196,0.42857142857142855
CUST101334,46,Female,Almaty,High,73.38,2,8052.82,341.18,4.0,Electronics,17,0.37,True,0.0,0.43,Medium,2.0,1.5,Medium,Yes,9,Card,True,False,False,17.72,3,34,15,Platinum,App,6,60,3189,True,Premium,155,62.39,17832.84,590915.9315999999,0.4
CUST101343,34,Male,Shymkent,Low,93.48,0,7890.46,428.18,34.0,Clothing,118,0.07,True,0.13,0.21,Low,1.0,4.76,Medium,No,6,Cash,False,False,False,5.8,5,36,18,Bronze,Email,4,-50,3531,True,Basic,193,85.92,15630.19,737600.2008,0.02857142857142857
CUST101351,66,Male,Astana,High,88.28,4,9695.48,253.07,32.0,Clothing,175,0.8,False,0.45,0.89,Low,12.0,1.8,Medium,No,6,Cash,False,False,False,8.16,1,1,31,Silver,Social Media,3,41,2710,False,Basic,20,95.14,3277.63,855916.9744,0.36363636363636365
CUST101357,40,Female,Astana,Medium,89.82,6,9742.37,97.97,22.0,Electronics,329,0.58,False,0.63,0.43,High,7.0,1.13,High,No,5,Online Wallet,False,False,False,19.95,0,41,6,Platinum,App,7,93,1443,False,Premium,351,28.71,6412.91,875059.6734,0.30434782608695654
CUST101361,47,Male,Shymkent,High,91.54,4,9521.64,459.62,15.0,Electronics,269,0.08,True,0.72,0.4,Low,17.0,3.78,Medium,No,6,Card,True,True,True,16.69,2,18,19,Platinum,SMS,3,-50,539,False,0,195,89.76,7151.85,871610.9256,1.0625
CUST101362,46,Male,Karaganda,High,90.24,0,6317.76,432.28,45.0,Clothing,255,0.2,False,0.7,0.41,Medium,19.0,3.34,High,Yes,0,Online Wallet,False,False,False,15.27,10,24,39,Gold,Email,3,-47,2734,False,Basic,41,73.36,891.12,570114.6624,0.41304347826086957
CUST101369,36,Female,Astana,Medium,85.11,0,7884.27,425.36,25.0,Beauty,44,0.97,True,0.02,0.14,High,12.0,3.64,High,Yes,6,Online Wallet,True,False,False,11.23,2,29,2,Gold,Social Media,5,-87,944,True,Premium,164,29.26,943.72,671030.2197,0.46153846153846156
CUST101375,67,Female,Karaganda,High,57.81,0,9172.1,216.58,9.0,Clothing,193,0.16,False,0.43,0.37,Medium,2.0,2.83,Medium,Yes,3,Cash,False,True,True,14.45,6,8,30,Silver,SMS,6,-76,363,False,Premium,349,32.98,8973.73,530239.101,0.2
CUST101378,66,Male,Shymkent,Medium,83.48,3,6322.93,163.09,7.0,Beauty,125,0.02,True,0.9,0.78,High,7.0,1.83,Medium,Yes,5,Online Wallet,False,False,False,17.09,3,24,2,Bronze,App,2,-63,3323,True,Premium,335,52.08,6071.63,527838.1964,0.875
CUST101393,63,Male,Karaganda,High,88.45,3,6442.0,394.43,39.0,Beauty,170,0.37,True,0.31,0.41,High,8.0,4.77,Medium,Yes,9,Cash,False,False,False,6.94,13,3,18,Platinum,SMS,3,-56,1744,True,Basic,272,19.61,3720.33,569794.9,0.2
CUST101397,45,Female,Almaty,Medium,58.33,3,9917.6,489.56,46.0,Electronics,222,0.31,False,0.43,0.4,High,4.0,4.43,High,No,8,Cash,False,True,False,17.7,4,49,12,Silver,SMS,8,-63,2946,True,0,13,24.16,14707.47,578493.608,0.0851063829787234
CUST101401,46,Male,Almaty,Low,55.94,7,9124.6,57.31,22.0,Beauty,189,0.91,False,0.74,0.45,High,0.0,3.88,High,No,4,Cash,True,False,True,11.12,9,43,11,Bronze,Social Media,3,-30,429,True,Basic,297,14.29,16126.34,510430.124,0.0
CUST101406,40,Female,Karaganda,High,58.44,7,9292.88,420.08,49.0,Electronics,65,0.04,True,0.02,0.19,Medium,0.0,2.29,Medium,Yes,4,Cash,True,False,True,19.06,0,16,16,Platinum,Social Media,2,39,3110,False,Premium,157,58.91,11021.62,543075.9071999999,0.0
CUST101415,25,Female,Almaty,Medium,82.96,7,7549.78,310.1,31.0,Clothing,174,0.03,True,0.06,0.37,High,14.0,1.68,Medium,Yes,9,Cash,False,False,True,10.87,7,34,14,Silver,Social Media,1,43,2267,False,0,72,16.83,15598.36,626329.7488,0.4375
CUST101416,51,Female,Almaty,Medium,70.12,4,8468.44,79.27,2.0,Electronics,159,0.0,False,0.1,0.32,Low,13.0,2.39,High,Yes,9,Online Wallet,True,False,True,15.8,9,41,29,Gold,SMS,6,-43,3439,False,Premium,227,32.85,5794.29,593807.0128,4.333333333333333
CUST101418,49,Male,Karaganda,Medium,93.54,3,9569.61,420.4,32.0,Clothing,161,0.15,False,0.99,0.03,Low,3.0,1.17,Low,No,1,Card,False,False,True,11.68,0,27,11,Silver,Social Media,5,-72,941,True,Basic,16,83.72,213.73,895141.3194000002,0.09090909090909091
CUST101422,63,Male,Shymkent,High,59.5,5,9820.93,64.56,14.0,Electronics,35,0.39,True,0.96,0.94,Medium,10.0,3.88,Medium,No,3,Online Wallet,False,True,False,19.06,11,21,22,Platinum,App,0,48,741,False,Basic,227,58.75,13056.72,584345.335,0.6666666666666666
CUST101426,69,Male,Astana,Low,96.66,9,8476.42,32.38,34.0,Clothing,264,0.45,True,0.97,0.88,High,10.0,3.0,Medium,No,5,Card,False,False,True,19.99,1,47,19,Silver,SMS,3,-31,1401,False,0,222,85.84,3187.23,819330.7572,0.2857142857142857
CUST101430,48,Female,Astana,High,58.82,4,9336.94,84.46,12.0,Electronics,45,0.15,False,0.07,0.67,Medium,0.0,1.61,Low,Yes,6,Card,False,True,False,4.89,3,19,1,Platinum,Email,6,20,1032,True,Premium,202,23.48,7533.52,549198.8108,0.0
CUST101431,65,Female,Astana,Medium,94.85,4,8330.15,246.05,24.0,Beauty,104,0.6,False,0.14,0.53,High,4.0,4.59,High,Yes,1,Cash,True,True,False,1.42,7,2,10,Silver,Social Media,8,43,3294,True,Premium,40,23.37,14867.09,790114.7274999999,0.16
CUST101434,27,Male,Almaty,Medium,93.91,2,8370.94,282.41,10.0,Electronics,29,0.84,False,0.0,0.57,Low,0.0,2.36,Medium,Yes,3,Online Wallet,True,False,True,14.61,5,13,33,Silver,App,6,17,3408,False,Basic,205,78.8,5493.24,786114.9754,0.0
CUST101436,50,Male,Karaganda,Medium,97.91,4,7338.76,345.39,36.0,Groceries,31,0.29,True,0.66,0.71,Medium,18.0,4.49,High,No,4,Online Wallet,True,False,True,8.49,5,14,38,Platinum,SMS,9,97,465,False,Premium,261,44.14,10147.75,718537.9916,0.4864864864864865
CUST101443,46,Female,Shymkent,High,88.93,0,6227.29,382.4,22.0,Beauty,97,0.41,True,0.8,0.13,High,17.0,3.84,Medium,No,4,Online Wallet,False,True,True,10.78,8,23,30,Gold,App,7,14,293,False,Premium,297,2.97,10436.29,553792.8997000001,0.7391304347826086
CUST101446,18,Male,Karaganda,High,74.7,2,9556.42,209.52,44.0,Electronics,359,0.83,False,0.08,0.55,Medium,8.0,2.0,High,No,1,Online Wallet,False,True,True,1.38,9,8,10,Gold,Email,7,-4,2624,False,Basic,62,71.06,3446.45,713864.574,0.17777777777777778
CUST101456,37,Male,Almaty,High,86.85,8,7059.79,336.56,19.0,Clothing,164,0.2,True,0.7,0.37,High,1.0,1.95,Low,Yes,5,Card,False,True,False,5.59,12,17,4,Platinum,Email,0,-13,1766,True,Basic,35,81.62,6869.56,613142.7614999999,0.05
CUST101458,54,Female,Karaganda,Medium,79.55,1,8204.03,141.54,49.0,Beauty,160,0.93,False,0.74,0.88,Low,11.0,2.75,High,No,2,Online Wallet,True,False,True,8.99,6,33,2,Silver,App,7,-47,1693,True,Premium,199,30.78,12144.41,652630.5865,0.22
CUST101461,26,Male,Almaty,Medium,75.74,9,6698.0,449.55,35.0,Groceries,126,0.99,False,0.2,0.0,Medium,0.0,3.08,Low,No,9,Online Wallet,False,False,False,5.0,14,17,26,Platinum,App,7,13,2293,True,0,281,10.35,8843.63,507306.51999999996,0.0
CUST101462,51,Male,Astana,High,79.33,7,9264.53,438.04,39.0,Groceries,250,0.95,False,0.68,0.18,High,10.0,3.35,Medium,No,3,Online Wallet,False,False,True,17.09,14,6,14,Silver,SMS,5,28,1913,True,Basic,87,98.35,1283.9,734955.1649000001,0.25
CUST101470,27,Female,Karaganda,High,91.28,5,7650.27,413.22,22.0,Beauty,234,0.54,False,0.8,0.73,High,14.0,4.34,Medium,Yes,8,Online Wallet,False,True,True,16.26,7,33,18,Silver,App,5,-83,3083,False,0,7,86.59,12063.75,698316.6456,0.6086956521739131
CUST101476,67,Female,Karaganda,Medium,72.37,0,9365.13,221.17,46.0,Clothing,142,0.26,True,0.72,0.33,Medium,19.0,4.24,High,Yes,2,Card,False,True,True,12.41,0,12,22,Silver,Email,3,40,771,False,Premium,114,18.53,905.55,677754.4580999999,0.40425531914893614
CUST101477,68,Female,Karaganda,High,92.09,9,8842.36,73.73,49.0,Beauty,15,1.0,True,0.13,0.79,Low,3.0,2.88,High,Yes,4,Cash,False,False,True,8.31,3,13,34,Platinum,Social Media,4,-40,2254,True,0,1,47.6,577.26,814292.9324,0.06
CUST101481,57,Male,Shymkent,Medium,78.58,3,8520.86,5.06,31.0,Beauty,153,0.5,False,0.74,0.58,High,19.0,2.28,High,Yes,9,Cash,False,False,False,19.5,4,18,17,Bronze,App,0,72,3384,True,Premium,252,1.07,3438.84,669569.1788,0.59375
CUST101486,26,Male,Astana,Low,71.34,0,8106.85,140.47,7.0,Clothing,181,0.8,False,0.02,0.3,High,5.0,4.07,Medium,No,0,Online Wallet,True,False,False,8.63,8,41,35,Gold,App,4,17,1543,True,Premium,126,97.15,6733.83,578342.679,0.625
CUST101491,43,Male,Astana,High,88.07,1,5956.61,454.07,21.0,Groceries,163,1.0,False,0.98,0.18,Low,14.0,2.67,Low,No,6,Card,False,False,False,16.64,14,29,25,Platinum,SMS,0,78,956,True,Basic,247,40.42,10417.31,524598.6427,0.6363636363636364
CUST101496,54,Male,Almaty,Medium,58.76,5,9606.97,451.93,31.0,Electronics,306,0.49,True,0.49,0.42,Medium,10.0,2.53,High,No,2,Cash,True,False,False,8.32,9,30,18,Gold,Email,5,-40,589,True,Basic,35,31.48,16048.7,564505.5571999999,0.3125
CUST101498,23,Female,Almaty,High,91.59,1,8521.9,163.8,41.0,Electronics,303,0.25,False,0.73,0.68,Low,8.0,1.71,High,Yes,0,Online Wallet,False,True,False,12.67,14,10,16,Silver,Social Media,1,48,272,True,Basic,215,20.26,12242.55,780520.821,0.19047619047619047
CUST101507,54,Female,Astana,High,80.26,4,6734.26,459.53,40.0,Beauty,35,0.17,True,0.85,0.31,High,3.0,4.99,Low,Yes,8,Card,True,True,False,2.6,1,42,15,Platinum,SMS,7,11,1223,True,Basic,177,99.11,16528.82,540491.7076000001,0.07317073170731707
CUST101509,55,Male,Karaganda,Medium,98.09,3,8079.79,439.07,14.0,Beauty,350,0.28,False,0.33,0.5,Low,12.0,3.44,Low,Yes,1,Online Wallet,False,False,True,11.52,11,25,33,Gold,Social Media,7,66,822,True,0,76,34.9,8738.74,792546.6011,0.8
CUST101513,39,Male,Karaganda,Medium,76.89,6,9427.26,310.54,29.0,Beauty,156,0.63,False,0.87,0.04,Low,0.0,2.52,Low,Yes,8,Card,True,True,True,4.46,4,16,17,Silver,Email,1,82,1587,False,Basic,142,76.14,2008.62,724862.0214,0.0
CUST101521,29,Female,Shymkent,High,99.44,8,7293.51,123.48,36.0,Clothing,56,0.34,False,0.79,0.11,Low,18.0,3.01,Medium,No,7,Card,False,False,False,6.89,9,19,34,Bronze,SMS,7,-59,3238,True,Basic,362,41.22,4228.05,725266.6344,0.4864864864864865
CUST101523,24,Female,Astana,High,76.08,5,8236.86,498.35,12.0,Electronics,78,0.29,True,0.73,0.12,Medium,9.0,1.44,Low,Yes,0,Cash,True,True,False,15.95,0,20,8,Platinum,App,6,-55,1188,False,0,187,88.81,11131.77,626660.3088,0.6923076923076923
CUST101534,68,Male,Almaty,High,97.95,9,6358.86,120.54,20.0,Groceries,284,0.37,True,0.15,0.42,Low,9.0,4.65,Medium,No,2,Online Wallet,True,True,False,7.37,1,36,10,Platinum,Email,8,66,2081,False,0,297,2.89,18218.88,622850.3369999999,0.42857142857142855
CUST101535,53,Female,Shymkent,Medium,67.78,9,7800.04,168.06,36.0,Beauty,136,0.95,False,0.92,0.35,Medium,8.0,4.97,Low,Yes,9,Online Wallet,True,False,True,7.61,9,21,22,Silver,Social Media,4,26,1669,False,Basic,57,90.04,18516.74,528686.7112,0.21621621621621623
CUST101536,68,Male,Shymkent,Medium,90.15,6,9253.59,469.41,41.0,Electronics,48,0.34,False,0.78,0.85,High,7.0,2.52,High,Yes,3,Card,True,False,False,11.28,3,26,7,Platinum,Email,3,26,2988,False,0,216,0.73,13007.35,834211.1385000001,0.16666666666666666
CUST101542,28,Female,Karaganda,Medium,90.35,7,6444.06,168.45,37.0,Electronics,192,0.3,False,0.4,0.39,High,9.0,2.3,Low,No,5,Cash,False,False,True,1.55,14,12,20,Bronze,Email,9,-61,804,True,0,288,30.79,15487.95,582220.821,0.23684210526315788
CUST101554,53,Female,Astana,High,55.12,8,9987.76,465.09,8.0,Beauty,309,0.27,True,0.11,0.18,Low,13.0,3.54,High,Yes,6,Online Wallet,False,True,False,1.3,3,12,1,Platinum,Social Media,3,67,1970,False,Premium,256,0.09,3885.98,550525.3312,1.4444444444444444
CUST101555,64,Female,Shymkent,High,91.26,5,8066.66,289.97,20.0,Electronics,220,0.26,False,0.28,0.59,Low,5.0,3.37,Medium,Yes,3,Online Wallet,True,True,False,1.18,11,4,28,Silver,Social Media,7,-10,3386,False,Basic,84,46.42,18090.39,736163.3916,0.23809523809523808
CUST101558,52,Female,Karaganda,Medium,86.29,9,9617.11,498.93,26.0,Beauty,71,0.06,True,0.05,0.89,Medium,0.0,3.53,Low,No,7,Card,False,False,True,4.23,13,7,23,Gold,Social Media,6,50,1218,True,Premium,152,36.11,11902.95,829860.4219000001,0.0
CUST101562,62,Male,Karaganda,Medium,94.06,3,5482.63,470.05,29.0,Electronics,283,0.12,False,0.93,0.54,High,1.0,2.42,Low,No,3,Card,True,True,True,2.89,3,0,4,Gold,Social Media,1,21,85,True,Premium,102,69.09,15496.92,515696.1778,0.03333333333333333
CUST101564,51,Male,Astana,Low,69.49,1,8195.49,458.73,34.0,Clothing,233,0.31,False,0.04,0.87,Low,15.0,4.23,Low,No,6,Online Wallet,False,False,True,8.4,1,23,32,Bronze,SMS,2,-57,1488,True,Premium,113,24.35,2569.72,569504.6000999999,0.42857142857142855
CUST101566,43,Male,Almaty,Low,70.21,8,7313.54,260.05,45.0,Electronics,42,0.38,True,0.96,0.62,Low,13.0,3.59,Medium,No,2,Card,False,False,True,4.48,7,22,4,Bronze,Social Media,3,97,3622,True,Premium,83,35.18,16214.07,513483.64339999994,0.2826086956521739
CUST101582,54,Male,Karaganda,High,99.54,8,9957.59,487.41,46.0,Electronics,278,0.78,False,0.58,0.61,Medium,14.0,1.86,Medium,Yes,3,Card,True,False,False,9.92,14,46,10,Platinum,SMS,1,-20,2213,True,0,119,38.15,15373.66,991178.5086000001,0.2978723404255319
CUST101583,61,Male,Shymkent,High,94.55,3,8934.36,97.14,27.0,Beauty,0,0.02,False,0.79,0.79,Low,14.0,2.87,High,Yes,2,Cash,False,False,True,18.19,6,27,39,Platinum,Social Media,6,-36,128,False,Basic,74,20.54,17761.4,844743.738,0.5
CUST101585,68,Male,Shymkent,Medium,89.57,3,6492.51,329.58,29.0,Groceries,280,0.78,True,0.57,0.67,Medium,7.0,3.02,Medium,Yes,1,Cash,False,True,False,18.73,10,17,20,Bronze,SMS,0,77,1552,True,Basic,195,62.55,2122.32,581534.1207,0.23333333333333334
CUST101591,54,Male,Shymkent,High,56.03,0,8985.6,167.38,17.0,Groceries,293,0.17,False,0.3,0.6,Low,1.0,4.06,Medium,Yes,4,Card,False,False,True,2.51,0,17,39,Bronze,App,2,-34,3567,False,Basic,50,47.91,16798.31,503463.168,0.05555555555555555
CUST101593,66,Male,Shymkent,High,63.98,3,9849.9,116.22,26.0,Beauty,229,0.1,True,0.43,0.05,Medium,17.0,4.29,Medium,Yes,4,Cash,True,False,True,3.75,2,0,27,Gold,Social Media,1,-26,2348,False,0,74,92.66,7427.74,630196.602,0.6296296296296297
CUST101596,66,Female,Karaganda,High,80.86,5,7951.16,288.91,11.0,Beauty,97,0.3,True,0.17,0.55,Medium,6.0,3.31,Medium,No,6,Cash,False,False,False,19.91,0,12,9,Bronze,SMS,0,-80,1224,True,0,122,36.89,13565.18,642930.7975999999,0.5
CUST101599,33,Female,Astana,Low,69.22,2,8177.28,377.89,26.0,Groceries,176,0.98,True,0.23,0.73,Medium,16.0,4.73,Medium,No,4,Card,False,False,True,17.22,14,48,15,Platinum,Email,4,-37,1035,True,Basic,334,42.09,17157.65,566031.3216,0.5925925925925926
CUST101603,48,Male,Astana,Medium,96.96,2,8974.89,115.79,48.0,Clothing,91,0.79,False,0.19,0.74,Medium,7.0,2.63,Low,No,7,Online Wallet,True,False,True,4.7,14,7,2,Silver,Email,0,-94,1193,True,Premium,177,7.5,12832.09,870205.3343999999,0.14285714285714285
CUST101609,23,Male,Astana,High,60.43,9,8635.28,299.07,15.0,Beauty,25,0.02,True,0.27,0.97,Medium,6.0,3.51,Low,Yes,6,Online Wallet,True,False,False,14.75,0,37,8,Gold,Email,3,-42,2060,True,0,47,5.43,12512.56,521829.97040000005,0.375
CUST101610,25,Male,Almaty,Low,96.58,5,7976.13,210.95,6.0,Electronics,134,0.81,True,0.67,0.06,Medium,0.0,2.25,High,No,3,Card,True,True,True,11.08,5,4,7,Platinum,Social Media,9,58,1729,False,Premium,234,25.2,1018.08,770334.6354,0.0
CUST101617,58,Male,Almaty,Medium,75.33,8,9348.0,84.99,20.0,Beauty,74,0.92,True,0.1,0.39,Low,2.0,3.87,Medium,Yes,1,Card,True,False,False,6.17,1,5,30,Silver,Email,1,44,180,True,Basic,53,26.03,15412.5,704184.84,0.09523809523809523
CUST101622,27,Male,Almaty,High,95.16,7,5457.25,453.56,9.0,Electronics,113,0.48,True,0.16,0.77,Low,8.0,2.56,High,No,4,Card,False,True,False,1.08,13,3,10,Platinum,App,5,-78,3030,False,Basic,282,41.13,123.42,519311.91,0.8
CUST101630,24,Female,Shymkent,Low,85.92,6,9059.17,278.49,45.0,Clothing,286,0.51,True,0.97,0.6,Medium,15.0,3.39,Low,Yes,2,Cash,False,False,True,6.81,8,37,18,Silver,Email,9,-17,3044,False,0,276,85.65,8627.07,778363.8864000001,0.32608695652173914
CUST101643,47,Female,Almaty,Medium,79.18,2,9145.21,181.96,25.0,Electronics,2,0.77,False,0.19,0.18,Low,19.0,1.54,Low,No,0,Card,True,False,True,12.81,0,6,26,Gold,App,4,19,1487,True,0,206,58.75,610.39,724117.7278,0.7307692307692307
CUST101646,52,Female,Shymkent,Low,98.64,3,7604.59,130.83,20.0,Groceries,222,0.86,False,0.53,0.47,Medium,8.0,2.18,Low,Yes,6,Card,True,False,False,17.19,8,30,20,Bronze,Email,3,11,564,True,0,86,67.06,2111.95,750116.7576,0.38095238095238093
CUST101647,35,Male,Almaty,High,96.81,3,9800.62,226.76,14.0,Groceries,320,0.71,False,0.44,0.93,High,16.0,3.62,High,Yes,3,Card,False,False,True,17.56,11,7,3,Silver,SMS,5,66,2133,False,Premium,73,7.27,13092.48,948798.0222000001,1.0666666666666667
CUST101649,56,Female,Astana,High,68.52,9,9231.11,130.78,8.0,Electronics,148,0.16,False,0.02,0.53,Low,12.0,2.27,Low,No,2,Cash,True,True,True,19.1,4,25,22,Bronze,Email,3,78,2878,True,Basic,105,16.8,3770.41,632515.6572,1.3333333333333333
CUST101656,62,Male,Shymkent,Low,91.52,8,9577.24,184.67,34.0,Clothing,202,0.38,True,0.04,0.53,Low,17.0,3.26,High,Yes,8,Card,False,True,True,6.34,7,3,21,Bronze,Email,8,-14,3494,False,0,127,51.96,6437.51,876509.0048,0.4857142857142857
CUST101657,51,Male,Almaty,Low,93.33,1,5745.45,386.89,27.0,Clothing,182,0.21,True,0.2,0.9,Medium,4.0,1.25,Low,Yes,3,Cash,True,False,True,10.5,13,24,32,Silver,Social Media,2,-21,3261,True,Basic,133,76.0,13556.04,536222.8485,0.14285714285714285
CUST101658,20,Male,Almaty,High,59.63,2,8757.47,220.35,19.0,Groceries,258,0.52,False,0.49,0.69,High,12.0,2.09,Low,Yes,5,Card,True,True,True,14.83,13,7,22,Bronze,SMS,8,27,267,True,Basic,45,98.99,16478.98,522207.9361,0.6
CUST101661,57,Male,Astana,Low,79.28,3,9021.46,310.15,34.0,Electronics,300,0.05,False,0.06,0.19,Low,12.0,4.23,High,No,5,Cash,False,True,False,6.54,3,1,9,Bronze,SMS,7,83,443,True,0,73,1.93,7492.74,715221.3487999999,0.34285714285714286
CUST101662,43,Male,Shymkent,Medium,94.53,4,7925.18,172.01,32.0,Clothing,108,0.21,False,0.12,0.13,High,7.0,4.01,Medium,No,2,Card,False,False,False,4.94,10,30,18,Gold,App,8,97,202,False,Basic,5,64.83,1538.06,749167.2654,0.21212121212121213
CUST101664,61,Male,Karaganda,High,75.18,7,8420.73,349.48,31.0,Electronics,226,0.54,True,0.08,0.44,Low,15.0,2.97,Low,No,9,Cash,False,False,True,17.9,11,44,22,Silver,SMS,2,53,2058,True,Premium,187,77.75,19936.42,633070.4814,0.46875
CUST101668,21,Male,Shymkent,Medium,89.44,5,8671.1,277.54,8.0,Beauty,348,0.65,False,0.26,0.49,High,8.0,2.85,High,No,3,Online Wallet,False,False,False,13.84,9,39,22,Bronze,Social Media,6,1,3643,True,Premium,350,21.04,15530.64,775543.184,0.8888888888888888
CUST101673,35,Male,Almaty,Medium,79.23,3,6785.2,193.32,18.0,Groceries,21,0.95,False,0.85,0.32,High,1.0,2.47,High,No,0,Card,True,True,True,4.74,14,22,32,Platinum,SMS,2,-3,823,False,Premium,190,74.13,10792.4,537591.3960000001,0.05263157894736842
CUST101675,33,Female,Karaganda,Medium,79.46,4,9735.23,263.2,16.0,Beauty,112,0.17,False,0.03,0.51,Medium,17.0,4.27,Medium,No,9,Card,True,True,True,7.54,6,6,37,Gold,Social Media,6,-61,224,False,0,164,65.57,18135.61,773561.3757999999,1.0
CUST101676,62,Female,Almaty,Low,60.75,2,9353.35,382.97,33.0,Beauty,109,0.94,False,0.76,0.88,High,0.0,1.96,High,No,6,Card,False,False,True,9.37,5,47,22,Bronze,Email,6,44,2068,False,Premium,114,80.63,12645.3,568216.0125000001,0.0
CUST101679,19,Male,Almaty,Low,95.69,2,8973.07,114.0,16.0,Clothing,186,0.54,True,0.61,0.73,Low,17.0,1.55,Medium,No,1,Online Wallet,True,True,True,2.2,5,33,23,Silver,Social Media,9,-46,441,False,Basic,58,30.89,15861.37,858633.0682999999,1.0
CUST101685,30,Female,Karaganda,Low,56.03,1,9335.79,247.01,22.0,Groceries,74,0.62,False,0.65,0.72,Medium,1.0,4.69,High,Yes,8,Card,False,True,True,15.06,14,28,12,Gold,App,5,43,2637,True,Premium,319,57.3,6398.04,523084.31370000006,0.043478260869565216
CUST101686,35,Female,Shymkent,Medium,99.24,0,9775.16,367.3,40.0,Groceries,101,0.52,False,0.88,0.19,Low,7.0,2.69,Low,No,9,Cash,False,False,True,3.2,2,45,18,Platinum,Social Media,3,-39,2994,True,Basic,240,5.88,4076.49,970086.8783999999,0.17073170731707318
CUST101716,54,Male,Shymkent,Low,85.68,4,7165.02,441.38,22.0,Groceries,154,0.48,False,0.78,0.16,Medium,5.0,1.75,Medium,No,4,Card,True,False,True,5.31,13,5,19,Bronze,Social Media,7,-66,1677,True,Premium,93,53.79,6098.43,613898.9136000001,0.21739130434782608
CUST101718,65,Male,Astana,Medium,90.93,8,8824.28,296.09,14.0,Clothing,301,0.96,False,0.77,0.24,Low,19.0,2.28,Medium,No,7,Cash,True,False,True,7.91,0,45,1,Gold,Social Media,8,-91,3637,True,Basic,229,66.01,4795.56,802391.7804000002,1.2666666666666666
CUST101727,29,Female,Karaganda,High,88.69,0,5709.98,443.91,29.0,Beauty,46,0.8,False,0.86,0.84,Low,11.0,2.6,Low,No,6,Card,False,True,True,7.35,2,16,11,Bronze,App,1,43,3028,True,0,240,78.44,4720.3,506418.12619999994,0.36666666666666664
CUST101736,30,Female,Astana,High,81.06,6,9301.25,99.12,11.0,Electronics,278,0.0,False,0.41,0.99,High,16.0,2.92,Low,Yes,3,Card,True,True,True,14.73,10,45,5,Gold,App,3,-20,2641,False,Premium,322,16.46,18607.2,753959.3250000001,1.3333333333333333
CUST101749,60,Female,Shymkent,Medium,80.94,6,7628.2,105.56,2.0,Clothing,0,0.61,False,0.06,0.11,Medium,6.0,1.28,Medium,Yes,4,Cash,True,True,True,14.69,0,9,16,Platinum,Email,5,11,1657,True,Premium,358,21.11,8463.4,617426.5079999999,2.0
CUST101753,66,Female,Almaty,High,88.49,0,9915.33,326.79,26.0,Clothing,30,0.69,False,0.3,0.63,Medium,2.0,1.75,Medium,Yes,3,Cash,True,True,False,7.2,14,19,27,Bronze,App,2,-1,2696,True,Premium,351,41.94,18594.54,877407.5517,0.07407407407407407
CUST101768,35,Male,Almaty,Medium,79.36,9,8849.87,167.73,10.0,Groceries,92,0.19,True,0.05,0.05,Low,3.0,4.88,High,Yes,2,Cash,True,False,False,8.72,8,17,25,Silver,Email,5,7,2179,False,Premium,354,25.26,1641.18,702325.6832000001,0.2727272727272727
CUST101770,41,Male,Karaganda,Medium,93.63,2,6141.49,194.52,46.0,Beauty,180,0.45,True,0.69,0.18,High,12.0,4.3,Low,No,7,Cash,True,False,False,12.08,11,45,13,Bronze,App,4,-51,689,False,Basic,197,82.93,5220.68,575027.7087,0.2553191489361702
CUST101776,64,Male,Shymkent,Medium,96.4,7,9865.1,427.4,6.0,Clothing,301,0.27,False,1.0,0.46,Low,12.0,3.68,High,No,7,Cash,False,True,True,1.98,13,32,5,Gold,Social Media,9,56,2048,False,Premium,124,94.44,18698.24,950995.6400000001,1.7142857142857142
CUST101778,26,Female,Astana,High,98.29,7,5286.68,263.49,28.0,Beauty,347,0.06,True,0.51,0.91,Medium,4.0,3.25,Medium,No,9,Online Wallet,True,False,True,7.71,11,19,6,Bronze,Email,0,28,1935,False,0,200,81.79,15979.1,519627.77720000007,0.13793103448275862
CUST101782,51,Female,Almaty,Medium,98.05,1,5158.58,406.67,5.0,Groceries,322,0.95,False,0.12,0.74,High,14.0,3.29,High,No,9,Cash,True,False,True,8.62,14,32,30,Platinum,Social Media,5,-78,1735,False,0,137,32.82,8146.27,505798.769,2.3333333333333335
CUST101784,58,Female,Shymkent,High,95.7,4,7827.71,324.23,20.0,Groceries,65,0.41,True,0.32,0.48,High,2.0,3.41,High,Yes,5,Card,True,True,False,4.25,1,14,16,Platinum,App,0,-80,2928,True,Premium,138,82.17,7287.33,749111.8470000001,0.09523809523809523
CUST101785,20,Male,Almaty,Low,79.7,5,7793.44,199.73,12.0,Groceries,17,0.64,True,0.59,0.54,High,11.0,1.53,Medium,Yes,3,Card,True,False,True,17.79,0,49,5,Silver,App,5,-9,2608,False,Basic,362,32.85,2999.95,621137.168,0.8461538461538461
CUST101789,20,Female,Almaty,High,66.58,4,8974.47,41.93,34.0,Clothing,47,0.05,False,0.16,0.07,Medium,16.0,3.11,Low,Yes,3,Online Wallet,True,True,False,11.26,0,20,35,Gold,SMS,2,82,3379,False,Basic,230,32.23,17152.76,597520.2126,0.45714285714285713
CUST101797,42,Male,Astana,High,82.95,4,7033.87,379.64,41.0,Groceries,357,0.7,False,0.36,0.55,Medium,18.0,4.95,Low,No,9,Cash,False,False,False,8.67,5,18,6,Gold,Email,0,-88,1738,True,Basic,352,49.68,12400.73,583459.5165,0.42857142857142855
CUST101801,41,Female,Almaty,Medium,95.62,8,5379.43,300.33,12.0,Groceries,0,0.12,True,0.05,0.2,High,9.0,1.53,Medium,No,5,Card,True,True,False,6.13,7,48,21,Platinum,SMS,7,-59,2416,True,0,202,28.21,5834.4,514381.09660000005,0.6923076923076923
CUST101802,32,Male,Shymkent,Low,88.08,0,9222.0,491.75,1.0,Clothing,39,0.59,True,0.77,0.35,Medium,5.0,4.36,Low,Yes,1,Online Wallet,False,True,True,9.07,7,23,27,Gold,Email,1,82,1013,False,Basic,342,63.49,8803.7,812273.76,2.5
CUST101814,22,Male,Karaganda,Low,90.49,6,9882.38,229.21,49.0,Groceries,44,0.72,False,0.62,0.65,Low,13.0,1.56,High,No,2,Online Wallet,True,False,False,17.23,14,2,5,Platinum,Email,4,54,804,False,Premium,45,57.01,19936.27,894256.5661999999,0.26
CUST101817,67,Male,Astana,High,86.94,2,6477.33,66.6,3.0,Electronics,196,0.18,True,0.39,0.92,High,3.0,2.68,High,Yes,8,Cash,False,False,True,4.71,10,41,15,Bronze,App,7,10,3048,True,Premium,176,67.63,13933.49,563139.0702,0.75
CUST101829,62,Male,Astana,Low,73.73,1,9870.09,403.63,43.0,Electronics,176,0.28,True,0.41,0.0,High,7.0,2.63,High,Yes,0,Online Wallet,True,False,False,18.1,13,24,19,Gold,App,4,-25,1766,False,Premium,255,7.75,9766.6,727721.7357000001,0.1590909090909091
CUST101833,36,Male,Astana,Medium,73.74,1,7511.33,447.96,13.0,Groceries,167,0.34,False,0.72,0.43,Low,7.0,3.31,High,No,4,Cash,False,False,True,17.5,10,28,18,Platinum,Email,0,86,1821,True,0,146,77.7,7322.12,553885.4741999999,0.5
CUST101839,58,Male,Astana,High,63.78,2,7909.96,343.72,30.0,Electronics,9,0.31,False,0.01,0.46,Low,5.0,4.63,High,Yes,4,Cash,False,True,False,14.99,8,36,3,Gold,App,0,-16,98,True,Premium,73,68.72,7624.14,504497.2488,0.16129032258064516
CUST101844,59,Female,Karaganda,Low,99.37,7,6750.26,214.25,47.0,Electronics,340,0.6,False,0.47,0.61,Medium,7.0,3.6,Low,No,3,Online Wallet,True,False,True,10.56,13,2,7,Gold,SMS,9,25,1792,False,Basic,44,0.2,7891.52,670773.3362,0.14583333333333334
CUST101853,48,Male,Shymkent,Medium,96.58,2,5405.14,178.54,25.0,Beauty,157,0.32,True,0.76,0.21,Low,16.0,1.99,High,No,1,Online Wallet,True,True,True,18.33,14,31,8,Gold,App,7,96,1211,False,Basic,35,82.69,15561.89,522028.42120000004,0.6153846153846154
CUST101862,35,Female,Shymkent,Medium,80.82,6,8066.77,59.69,48.0,Electronics,10,0.95,False,0.53,0.68,Medium,19.0,3.89,Medium,No,3,Cash,False,True,False,6.22,2,41,31,Gold,App,7,-80,1793,False,Basic,281,71.47,466.41,651956.3513999999,0.3877551020408163
CUST101864,19,Female,Astana,High,53.42,5,9837.48,90.49,36.0,Clothing,89,0.44,False,0.88,0.13,Medium,5.0,4.75,Medium,No,4,Card,False,True,False,2.41,1,11,30,Bronze,SMS,2,71,359,True,Premium,361,6.07,15612.09,525518.1816,0.13513513513513514
CUST101865,31,Female,Shymkent,Medium,96.55,9,6427.04,361.86,15.0,Clothing,86,0.63,False,0.8,0.19,High,18.0,1.08,Medium,Yes,5,Card,False,False,False,14.09,0,7,32,Platinum,SMS,2,-26,1906,True,0,21,80.69,8988.66,620530.7119999999,1.125
CUST101872,30,Male,Astana,Low,77.89,0,6779.3,491.34,25.0,Clothing,358,0.48,True,0.1,0.66,Low,10.0,2.78,Low,Yes,3,Cash,False,False,True,4.63,5,40,32,Gold,App,3,-23,1789,True,0,133,88.32,10648.91,528039.677,0.38461538461538464
CUST101874,44,Female,Karaganda,High,87.62,2,9413.41,421.14,37.0,Groceries,28,0.45,True,0.64,0.63,Medium,15.0,4.17,Medium,No,1,Online Wallet,True,False,True,8.35,4,40,37,Platinum,Email,2,70,514,False,Basic,231,71.9,14293.63,824802.9842000001,0.39473684210526316
CUST101886,36,Male,Astana,High,82.14,6,9320.12,187.78,18.0,Electronics,28,0.17,True,0.54,0.54,High,10.0,2.77,Low,No,9,Cash,True,True,False,1.25,7,7,21,Gold,Social Media,9,-94,1470,True,0,35,79.04,19708.74,765554.6568000001,0.5263157894736842
CUST101891,49,Female,Almaty,High,81.55,9,7914.26,57.49,2.0,Groceries,225,0.03,False,0.48,0.23,Low,14.0,1.56,Low,No,9,Card,False,True,True,8.83,4,19,22,Bronze,Email,3,85,2969,True,Basic,268,4.94,17959.69,645407.903,4.666666666666667
CUST101914,35,Male,Almaty,High,57.91,6,9768.78,429.44,30.0,Groceries,301,0.54,True,0.79,0.2,Medium,8.0,2.77,Medium,No,1,Card,False,True,False,13.99,3,46,12,Platinum,App,1,74,3588,False,0,304,67.59,17408.11,565710.0498,0.25806451612903225
CUST101924,24,Male,Shymkent,Medium,74.41,0,7211.27,435.92,35.0,Groceries,25,0.9,True,0.87,0.82,High,15.0,3.03,Medium,No,7,Card,True,False,False,5.2,5,25,14,Silver,Email,4,-93,2097,True,Basic,284,20.68,7381.62,536590.6007,0.4166666666666667
CUST101944,58,Female,Karaganda,Low,65.02,7,7805.87,154.75,35.0,Electronics,321,0.45,True,0.69,0.66,High,18.0,4.52,Low,No,4,Cash,True,True,True,6.49,1,31,7,Gold,App,3,-56,3108,True,0,161,92.07,11736.58,507537.6674,0.5
CUST101953,64,Male,Shymkent,Medium,89.02,8,9741.15,245.27,35.0,Electronics,37,0.95,False,0.4,0.58,Low,6.0,2.34,Medium,Yes,7,Cash,True,True,True,4.61,6,48,16,Platinum,App,3,-14,2536,False,Premium,126,39.0,5429.62,867157.173,0.16666666666666666
CUST101954,31,Female,Karaganda,Medium,95.68,7,9427.28,55.91,7.0,Beauty,100,0.55,True,0.29,0.89,Medium,12.0,4.42,Low,No,7,Card,True,True,True,14.54,12,18,7,Platinum,Email,7,-61,356,False,0,185,75.01,15964.09,902002.1504000002,1.5
CUST101964,38,Female,Shymkent,Medium,96.91,6,7267.93,229.97,46.0,Beauty,237,0.34,False,0.91,0.55,Low,7.0,1.01,Medium,No,8,Card,True,True,False,14.16,9,33,28,Gold,Email,0,-55,2422,True,0,327,23.54,10218.87,704335.0963,0.14893617021276595
CUST101968,37,Female,Shymkent,Low,85.36,1,8415.64,415.1,9.0,Beauty,312,0.98,True,0.06,0.23,Low,7.0,4.45,Low,No,7,Online Wallet,False,False,False,13.57,14,18,11,Bronze,App,3,-42,2480,True,0,36,3.19,1703.66,718359.0303999999,0.7
CUST101970,36,Female,Karaganda,Low,80.03,3,8119.85,427.07,9.0,Beauty,364,0.17,True,0.39,0.91,High,0.0,1.86,Medium,Yes,4,Card,False,True,False,17.44,13,36,22,Silver,Email,7,-66,1721,False,Basic,138,30.77,3655.82,649831.5955,0.0
CUST101986,44,Male,Almaty,High,82.19,7,8941.35,220.86,10.0,Groceries,64,0.56,False,0.47,0.29,High,6.0,3.03,Low,No,9,Online Wallet,True,False,True,1.62,11,29,13,Gold,Social Media,2,24,1187,False,Basic,26,91.66,8351.08,734889.5565000001,0.5454545454545454
CUST101993,32,Male,Almaty,Low,90.82,9,6383.44,464.08,32.0,Clothing,23,0.75,True,0.19,0.3,Medium,2.0,2.01,Low,No,6,Online Wallet,True,False,False,19.95,6,26,23,Silver,SMS,5,-54,459,False,0,233,73.04,10699.89,579744.0207999999,0.06060606060606061
CUST102015,26,Male,Almaty,Low,81.02,1,9915.88,127.13,11.0,Groceries,241,0.63,False,0.86,0.99,High,3.0,2.43,High,No,7,Cash,False,True,True,19.77,7,11,29,Bronze,App,7,20,271,False,Basic,135,69.59,9192.8,803384.5975999999,0.25
CUST102022,28,Female,Shymkent,High,87.35,5,7770.53,11.54,42.0,Beauty,162,0.04,False,0.35,0.95,High,12.0,1.03,High,Yes,7,Cash,False,True,False,14.25,13,29,33,Bronze,Email,1,-54,2387,True,Premium,313,13.08,13802.87,678755.7954999999,0.27906976744186046
CUST102023,30,Male,Shymkent,Medium,86.47,9,7984.65,32.19,15.0,Clothing,140,0.65,False,0.94,0.83,High,7.0,4.96,Medium,Yes,6,Online Wallet,True,False,False,5.2,7,9,6,Bronze,Email,8,20,2379,True,Basic,323,1.54,11896.16,690432.6854999999,0.4375
CUST102027,35,Male,Shymkent,Medium,63.9,1,8599.97,491.07,34.0,Beauty,347,0.88,True,0.97,0.35,Low,0.0,1.0,High,Yes,4,Online Wallet,False,True,False,11.02,1,40,17,Silver,Social Media,9,73,564,True,0,141,90.0,14507.32,549538.083,0.0
CUST102040,58,Female,Almaty,High,64.86,7,8510.96,140.92,38.0,Groceries,165,0.03,False,0.8,0.48,High,6.0,1.74,Low,No,8,Online Wallet,False,True,False,1.67,1,40,28,Bronze,App,8,-91,3167,True,0,223,72.22,7377.5,552020.8655999999,0.15384615384615385
CUST102041,25,Male,Astana,High,79.8,1,8891.71,221.41,48.0,Clothing,215,0.77,False,0.69,0.66,High,5.0,1.88,Medium,No,2,Card,True,False,False,4.86,6,15,33,Platinum,SMS,1,27,842,False,Basic,50,12.37,10925.36,709558.4579999999,0.10204081632653061
CUST102044,68,Male,Astana,High,97.94,7,5898.7,23.38,3.0,Clothing,216,0.59,True,0.87,0.04,Medium,4.0,3.26,Low,Yes,9,Online Wallet,True,True,True,2.77,7,15,38,Platinum,Social Media,4,-90,3377,True,Basic,18,26.26,10189.07,577718.678,1.0
CUST102046,58,Male,Shymkent,Medium,91.12,6,7567.5,355.13,21.0,Groceries,252,0.83,False,0.84,0.67,Medium,11.0,2.02,Low,Yes,3,Cash,True,False,False,13.4,1,4,1,Gold,App,7,58,3525,False,0,24,92.2,7891.6,689550.6,0.5
CUST102060,67,Female,Shymkent,Medium,74.81,1,9859.03,218.3,22.0,Groceries,269,0.13,True,0.84,0.83,Low,14.0,3.48,Medium,No,8,Online Wallet,False,False,True,10.5,14,47,15,Silver,SMS,1,17,2374,True,Basic,265,45.55,1844.88,737554.0343,0.6086956521739131
CUST102061,50,Female,Almaty,High,83.99,1,6573.36,486.67,25.0,Electronics,219,0.28,True,0.16,0.22,Medium,19.0,3.69,Low,Yes,4,Online Wallet,True,True,True,11.4,12,42,25,Bronze,SMS,0,-50,1775,True,Premium,162,55.84,16118.75,552096.5064,0.7307692307692307
CUST102071,43,Male,Almaty,Medium,85.87,7,9582.64,421.36,9.0,Electronics,227,0.67,False,0.53,0.24,Low,2.0,4.03,High,No,4,Online Wallet,False,True,False,15.55,4,43,39,Silver,App,3,0,3277,True,Basic,178,45.06,18058.03,822861.2968,0.2
CUST102084,66,Male,Astana,High,59.79,1,9276.26,203.97,7.0,Clothing,119,0.94,False,0.59,0.78,Low,17.0,4.78,Low,Yes,1,Online Wallet,True,True,True,3.81,7,21,37,Platinum,Social Media,3,76,3410,True,0,46,39.26,9443.67,554627.5854,2.125
CUST102085,57,Female,Astana,Low,71.26,3,8774.51,111.16,9.0,Groceries,72,0.51,False,0.6,0.16,High,15.0,2.94,High,Yes,6,Cash,False,False,False,9.7,13,14,29,Gold,SMS,3,-72,2182,False,Basic,51,38.06,9566.94,625271.5826000001,1.5
CUST102090,23,Male,Karaganda,Medium,60.79,4,9202.57,403.98,21.0,Electronics,137,0.77,True,0.72,0.99,High,2.0,4.88,Medium,Yes,1,Online Wallet,True,True,False,15.56,3,41,6,Bronze,App,3,42,1104,False,Premium,360,5.71,4071.66,559424.2302999999,0.09090909090909091
CUST102101,45,Male,Almaty,Low,55.28,8,9871.2,146.4,32.0,Clothing,154,0.5,False,0.86,0.14,Medium,7.0,2.53,High,No,4,Online Wallet,True,True,True,8.76,7,30,23,Bronze,Social Media,0,47,1958,True,0,338,76.04,6317.61,545679.9360000001,0.21212121212121213
CUST102102,37,Female,Shymkent,Low,90.47,3,8474.72,387.82,41.0,Groceries,5,0.16,False,0.72,0.48,High,6.0,1.15,Low,Yes,9,Cash,False,True,True,8.56,0,48,28,Bronze,App,9,-39,1161,False,Basic,264,92.45,10076.18,766707.9184,0.14285714285714285
CUST102115,31,Male,Almaty,Low,90.85,2,7118.03,125.82,38.0,Clothing,16,0.93,False,0.85,0.52,High,1.0,1.11,Medium,No,8,Cash,True,False,True,12.28,14,35,38,Platinum,SMS,2,-78,1595,False,Premium,236,62.59,5695.53,646673.0255,0.02564102564102564
CUST102123,62,Male,Astana,Medium,93.07,3,8329.86,291.37,38.0,Beauty,166,0.67,True,0.37,0.18,Medium,6.0,2.09,Medium,No,5,Online Wallet,False,False,True,7.12,2,49,29,Platinum,App,6,0,1647,True,Basic,188,85.41,19777.51,775260.0702,0.15384615384615385
CUST102131,49,Male,Almaty,Medium,78.45,5,9201.12,175.97,5.0,Beauty,12,0.17,True,0.09,0.26,Low,17.0,4.11,High,Yes,0,Card,False,True,True,16.91,4,32,15,Gold,SMS,9,-89,3119,True,Premium,328,57.42,16629.91,721827.8640000001,2.8333333333333335
CUST102137,36,Female,Shymkent,Medium,95.26,1,9626.24,460.9,27.0,Groceries,231,0.17,True,0.52,0.17,Medium,0.0,2.27,Medium,Yes,9,Cash,True,False,True,1.72,4,4,2,Silver,Social Media,5,-74,1647,True,0,42,23.7,4106.33,916995.6224,0.0
CUST102143,45,Male,Almaty,Low,72.53,2,7010.62,461.89,35.0,Electronics,303,0.82,True,0.24,0.07,Medium,16.0,3.62,Low,No,7,Cash,False,False,False,10.18,4,31,36,Silver,App,0,-36,388,False,Premium,54,20.6,19149.48,508480.2686,0.4444444444444444
CUST102154,38,Female,Astana,High,95.3,8,9271.97,294.69,23.0,Beauty,176,0.52,False,0.84,0.53,Low,3.0,3.96,Medium,No,0,Online Wallet,False,True,True,11.17,8,49,19,Bronze,SMS,9,-27,435,True,0,151,67.22,4524.86,883618.7409999999,0.125
CUST102160,45,Female,Shymkent,Low,84.14,3,6192.09,392.5,10.0,Beauty,177,0.98,True,0.15,0.93,High,1.0,2.58,High,Yes,7,Card,True,True,False,14.16,12,17,19,Bronze,SMS,8,46,1845,False,0,194,98.87,9319.76,521002.4526,0.09090909090909091
CUST102178,59,Male,Astana,Low,74.97,8,8731.64,453.45,14.0,Beauty,109,0.03,False,0.64,0.2,High,2.0,2.64,Low,Yes,8,Card,False,False,True,15.78,3,6,39,Bronze,App,3,-73,1428,True,0,306,63.3,5111.38,654611.0508,0.13333333333333333
CUST102179,68,Male,Karaganda,Medium,95.06,4,9641.7,278.41,32.0,Groceries,218,0.97,True,0.52,0.88,Medium,17.0,4.29,High,No,7,Online Wallet,True,True,True,7.53,8,28,30,Bronze,Email,3,82,750,True,Premium,345,7.73,2050.38,916540.0020000001,0.5151515151515151
CUST102183,62,Male,Karaganda,Medium,93.0,7,8561.02,170.95,10.0,Groceries,255,0.03,False,0.48,0.86,High,1.0,3.34,Medium,No,9,Card,True,True,False,10.71,11,21,29,Silver,App,6,0,2648,False,Premium,152,81.44,13872.67,796174.86,0.09090909090909091
CUST102186,38,Female,Almaty,High,87.08,1,6545.62,240.44,5.0,Electronics,119,0.35,True,0.21,0.97,High,10.0,4.94,Medium,No,0,Online Wallet,True,True,False,8.26,9,11,35,Bronze,SMS,7,-78,3082,True,Basic,19,82.02,10644.14,569992.5896,1.6666666666666667
CUST102190,43,Male,Shymkent,Low,81.46,4,8032.97,219.88,24.0,Clothing,192,0.71,False,0.01,0.15,High,16.0,1.36,Medium,No,3,Card,False,True,True,5.08,12,31,1,Gold,Email,9,44,828,True,Basic,176,80.91,6397.97,654365.7361999999,0.64
CUST102193,65,Female,Astana,Low,92.2,8,9044.82,280.49,18.0,Electronics,166,0.95,False,0.82,0.24,Low,19.0,4.97,High,Yes,6,Online Wallet,True,False,True,10.5,0,1,29,Gold,Social Media,3,-38,898,False,Basic,218,6.39,15208.12,833932.404,1.0
CUST102194,47,Female,Astana,Low,73.25,3,9811.41,363.05,25.0,Electronics,64,0.54,True,0.48,0.22,Medium,19.0,1.66,Low,No,9,Cash,False,False,False,18.49,14,18,35,Silver,SMS,7,-52,3083,False,0,348,38.37,10452.56,718685.7825,0.7307692307692307
CUST102202,22,Female,Astana,Low,94.63,4,9561.65,129.78,24.0,Beauty,119,0.93,True,0.61,0.88,Low,13.0,3.17,Medium,Yes,4,Online Wallet,False,True,True,7.76,11,27,36,Gold,SMS,6,-27,2135,False,0,196,93.49,15304.4,904818.9395,0.52
CUST102204,62,Male,Almaty,High,73.21,9,9351.19,438.04,45.0,Electronics,42,0.76,True,0.78,0.34,Medium,7.0,1.27,Medium,No,5,Online Wallet,True,True,True,9.22,11,45,6,Platinum,App,6,27,489,True,Basic,65,29.77,2099.37,684600.6198999999,0.15217391304347827
CUST102212,56,Female,Karaganda,Medium,98.93,3,5725.67,259.45,9.0,Clothing,346,0.57,False,0.97,0.33,Medium,3.0,4.47,Medium,Yes,8,Card,False,True,True,8.37,8,39,23,Platinum,App,6,81,2934,False,0,167,60.55,6045.08,566440.5331,0.3
CUST102213,23,Male,Shymkent,High,91.76,3,8937.62,216.96,44.0,Electronics,9,0.13,True,0.15,0.12,Medium,1.0,3.27,Medium,No,2,Cash,True,False,False,14.88,9,3,28,Silver,App,6,60,3539,True,Premium,199,82.54,8137.5,820116.0112000001,0.022222222222222223
CUST102227,64,Female,Karaganda,Low,86.21,0,8424.98,94.6,35.0,Clothing,281,0.98,True,0.58,0.92,High,8.0,4.55,High,No,4,Cash,True,True,True,12.33,3,29,33,Platinum,Email,8,33,1355,False,Premium,209,0.33,17038.97,726317.5258,0.2222222222222222
CUST102234,27,Male,Astana,High,64.59,5,9203.3,207.66,3.0,Electronics,158,0.19,True,0.32,0.4,Medium,7.0,3.01,Medium,Yes,1,Online Wallet,False,False,False,10.06,14,13,28,Gold,App,2,-78,3598,True,Basic,225,30.05,16848.68,594441.147,1.75
CUST102238,47,Male,Astana,High,89.17,6,7475.36,229.55,47.0,Groceries,330,0.93,True,0.82,0.08,Low,17.0,4.26,High,Yes,9,Cash,False,True,True,9.06,13,20,31,Gold,Social Media,8,16,571,False,Basic,23,88.19,1577.27,666577.8512,0.3541666666666667
CUST102240,18,Female,Almaty,High,71.39,5,8441.72,390.22,26.0,Clothing,224,0.43,True,0.55,0.98,High,7.0,1.23,Medium,No,8,Online Wallet,True,False,True,1.75,0,22,32,Platinum,SMS,2,33,445,True,0,339,65.34,9451.64,602654.3907999999,0.25925925925925924
CUST102245,29,Female,Shymkent,Low,84.65,5,8839.28,449.46,5.0,Groceries,66,0.31,True,0.08,0.14,High,16.0,4.2,High,No,8,Online Wallet,True,True,False,18.42,0,0,1,Platinum,SMS,5,36,1358,False,Premium,115,52.61,15869.64,748245.0520000001,2.6666666666666665
CUST102246,18,Female,Almaty,Medium,95.49,7,5266.27,104.17,48.0,Groceries,357,0.23,True,0.2,0.55,Medium,5.0,1.18,High,Yes,9,Cash,True,True,False,14.75,9,21,6,Silver,Email,5,27,2218,False,0,99,14.72,3411.25,502876.1223,0.10204081632653061
CUST102251,64,Male,Astana,High,94.3,2,8275.87,110.85,28.0,Groceries,196,0.72,True,0.13,0.25,High,12.0,4.57,Low,No,1,Cash,False,False,True,11.68,3,42,33,Silver,Email,6,92,902,False,Premium,197,16.0,10725.06,780414.5410000001,0.41379310344827586
CUST102259,64,Male,Shymkent,Medium,67.62,4,8572.05,297.73,16.0,Groceries,245,0.99,False,0.57,0.28,Low,8.0,1.57,Medium,No,1,Cash,True,False,False,9.22,7,18,24,Bronze,Email,9,81,565,True,Premium,337,99.03,992.61,579642.021,0.47058823529411764
CUST102262,61,Male,Karaganda,High,95.7,8,9285.0,495.31,32.0,Clothing,297,0.61,False,0.62,0.77,High,15.0,2.79,Low,Yes,7,Card,True,False,True,14.41,13,14,3,Platinum,Social Media,1,-70,1147,False,0,26,44.85,4900.76,888574.5,0.45454545454545453
CUST102263,37,Female,Karaganda,High,91.38,7,8678.54,202.02,21.0,Beauty,215,0.13,False,0.95,0.44,Low,11.0,2.02,Low,Yes,7,Cash,False,False,False,13.47,3,38,9,Platinum,Social Media,4,47,1033,False,Basic,5,1.37,6278.63,793044.9852,0.5
CUST102265,31,Male,Shymkent,High,97.85,6,9774.36,430.6,28.0,Electronics,210,0.56,False,0.63,0.13,High,17.0,4.45,High,Yes,9,Card,True,False,True,6.04,3,29,15,Platinum,SMS,0,34,2858,True,0,318,12.4,7130.55,956421.126,0.5862068965517241
CUST102283,37,Female,Almaty,High,99.97,9,8551.13,26.34,13.0,Groceries,265,0.45,False,0.57,0.59,High,15.0,4.33,Medium,No,1,Card,False,False,True,6.21,3,36,11,Silver,Social Media,1,-72,1903,True,Basic,65,45.23,17090.61,854856.4661,1.0714285714285714
CUST102284,67,Male,Shymkent,Low,77.66,9,7134.47,278.72,25.0,Electronics,221,0.94,True,0.69,1.0,Medium,15.0,1.83,Medium,Yes,2,Online Wallet,True,True,False,11.38,7,27,25,Bronze,Email,2,81,1081,True,Premium,121,67.97,10229.42,554062.9402,0.5769230769230769
CUST102295,67,Female,Shymkent,Medium,99.34,4,6380.05,66.3,12.0,Electronics,94,0.16,False,0.47,0.44,Low,16.0,4.15,Low,No,5,Cash,True,False,False,6.1,6,35,16,Bronze,SMS,7,7,2889,True,0,70,38.76,1371.67,633794.167,1.2307692307692308
CUST102299,37,Male,Shymkent,Low,84.2,7,8964.25,224.88,6.0,Clothing,46,0.33,True,0.61,0.4,High,4.0,3.17,Low,No,6,Online Wallet,True,True,False,8.44,6,34,27,Platinum,App,1,2,931,False,Premium,75,91.64,2759.32,754789.85,0.5714285714285714
CUST102300,40,Male,Shymkent,High,74.95,3,9235.2,200.91,44.0,Electronics,168,0.06,False,0.92,0.3,Medium,14.0,2.15,Medium,No,7,Online Wallet,False,True,True,14.51,2,11,30,Platinum,App,4,-27,298,True,Premium,278,63.37,16753.08,692178.2400000001,0.3111111111111111
CUST102306,25,Female,Karaganda,Medium,97.17,0,9865.17,240.45,44.0,Electronics,10,0.36,False,0.52,0.39,High,2.0,2.8,Medium,No,6,Cash,False,True,False,5.09,7,1,15,Bronze,Social Media,2,34,3278,False,Premium,145,27.22,11787.79,958598.5689000001,0.044444444444444446
CUST102316,39,Female,Astana,Low,93.38,0,9202.67,420.27,38.0,Groceries,219,0.3,False,0.05,0.11,Medium,0.0,2.0,Medium,No,1,Online Wallet,False,True,True,5.48,6,2,36,Silver,Email,3,-100,1335,True,0,215,3.96,19613.76,859345.3245999999,0.0
CUST102322,27,Female,Karaganda,Low,74.22,4,7501.0,221.05,33.0,Electronics,55,0.89,False,0.96,0.16,High,8.0,4.5,Medium,Yes,2,Online Wallet,True,False,False,2.53,9,34,8,Platinum,App,9,3,294,False,Premium,132,72.68,6201.32,556724.22,0.23529411764705882
CUST102332,29,Female,Astana,Low,77.2,2,9044.9,71.8,9.0,Electronics,219,0.82,False,0.58,0.43,Low,10.0,2.27,Medium,Yes,2,Cash,True,True,False,12.85,11,10,33,Platinum,Email,0,-27,3070,False,Basic,263,54.72,15615.7,698266.28,1.0
CUST102333,44,Female,Shymkent,Low,83.56,2,9560.37,453.76,48.0,Electronics,259,0.02,False,0.66,0.53,Medium,14.0,3.56,High,No,1,Card,False,False,False,1.84,0,46,2,Gold,Social Media,2,39,215,False,0,53,94.65,4291.25,798864.5172000001,0.2857142857142857
CUST102335,42,Female,Karaganda,Medium,62.12,6,8757.13,22.61,15.0,Electronics,354,0.06,True,0.73,0.72,High,14.0,2.97,High,Yes,5,Card,True,True,True,4.25,12,11,37,Silver,Social Media,2,-10,426,False,Premium,171,74.36,10997.02,543992.9156,0.875
CUST102339,18,Female,Almaty,High,79.82,8,9958.31,65.78,40.0,Beauty,159,0.28,True,0.17,0.77,Medium,15.0,1.65,Low,No,2,Online Wallet,True,True,True,13.01,12,20,1,Bronze,App,2,-61,621,True,Premium,220,1.2,7745.46,794872.3041999999,0.36585365853658536
CUST102344,65,Male,Karaganda,Low,75.64,4,8223.42,169.45,44.0,Electronics,46,0.66,False,0.69,0.86,Medium,17.0,3.84,High,Yes,6,Online Wallet,False,True,False,4.07,6,29,4,Platinum,SMS,5,-59,429,True,0,310,54.56,17188.52,622019.4888,0.37777777777777777
CUST102351,23,Male,Shymkent,Low,87.89,3,9024.08,39.43,3.0,Clothing,272,0.12,False,0.85,0.45,Low,4.0,3.37,Medium,No,1,Cash,False,True,False,13.77,13,7,4,Bronze,App,2,-43,361,False,Premium,151,83.49,9677.4,793126.3912,1.0
CUST102356,65,Male,Almaty,Low,94.72,1,9637.01,467.04,37.0,Electronics,57,0.93,False,0.31,0.08,Medium,18.0,3.04,High,No,7,Online Wallet,True,False,True,6.96,12,41,39,Gold,Social Media,0,0,3073,False,0,279,38.55,19427.42,912817.5872000001,0.47368421052631576
CUST102357,30,Female,Karaganda,High,74.76,4,8873.15,93.47,15.0,Electronics,107,0.7,False,0.14,0.81,High,11.0,2.95,Low,No,4,Card,True,False,False,3.35,6,25,18,Gold,App,1,-39,675,False,Basic,354,74.06,10220.04,663356.694,0.6875
CUST102367,21,Male,Astana,Medium,69.12,7,9403.29,109.7,9.0,Electronics,273,0.58,False,0.99,0.36,High,8.0,2.32,Medium,No,0,Card,False,False,False,7.04,1,47,19,Silver,Social Media,6,21,3192,False,0,246,36.68,17923.68,649955.4048000001,0.8
CUST102368,55,Male,Almaty,High,90.25,5,9315.01,241.85,28.0,Beauty,144,0.59,False,0.17,0.49,Medium,3.0,4.37,Medium,Yes,9,Cash,False,False,True,9.86,10,27,33,Platinum,Social Media,9,50,3591,True,Basic,233,93.61,13189.81,840679.6525,0.10344827586206896
CUST102369,36,Male,Almaty,Low,96.46,2,7211.16,277.93,34.0,Groceries,315,0.68,True,0.0,0.38,High,17.0,3.73,High,No,2,Online Wallet,True,False,True,10.94,14,21,5,Gold,App,0,-92,1020,False,Premium,318,53.41,7842.69,695588.4935999999,0.4857142857142857
CUST102374,58,Female,Astana,Low,88.93,1,7603.2,131.59,14.0,Clothing,270,0.2,True,0.25,0.22,Medium,0.0,1.81,Low,Yes,7,Cash,False,False,True,5.68,8,23,33,Bronze,SMS,8,-15,2352,False,0,302,8.28,8553.53,676152.576,0.0
CUST102375,40,Female,Almaty,Medium,64.07,5,8521.26,193.32,47.0,Clothing,38,0.91,False,0.98,0.6,Low,11.0,3.8,Low,No,6,Cash,False,False,False,16.48,8,2,16,Platinum,Social Media,3,-100,935,False,Basic,49,29.68,3859.76,545957.1281999999,0.22916666666666666
CUST102381,24,Female,Karaganda,Medium,96.8,3,6949.16,175.96,39.0,Electronics,284,0.81,False,0.25,0.32,High,13.0,2.74,Low,No,7,Online Wallet,False,False,True,9.53,13,22,21,Platinum,App,7,78,2888,False,Basic,94,62.61,17485.86,672678.688,0.325
CUST102382,42,Male,Almaty,High,70.53,5,7530.19,248.86,27.0,Electronics,353,0.54,True,0.6,0.58,Medium,7.0,3.12,Medium,No,1,Online Wallet,True,False,False,12.9,10,13,19,Gold,App,0,-30,2769,True,Basic,254,62.85,13676.44,531104.3007,0.25
CUST102394,66,Male,Shymkent,Medium,94.61,9,6873.41,470.01,1.0,Groceries,187,0.7,True,0.44,0.06,High,12.0,4.7,Medium,No,8,Card,False,False,True,4.47,7,39,21,Gold,SMS,8,-13,1771,False,Basic,268,97.99,12158.09,650293.3201,6.0
CUST102395,49,Female,Almaty,Medium,67.71,9,8524.18,319.44,33.0,Beauty,166,0.58,True,0.81,0.53,High,14.0,3.3,Medium,No,0,Card,True,True,False,1.86,14,4,10,Gold,SMS,5,-92,1898,True,Premium,347,86.33,5206.27,577172.2278,0.4117647058823529
CUST102411,38,Male,Karaganda,Medium,69.5,6,8963.93,72.46,38.0,Beauty,257,0.99,True,0.58,0.09,Medium,5.0,3.78,Low,No,6,Card,True,True,True,6.63,4,44,6,Gold,Email,6,37,2267,True,Premium,349,13.08,4121.77,622993.135,0.1282051282051282
CUST102417,45,Female,Shymkent,Low,93.66,3,9191.76,256.51,7.0,Groceries,205,0.85,False,0.46,0.1,Low,11.0,3.42,Low,No,2,Online Wallet,True,True,False,13.47,5,37,15,Gold,App,7,-11,2453,True,Basic,77,31.83,7851.76,860900.2416,1.375
CUST102433,23,Female,Shymkent,Low,95.86,2,7975.19,303.91,11.0,Beauty,344,0.43,True,0.12,0.62,High,7.0,2.66,High,No,0,Card,True,True,False,4.57,13,43,39,Gold,Social Media,1,-99,3288,False,0,127,20.79,16362.71,764501.7134,0.5833333333333334
CUST102434,63,Male,Shymkent,High,89.98,7,6977.42,392.78,37.0,Electronics,178,0.85,False,0.42,0.92,Low,16.0,3.04,High,No,3,Online Wallet,False,False,False,5.26,10,28,14,Gold,Social Media,8,26,1960,False,0,256,47.25,15010.54,627828.2516000001,0.42105263157894735
CUST102436,61,Female,Karaganda,Low,94.22,6,6723.2,446.38,9.0,Electronics,226,0.48,False,0.65,0.33,High,13.0,3.17,Low,Yes,7,Cash,False,True,True,2.14,12,8,20,Platinum,App,2,-91,1258,False,0,341,72.73,18516.91,633459.904,1.3
CUST102440,40,Male,Astana,Medium,63.66,9,8432.62,59.75,21.0,Electronics,193,0.17,False,0.15,0.56,Low,1.0,4.15,High,No,3,Cash,True,False,False,9.69,7,3,8,Silver,Social Media,8,47,865,False,Premium,189,34.43,16261.7,536820.5892,0.045454545454545456
CUST102443,64,Male,Karaganda,Medium,68.27,2,8636.18,154.91,17.0,Groceries,202,0.75,True,0.71,0.96,Medium,1.0,4.4,High,Yes,7,Cash,False,False,False,17.76,9,46,8,Silver,App,2,-66,2131,True,Premium,318,98.56,15461.48,589592.0086,0.05555555555555555
CUST102449,32,Female,Astana,Low,66.65,1,8098.94,353.55,16.0,Beauty,161,0.47,False,0.24,0.11,High,8.0,4.19,High,Yes,9,Online Wallet,False,True,False,6.85,6,29,12,Bronze,App,1,-71,1319,True,0,327,69.04,6618.14,539794.351,0.47058823529411764
CUST102450,21,Female,Almaty,Medium,93.77,6,8386.91,214.86,3.0,Electronics,259,0.19,True,0.81,0.47,High,13.0,2.81,Medium,Yes,9,Online Wallet,False,False,True,11.55,13,38,27,Platinum,Email,5,47,1937,True,0,337,67.67,7901.39,786440.5506999999,3.25
CUST102456,31,Female,Almaty,Medium,64.94,3,7776.61,143.25,23.0,Beauty,302,0.98,True,0.69,0.35,Low,16.0,4.86,Low,No,1,Online Wallet,False,True,True,4.83,3,44,37,Platinum,App,0,-94,2236,True,Basic,313,63.95,6893.11,505013.0534,0.6666666666666666
CUST102459,69,Female,Karaganda,High,71.29,4,9739.21,215.3,11.0,Beauty,14,0.14,False,0.59,0.4,Medium,7.0,4.43,High,Yes,8,Card,True,False,True,2.7,14,5,35,Gold,SMS,2,51,139,True,0,29,83.55,15195.95,694308.2809,0.5833333333333334
CUST102470,47,Female,Shymkent,Medium,84.04,0,6319.36,148.28,13.0,Beauty,139,0.98,False,0.37,0.0,High,14.0,4.59,Low,No,6,Cash,False,False,True,4.34,8,33,20,Platinum,Email,4,61,2715,False,Premium,288,14.67,18035.66,531079.0144,1.0
CUST102473,66,Male,Shymkent,Medium,81.75,2,9762.65,188.7,9.0,Groceries,320,0.68,True,0.78,0.69,High,12.0,2.11,High,No,5,Cash,True,True,True,19.39,2,43,24,Platinum,Email,1,2,743,True,Premium,284,41.19,14352.77,798096.6375,1.2
CUST102476,43,Male,Karaganda,High,93.8,4,9067.99,196.39,31.0,Groceries,147,0.11,False,0.92,0.18,High,11.0,2.64,Medium,Yes,8,Cash,True,True,True,1.29,2,32,34,Silver,Social Media,1,-56,2330,True,Premium,202,78.58,13656.54,850577.4619999999,0.34375
CUST102478,47,Male,Astana,Medium,57.57,0,9437.7,232.16,3.0,Electronics,158,0.35,True,0.82,0.15,Low,13.0,4.95,High,Yes,1,Card,False,True,False,5.47,13,20,3,Platinum,App,2,-36,1755,False,Premium,350,51.73,4777.91,543328.3890000001,3.25
CUST102488,66,Male,Astana,High,99.62,7,9544.25,418.76,23.0,Clothing,12,0.88,False,0.49,0.34,Low,11.0,1.29,Medium,No,2,Online Wallet,False,True,False,8.37,0,0,24,Silver,SMS,8,20,258,True,Premium,235,93.17,5592.53,950798.185,0.4583333333333333
CUST102491,53,Male,Almaty,Low,75.8,2,9043.39,370.46,33.0,Electronics,151,0.07,False,0.62,0.42,High,9.0,1.59,High,Yes,7,Online Wallet,True,False,False,13.23,13,13,33,Bronze,Email,1,97,3344,False,Basic,137,43.74,12855.61,685488.9619999999,0.2647058823529412
CUST102492,37,Female,Astana,High,58.45,4,9202.45,450.71,38.0,Clothing,32,0.27,False,0.85,0.41,Medium,2.0,3.55,Medium,Yes,1,Online Wallet,False,False,False,3.68,14,35,12,Silver,App,6,-100,2424,False,0,37,89.75,10319.23,537883.2025,0.05128205128205128
CUST102497,62,Female,Almaty,Medium,63.97,1,8654.28,467.97,4.0,Electronics,141,0.07,False,0.65,0.19,Medium,10.0,3.55,Low,No,6,Online Wallet,False,False,True,8.58,13,41,34,Gold,App,4,-34,1357,True,Basic,334,43.94,18920.78,553614.2916,2.0
CUST102498,59,Male,Almaty,Medium,95.94,8,7794.99,175.46,48.0,Beauty,176,0.21,True,0.14,0.84,Low,3.0,2.42,Low,No,2,Online Wallet,False,False,True,3.47,10,48,37,Gold,App,4,-73,223,True,Basic,208,91.65,18837.15,747851.3406,0.061224489795918366
CUST102501,39,Female,Almaty,Medium,97.11,6,5699.44,262.83,7.0,Beauty,259,0.34,False,0.72,0.9,High,17.0,2.36,Medium,Yes,2,Card,False,False,False,18.53,7,45,31,Platinum,App,2,88,2718,False,Premium,231,78.87,3548.4,553472.6183999999,2.125
CUST102518,54,Female,Almaty,High,86.65,8,7816.2,7.42,16.0,Electronics,229,0.57,True,1.0,0.76,Medium,8.0,3.86,High,Yes,5,Card,True,False,False,16.43,2,5,10,Gold,Email,1,94,2223,True,0,243,91.19,6367.71,677273.73,0.47058823529411764
CUST102520,67,Male,Karaganda,Low,98.96,1,9187.69,251.89,26.0,Clothing,91,0.28,False,0.19,0.08,Medium,9.0,3.08,Medium,Yes,7,Card,True,True,False,2.43,8,7,22,Bronze,SMS,1,-21,525,False,Premium,90,44.31,1900.15,909213.8024,0.3333333333333333
CUST102528,36,Male,Astana,High,97.9,0,6959.99,217.41,30.0,Beauty,65,0.9,False,0.48,0.75,Low,12.0,4.52,High,Yes,7,Online Wallet,False,True,True,4.74,7,8,26,Bronze,Email,4,-48,940,True,Premium,3,86.63,16436.46,681383.0210000001,0.3870967741935484
CUST102529,53,Female,Astana,Medium,85.79,3,8717.69,308.44,4.0,Clothing,340,0.63,False,0.72,0.53,High,11.0,4.61,Medium,No,7,Online Wallet,True,False,False,4.66,5,9,18,Bronze,Email,4,-93,1130,False,Premium,46,37.33,11437.78,747890.6251000001,2.2
CUST102532,67,Male,Shymkent,Medium,59.04,5,9896.84,186.04,40.0,Groceries,153,0.79,True,0.8,0.67,Medium,17.0,4.58,Low,Yes,6,Online Wallet,True,False,False,8.39,12,31,21,Gold,Email,9,-14,1696,True,0,360,80.59,18822.75,584309.4336,0.4146341463414634
CUST102535,66,Male,Shymkent,High,94.62,1,9685.22,388.45,8.0,Beauty,126,0.25,False,0.77,0.24,Low,3.0,2.1,Medium,Yes,2,Online Wallet,True,False,False,4.99,6,40,34,Silver,Social Media,5,56,2432,True,Basic,221,38.0,2222.47,916415.5164,0.3333333333333333
CUST102536,52,Male,Karaganda,Medium,91.59,6,9588.89,276.68,22.0,Electronics,124,0.3,False,0.4,0.34,High,18.0,3.61,Low,Yes,9,Online Wallet,True,False,False,16.43,5,2,9,Gold,App,8,-1,620,False,0,280,44.82,5073.15,878246.4351,0.782608695652174
CUST102542,39,Male,Astana,Low,88.31,7,7267.87,314.77,2.0,Groceries,136,0.17,True,0.06,0.06,Low,3.0,4.55,Medium,No,4,Online Wallet,False,False,False,7.25,11,10,20,Platinum,Social Media,8,-58,897,True,Premium,169,75.66,5316.11,641825.5997,1.0
CUST102543,65,Female,Astana,High,92.8,8,6339.37,259.47,31.0,Groceries,180,0.24,False,0.73,0.56,Medium,8.0,3.6,Medium,Yes,5,Cash,False,True,True,12.28,10,34,34,Bronze,Social Media,8,-82,2093,True,Basic,206,18.8,12141.07,588293.536,0.25
CUST102546,52,Male,Shymkent,Low,98.39,4,9285.8,44.3,37.0,Clothing,207,0.92,False,0.92,0.62,Low,4.0,4.83,High,No,1,Cash,True,True,True,1.04,12,34,35,Bronze,Social Media,7,-75,2978,True,Basic,104,13.39,6981.54,913629.862,0.10526315789473684
CUST102547,45,Male,Shymkent,Medium,56.61,3,9140.09,363.79,48.0,Electronics,213,0.75,False,0.59,0.77,High,18.0,3.6,Medium,Yes,5,Online Wallet,False,False,False,14.45,13,37,9,Gold,SMS,3,64,2318,True,0,148,35.78,2346.82,517420.4949,0.3673469387755102
CUST102556,19,Female,Almaty,Low,55.54,0,9059.1,56.71,4.0,Groceries,169,0.94,True,0.99,0.35,Medium,12.0,3.13,Medium,Yes,3,Card,False,False,True,11.33,9,47,36,Gold,App,8,60,1303,False,Premium,38,23.42,16131.31,503142.414,2.4
CUST102557,52,Male,Shymkent,Low,92.91,7,9100.49,249.97,39.0,Electronics,242,0.36,False,0.17,0.98,High,9.0,2.75,Medium,Yes,9,Card,False,True,False,7.34,9,7,9,Platinum,SMS,2,-60,344,False,Basic,2,68.19,8187.29,845526.5258999999,0.225
CUST102559,38,Female,Almaty,Low,99.3,1,7064.55,268.51,10.0,Beauty,194,0.33,True,0.74,0.38,High,10.0,4.84,Medium,Yes,4,Online Wallet,True,False,False,10.87,2,7,31,Gold,Social Media,9,99,2797,False,Premium,319,40.62,12963.46,701509.815,0.9090909090909091
CUST102567,56,Male,Astana,High,64.27,2,8876.41,90.8,34.0,Clothing,147,0.54,True,0.94,0.4,Medium,1.0,3.74,High,Yes,5,Card,False,False,False,16.67,5,14,25,Gold,Email,1,-46,1532,True,Basic,35,23.17,9422.77,570486.8707,0.02857142857142857
CUST102568,41,Male,Karaganda,Low,56.52,5,9346.05,406.48,15.0,Clothing,73,0.8,False,0.86,0.0,Low,18.0,3.58,Medium,No,1,Cash,True,False,False,12.87,13,0,17,Platinum,Email,7,16,204,False,0,5,19.3,613.4,528238.746,1.125
CUST102596,61,Male,Astana,Low,56.99,6,8897.89,79.83,5.0,Clothing,62,0.79,False,0.18,0.01,Low,8.0,1.89,Medium,No,7,Online Wallet,True,True,True,14.68,13,28,39,Bronze,Email,0,-23,1157,False,Basic,358,15.06,17633.04,507090.7511,1.3333333333333333
CUST102604,20,Male,Karaganda,High,79.94,2,6716.14,224.88,5.0,Groceries,159,0.86,True,0.5,0.01,Low,8.0,4.18,Medium,Yes,1,Card,True,False,False,2.15,12,8,19,Bronze,Social Media,7,-37,2063,True,Premium,307,58.93,12472.97,536888.2316,1.3333333333333333
CUST102606,20,Male,Almaty,High,74.74,6,8032.83,212.04,31.0,Clothing,242,0.34,False,0.49,0.98,High,17.0,4.75,Low,No,7,Online Wallet,True,False,False,10.37,2,9,12,Gold,Email,0,6,1833,False,Premium,288,37.17,17474.46,600373.7141999999,0.53125
CUST102611,61,Male,Shymkent,Low,76.74,5,7656.86,236.11,29.0,Beauty,215,0.73,True,0.19,0.17,High,12.0,1.64,High,Yes,4,Online Wallet,True,True,False,2.55,1,17,9,Bronze,App,3,57,2589,True,Premium,133,59.75,11320.0,587587.4363999999,0.4
CUST102615,52,Male,Karaganda,Medium,92.16,5,5639.49,365.16,34.0,Groceries,333,0.47,True,0.53,0.76,Low,10.0,4.12,High,No,6,Card,False,True,True,17.11,9,46,39,Bronze,SMS,9,-16,689,False,0,139,92.71,4185.19,519735.39839999995,0.2857142857142857
CUST102624,22,Female,Shymkent,Low,68.07,2,7660.47,293.78,37.0,Electronics,11,0.49,False,0.09,0.76,High,18.0,4.99,Medium,No,3,Cash,True,True,False,13.53,2,18,9,Gold,Email,8,-73,3627,True,Basic,181,93.27,16071.06,521448.19289999997,0.47368421052631576
CUST102632,33,Female,Karaganda,Low,86.12,8,8895.96,482.93,12.0,Electronics,175,0.75,False,0.46,0.23,High,16.0,4.06,High,Yes,0,Online Wallet,True,False,True,10.92,6,29,27,Platinum,Social Media,3,57,989,True,Premium,82,60.59,1439.62,766120.0752,1.2307692307692308
CUST102665,69,Female,Shymkent,Medium,87.2,1,9075.13,412.26,18.0,Electronics,339,0.45,False,0.48,0.79,Medium,9.0,2.69,Medium,Yes,0,Card,True,True,True,10.49,9,43,38,Gold,Social Media,0,74,1928,True,Basic,38,60.86,13147.48,791351.336,0.47368421052631576
CUST102669,50,Female,Astana,Low,97.27,0,6084.1,21.73,5.0,Beauty,277,0.8,True,0.98,0.77,Low,11.0,1.7,Medium,Yes,1,Card,True,True,False,10.78,4,12,6,Bronze,App,1,-43,2970,False,Basic,224,61.86,6381.17,591800.407,1.8333333333333333
CUST102677,44,Female,Shymkent,High,93.96,5,7819.29,475.6,26.0,Electronics,241,0.21,True,0.57,0.85,Medium,10.0,2.65,Medium,Yes,1,Card,False,True,False,12.1,7,19,24,Gold,Email,6,-63,1542,True,Basic,255,26.16,12137.45,734700.4883999999,0.37037037037037035
CUST102680,28,Female,Almaty,Low,97.97,7,5121.94,126.87,18.0,Groceries,254,0.18,False,0.8,0.56,Low,2.0,2.67,Low,No,2,Online Wallet,True,True,False,11.87,12,49,19,Gold,Social Media,1,71,1425,False,Premium,311,3.2,2124.81,501796.46179999993,0.10526315789473684
CUST102682,69,Female,Almaty,High,75.74,6,7580.61,26.44,6.0,Electronics,322,0.28,True,0.79,0.83,Medium,8.0,4.22,Low,Yes,2,Card,True,False,False,1.25,12,36,24,Silver,App,2,-82,723,True,0,61,38.07,4631.24,574155.4014,1.1428571428571428
CUST102697,64,Female,Karaganda,Low,65.36,0,7748.85,407.97,30.0,Clothing,23,0.53,True,0.02,0.31,Medium,9.0,3.12,Medium,Yes,3,Cash,False,True,True,9.63,14,14,16,Platinum,SMS,5,-85,2992,False,0,137,17.7,15051.78,506464.836,0.2903225806451613
CUST102713,69,Female,Karaganda,Medium,96.52,1,5382.33,158.66,43.0,Clothing,237,0.52,False,0.71,0.03,Medium,17.0,3.6,High,No,3,Cash,False,True,False,16.42,10,34,9,Bronze,Social Media,9,-11,3114,False,0,8,79.0,5261.99,519502.49159999995,0.38636363636363635
CUST102723,35,Male,Astana,Medium,81.32,3,8775.85,100.37,40.0,Groceries,154,0.2,False,0.48,0.39,Low,6.0,4.06,Low,No,3,Card,True,False,True,8.78,5,14,26,Platinum,App,2,-36,2277,True,Premium,243,14.37,712.86,713652.122,0.14634146341463414
CUST102733,48,Female,Astana,Medium,94.69,8,5490.44,246.7,44.0,Beauty,42,0.81,False,0.31,0.84,High,5.0,1.3,Low,No,2,Online Wallet,False,False,False,1.22,5,17,7,Gold,App,5,-30,3079,True,Basic,362,14.97,14501.47,519889.76359999995,0.1111111111111111
CUST102744,42,Female,Astana,Low,67.24,6,8493.74,162.4,37.0,Clothing,234,0.1,False,0.21,0.49,Low,4.0,1.39,Medium,No,4,Online Wallet,True,True,False,3.48,2,45,37,Platinum,Social Media,8,83,86,False,Premium,255,92.42,6933.15,571119.0776,0.10526315789473684
CUST102764,46,Male,Almaty,High,94.26,5,7094.19,478.44,22.0,Beauty,185,0.73,True,0.6,0.81,Low,5.0,2.74,Medium,No,0,Online Wallet,False,True,False,2.38,12,37,26,Gold,Social Media,9,34,767,True,Premium,311,26.94,10360.76,668698.3494,0.21739130434782608
CUST102769,19,Male,Astana,Low,79.51,4,8387.71,447.85,10.0,Beauty,278,0.79,True,0.97,0.66,Medium,18.0,1.15,Medium,No,8,Card,False,True,False,1.84,1,17,18,Gold,App,2,71,821,False,Premium,41,39.31,1981.05,666906.8221,1.6363636363636365
CUST102782,48,Male,Karaganda,High,73.25,9,8873.88,217.41,5.0,Electronics,128,0.98,False,0.44,0.79,High,9.0,2.97,Medium,No,3,Card,True,False,True,4.43,7,10,14,Gold,Email,6,-80,71,False,Premium,168,98.07,18991.91,650011.71,1.5
CUST102792,63,Female,Karaganda,High,97.59,5,7641.46,491.46,29.0,Groceries,170,0.73,False,0.08,0.48,Medium,17.0,3.79,Medium,Yes,0,Cash,True,False,True,18.24,10,1,12,Gold,App,2,38,1837,True,Basic,113,80.52,10708.86,745730.0814,0.5666666666666667
CUST102798,21,Female,Astana,High,96.42,0,9550.39,361.01,18.0,Clothing,363,0.69,False,0.08,0.0,High,3.0,2.51,Low,No,9,Cash,False,False,False,15.66,6,30,38,Platinum,Social Media,2,38,3307,True,0,312,1.11,13175.0,920848.6037999999,0.15789473684210525
CUST102818,39,Male,Karaganda,High,74.49,9,7962.65,493.08,24.0,Electronics,278,0.05,False,0.64,0.23,High,16.0,1.17,High,No,8,Cash,True,False,True,16.74,8,25,14,Gold,SMS,3,60,3528,True,0,1,96.05,4148.49,593137.7984999999,0.64
CUST102838,67,Female,Almaty,High,60.94,2,9022.67,399.42,11.0,Groceries,322,0.95,False,0.53,0.13,High,9.0,4.17,High,No,9,Card,False,True,False,9.78,8,46,10,Silver,App,4,-84,160,False,0,227,31.94,4725.24,549841.5098,0.75
CUST102840,38,Male,Astana,Medium,81.64,3,9868.53,434.46,49.0,Beauty,50,1.0,True,0.21,0.77,High,4.0,3.54,High,No,5,Cash,False,True,False,5.96,14,24,27,Silver,Social Media,7,-95,1217,True,Premium,350,90.59,10174.9,805666.7892000001,0.08
CUST102842,54,Female,Almaty,Low,70.91,9,7928.01,431.98,23.0,Electronics,217,0.8,True,0.88,0.57,Medium,13.0,3.28,High,No,0,Card,False,False,False,4.69,7,41,7,Gold,App,1,-41,1866,True,Basic,71,31.01,13369.55,562175.1891,0.5416666666666666
CUST102872,26,Female,Karaganda,Medium,71.55,5,7594.5,94.26,8.0,Groceries,348,0.99,False,0.03,0.27,High,14.0,3.1,Low,Yes,8,Online Wallet,True,True,False,6.4,1,31,12,Bronze,App,4,-6,2190,True,Premium,178,79.2,5521.92,543386.475,1.5555555555555556
CUST102873,58,Male,Astana,Medium,82.24,7,9724.55,44.07,23.0,Beauty,253,0.29,False,0.38,0.96,Medium,12.0,1.93,High,No,6,Online Wallet,True,False,False,8.77,8,39,22,Silver,Email,5,27,1564,True,Premium,65,28.68,3096.36,799746.9919999999,0.5
CUST102880,67,Female,Karaganda,High,71.4,9,8438.07,447.98,22.0,Electronics,150,0.04,True,0.32,0.33,Low,1.0,2.39,Low,No,3,Card,False,True,True,2.86,0,26,35,Gold,SMS,8,-16,221,False,0,217,99.38,13523.26,602478.198,0.043478260869565216
CUST102881,57,Male,Almaty,Low,67.39,6,8341.9,429.07,40.0,Beauty,162,0.45,True,0.61,0.6,Medium,0.0,2.16,Medium,No,3,Online Wallet,False,True,False,5.02,3,16,18,Gold,SMS,8,-72,322,True,Basic,355,80.51,7204.67,562160.641,0.0
CUST102891,34,Female,Almaty,Low,89.79,4,8696.34,217.16,36.0,Clothing,313,0.83,False,0.58,0.79,Low,2.0,2.61,Medium,Yes,5,Cash,True,False,False,17.33,11,6,38,Gold,Social Media,3,53,3316,True,0,292,14.92,4093.75,780844.3686,0.05405405405405406
CUST102892,40,Male,Astana,Low,86.52,8,5884.88,23.73,19.0,Beauty,332,0.82,False,0.76,0.46,Medium,13.0,2.89,Low,Yes,7,Cash,True,False,False,15.03,12,4,11,Gold,App,0,95,803,True,Premium,231,16.73,8953.27,509159.8176,0.65
CUST102894,62,Female,Astana,Low,84.68,6,5984.02,165.47,7.0,Groceries,257,0.38,False,0.46,0.93,Low,0.0,3.02,Low,Yes,2,Cash,True,False,True,16.62,0,34,39,Gold,SMS,1,45,351,True,0,110,9.44,18512.54,506726.81360000005,0.0
CUST102907,18,Male,Almaty,High,78.73,0,6466.56,13.37,29.0,Electronics,190,0.1,False,0.54,0.02,Low,0.0,4.3,Medium,No,4,Cash,False,False,True,5.51,4,12,36,Bronze,App,3,-37,1108,True,Basic,218,83.58,12574.31,509112.2688000001,0.0
CUST102915,37,Male,Shymkent,Medium,98.73,1,7898.76,307.4,4.0,Electronics,313,0.43,False,0.58,0.7,Medium,11.0,1.82,High,No,9,Cash,True,False,False,6.08,1,17,29,Gold,Social Media,6,-94,1717,False,0,137,55.89,10247.5,779844.5748000001,2.2
CUST102919,63,Female,Karaganda,Low,86.35,7,6896.17,100.5,16.0,Clothing,312,0.06,False,0.09,0.48,Low,6.0,1.94,Low,Yes,7,Cash,True,True,False,15.09,0,40,26,Silver,SMS,8,-45,756,True,Premium,151,69.0,16926.96,595484.2795,0.35294117647058826
CUST102923,32,Female,Karaganda,Medium,78.96,0,9107.11,200.45,34.0,Beauty,188,0.19,True,0.92,0.34,High,12.0,3.0,Medium,No,2,Online Wallet,False,False,True,5.87,7,18,6,Bronze,SMS,5,-58,3453,False,Basic,311,29.52,2289.81,719097.4055999999,0.34285714285714286
CUST102927,45,Male,Shymkent,Low,97.61,7,5340.54,229.0,37.0,Beauty,101,0.23,True,0.17,0.88,High,10.0,4.69,Low,No,3,Cash,True,False,False,15.21,10,10,36,Bronze,Email,3,-85,1616,True,Premium,58,83.98,11018.02,521290.1094,0.2631578947368421
CUST102928,68,Male,Astana,Low,89.41,8,8170.07,31.93,3.0,Beauty,247,0.65,False,0.02,0.31,Low,12.0,1.19,High,No,2,Online Wallet,False,True,True,14.66,9,5,1,Bronze,Social Media,5,-97,539,False,Premium,292,69.77,12750.13,730485.9587,3.0
CUST102942,48,Male,Karaganda,Medium,96.82,5,7436.25,406.15,3.0,Electronics,27,0.68,True,0.47,0.99,High,16.0,4.92,Low,Yes,4,Online Wallet,False,True,False,8.9,0,37,29,Silver,Email,2,92,2689,False,Basic,212,71.15,7362.13,719977.725,4.0
CUST102943,25,Male,Astana,Low,79.91,0,7621.41,176.59,27.0,Electronics,62,0.49,False,0.46,0.7,Medium,11.0,2.56,Low,No,3,Card,False,True,False,12.2,10,39,17,Bronze,App,5,-12,2972,True,Premium,301,25.04,8979.52,609026.8731,0.39285714285714285
CUST102945,42,Male,Shymkent,Medium,73.15,4,8356.36,62.1,23.0,Beauty,279,0.11,True,0.46,0.42,Medium,6.0,3.59,High,Yes,5,Card,False,True,True,14.09,2,3,17,Platinum,App,0,-10,2921,True,Basic,345,84.39,14393.62,611267.734,0.25
CUST102953,21,Female,Astana,Low,82.07,2,7311.88,136.7,31.0,Groceries,170,0.25,False,0.91,0.85,Low,8.0,1.51,High,No,2,Online Wallet,False,True,False,2.22,6,48,23,Gold,Email,9,16,3417,True,Premium,134,7.2,14602.41,600085.9916,0.25
CUST102954,31,Male,Karaganda,Low,81.32,4,7384.3,237.65,15.0,Clothing,194,0.57,True,0.18,0.33,Medium,14.0,4.0,Medium,No,4,Online Wallet,False,False,True,16.8,12,45,19,Silver,Email,7,-9,3534,True,Premium,20,74.9,233.14,600491.276,0.875
CUST102959,27,Female,Karaganda,High,91.72,2,9063.77,447.97,45.0,Groceries,150,0.92,False,0.64,0.26,Medium,13.0,3.8,Low,No,4,Cash,True,True,True,9.54,7,42,35,Platinum,Social Media,3,55,3187,True,Premium,164,59.04,11136.44,831328.9844000001,0.2826086956521739
CUST102961,53,Female,Astana,Low,98.02,7,6399.72,270.74,1.0,Clothing,73,0.26,True,0.04,0.01,Medium,1.0,2.23,High,No,5,Online Wallet,True,True,True,5.54,4,23,3,Platinum,SMS,2,27,2251,False,Basic,67,95.47,17416.53,627300.5544,0.5
CUST102964,57,Male,Astana,High,83.51,0,8752.62,402.63,5.0,Groceries,165,0.65,True,0.06,0.88,High,17.0,2.5,Low,Yes,9,Online Wallet,False,False,False,6.62,13,43,11,Gold,Social Media,1,-73,3519,True,Premium,159,80.37,7529.64,730931.2962000001,2.8333333333333335
CUST102967,49,Male,Karaganda,Low,99.78,1,9249.47,211.24,33.0,Clothing,12,0.42,False,0.63,0.44,Medium,14.0,1.06,Medium,No,2,Online Wallet,False,True,False,14.84,6,49,0,Bronze,Email,2,35,812,False,Premium,351,14.99,630.35,922912.1166,0.4117647058823529
CUST102972,51,Male,Almaty,High,98.1,1,8288.6,386.95,10.0,Electronics,95,0.84,True,0.76,0.33,Low,12.0,4.3,High,Yes,3,Online Wallet,False,True,True,18.91,8,37,21,Silver,Social Media,6,-99,2214,True,Basic,353,99.2,6866.55,813111.66,1.0909090909090908
CUST102976,34,Male,Shymkent,Medium,82.1,4,8874.04,353.73,29.0,Groceries,13,0.89,False,0.11,0.24,Low,9.0,1.86,Medium,No,9,Cash,False,False,False,9.33,0,21,27,Gold,Email,2,96,58,False,0,112,18.89,18042.87,728558.684,0.3
CUST102978,35,Female,Almaty,High,94.18,9,6109.59,383.59,47.0,Groceries,141,0.55,False,0.49,0.29,Low,8.0,4.2,Low,Yes,1,Cash,True,False,True,2.31,3,6,28,Bronze,Social Media,2,66,1166,False,Premium,284,70.91,4279.65,575401.1862000001,0.16666666666666666
CUST102979,26,Male,Astana,Low,99.99,5,6760.81,11.33,32.0,Groceries,231,0.24,True,0.79,0.52,Medium,15.0,3.58,High,No,9,Cash,True,True,True,13.52,4,22,24,Bronze,App,9,39,1839,True,0,353,87.81,4925.77,676013.3919,0.45454545454545453
CUST102980,42,Male,Shymkent,Low,88.64,1,8209.18,173.38,46.0,Beauty,40,0.13,False,0.05,0.93,Low,12.0,3.49,Low,No,1,Card,True,False,True,9.92,6,18,24,Gold,Social Media,6,37,3292,False,Premium,170,26.59,19782.91,727661.7152,0.2553191489361702
CUST102984,67,Male,Karaganda,Low,73.04,4,7230.0,396.41,46.0,Groceries,340,0.48,False,0.88,0.59,Low,6.0,2.95,Medium,Yes,9,Card,False,True,False,7.74,8,27,7,Platinum,App,4,40,1520,True,Premium,94,36.45,12304.8,528079.2000000001,0.1276595744680851
CUST103005,38,Male,Almaty,Low,84.2,9,9296.24,44.88,8.0,Beauty,332,0.69,True,0.21,0.52,Low,19.0,3.66,Low,No,1,Online Wallet,False,True,False,14.0,14,37,13,Silver,Email,2,89,1715,True,Basic,209,0.6,16287.51,782743.408,2.111111111111111
CUST103007,38,Female,Karaganda,Low,83.84,6,8926.11,150.42,11.0,Clothing,325,0.62,True,0.41,0.45,High,8.0,1.36,High,Yes,6,Card,True,False,False,1.14,5,42,4,Gold,Social Media,0,-25,173,False,0,349,20.28,19850.67,748365.0624,0.6666666666666666
CUST103026,19,Female,Karaganda,Low,83.64,8,9823.82,35.51,34.0,Clothing,216,0.25,False,0.94,0.88,Low,5.0,4.68,Low,No,2,Online Wallet,False,True,True,1.42,0,46,29,Gold,Email,8,-93,2849,False,Premium,214,46.73,9991.14,821664.3047999999,0.14285714285714285
CUST103033,48,Male,Shymkent,High,96.62,9,5183.28,230.88,19.0,Electronics,222,0.2,True,0.47,0.62,Medium,15.0,3.24,High,Yes,0,Card,True,False,False,5.8,9,21,1,Platinum,Social Media,6,-76,2614,False,Premium,312,61.52,116.79,500808.5136,0.75
CUST103035,68,Male,Shymkent,Medium,93.62,8,5903.28,313.42,43.0,Groceries,126,0.49,False,0.69,0.18,High,13.0,3.69,High,Yes,9,Cash,False,False,True,18.04,7,44,15,Platinum,Email,9,-25,2066,False,0,82,2.87,19127.39,552665.0736,0.29545454545454547
CUST103041,60,Male,Astana,High,87.15,8,9260.09,354.84,36.0,Beauty,303,0.26,True,0.31,0.8,High,11.0,4.33,Medium,No,5,Card,True,True,True,6.23,3,1,33,Gold,Social Media,2,78,363,False,Premium,318,39.11,8772.61,807016.8435000001,0.2972972972972973
CUST103043,50,Male,Shymkent,High,81.45,5,8234.67,223.02,16.0,Electronics,0,0.88,False,0.97,0.75,High,17.0,2.71,Medium,No,9,Cash,True,False,False,7.53,14,38,15,Gold,SMS,0,60,1969,True,Premium,68,29.35,16669.85,670713.8715,1.0
CUST103044,20,Male,Shymkent,High,71.17,1,7292.75,58.41,13.0,Electronics,1,0.24,False,0.05,0.82,High,3.0,1.45,High,No,0,Cash,False,False,True,7.18,5,11,34,Silver,Email,7,24,2297,True,0,101,55.86,15372.22,519025.0175,0.21428571428571427
CUST103046,40,Female,Almaty,High,92.98,5,8056.13,128.72,48.0,Electronics,292,0.96,True,0.2,0.98,High,17.0,1.6,High,Yes,0,Cash,True,True,True,16.26,3,14,28,Gold,SMS,7,-66,2221,False,0,201,59.55,8305.08,749058.9674000001,0.3469387755102041
CUST103050,61,Male,Astana,High,60.31,7,9278.02,373.66,8.0,Electronics,171,0.53,False,0.43,0.96,High,19.0,1.19,Medium,No,1,Card,False,False,False,8.6,10,43,28,Bronze,Social Media,6,41,1501,False,Premium,267,53.33,10673.75,559557.3862000001,2.111111111111111
CUST103051,64,Male,Karaganda,High,57.29,4,8965.55,21.19,33.0,Clothing,151,0.28,False,0.83,0.2,Low,4.0,3.41,High,Yes,9,Cash,False,False,True,2.62,9,26,21,Bronze,Email,7,54,1608,False,Premium,240,21.86,8483.72,513636.35949999996,0.11764705882352941
CUST103057,33,Female,Karaganda,Low,63.06,3,9088.41,395.89,22.0,Clothing,165,0.61,False,0.38,0.78,High,10.0,4.76,Medium,No,3,Online Wallet,True,True,False,17.63,9,11,1,Gold,SMS,3,54,964,True,Premium,283,12.49,1625.24,573115.1346,0.43478260869565216
CUST103063,18,Female,Almaty,High,67.04,9,7987.82,410.92,22.0,Groceries,189,0.74,True,0.82,0.78,High,2.0,4.92,Medium,No,9,Card,False,True,True,15.59,4,41,8,Platinum,App,2,92,2051,False,Basic,11,72.91,1935.55,535503.4528000001,0.08695652173913043
CUST103066,52,Male,Astana,Low,91.78,2,8807.87,124.01,18.0,Clothing,154,0.4,True,0.46,0.57,Low,10.0,1.33,High,Yes,5,Cash,False,False,False,18.6,2,1,4,Silver,App,4,-30,434,True,0,289,64.55,1691.19,808386.3086000001,0.5263157894736842
CUST103075,56,Male,Shymkent,Medium,67.97,5,9544.87,423.4,8.0,Beauty,110,0.03,True,0.77,0.67,Low,12.0,2.32,Low,No,9,Card,False,True,False,9.31,0,25,25,Gold,Social Media,7,51,887,True,0,173,50.49,14211.61,648764.8139000001,1.3333333333333333
CUST103083,69,Male,Shymkent,Medium,78.0,4,6672.92,367.09,28.0,Electronics,209,0.34,False,0.42,0.48,Medium,14.0,4.24,Medium,No,1,Online Wallet,True,False,False,3.19,3,41,1,Gold,Email,1,72,2594,True,0,117,46.0,16097.25,520487.76,0.4827586206896552
CUST103086,59,Male,Karaganda,High,73.37,0,7113.31,279.98,29.0,Beauty,16,0.45,False,0.74,0.46,Low,14.0,4.91,High,No,8,Online Wallet,False,True,True,6.97,12,33,4,Bronze,App,6,-78,266,True,Premium,64,99.16,7260.02,521903.55470000004,0.4666666666666667
CUST103087,43,Male,Almaty,High,85.68,8,9339.95,418.16,9.0,Beauty,183,0.86,True,0.23,0.77,Medium,6.0,1.04,High,No,2,Online Wallet,True,False,False,11.22,12,41,37,Silver,Social Media,6,-86,2568,False,0,4,23.27,6500.65,800246.9160000001,0.6
CUST103088,29,Female,Shymkent,Low,61.07,8,9422.8,307.77,22.0,Electronics,85,0.73,False,0.92,0.66,Low,9.0,4.47,High,No,8,Cash,True,False,True,8.91,4,22,5,Silver,App,7,-51,1530,False,Premium,81,77.21,4721.0,575450.396,0.391304347826087
CUST103093,37,Female,Shymkent,Medium,76.19,3,8842.87,437.56,39.0,Beauty,78,0.56,True,0.85,0.1,High,1.0,4.33,Low,Yes,2,Online Wallet,True,False,False,8.44,13,34,7,Platinum,Email,1,51,1378,True,0,166,82.79,19104.63,673738.2653000001,0.025
CUST103100,54,Female,Almaty,Medium,94.7,1,5465.58,51.25,48.0,Clothing,288,0.07,False,0.8,0.7,Medium,0.0,1.93,Low,Yes,7,Card,False,False,True,6.87,6,19,11,Silver,SMS,4,9,908,True,0,69,69.83,18225.26,517590.42600000004,0.0
CUST103103,21,Female,Astana,Medium,76.55,7,8932.18,335.49,46.0,Beauty,181,0.6,False,0.59,0.7,Low,4.0,1.14,Medium,No,5,Cash,True,True,False,13.49,0,18,24,Platinum,SMS,2,-86,2284,False,0,30,79.09,9440.66,683758.379,0.0851063829787234
CUST103114,38,Male,Shymkent,Low,98.08,3,7475.5,42.61,9.0,Beauty,156,0.79,True,0.71,0.05,High,8.0,3.88,High,No,5,Online Wallet,True,False,False,4.73,0,15,14,Bronze,App,4,-55,1882,False,0,286,67.46,17340.97,733197.04,0.8
CUST103117,63,Male,Shymkent,High,82.55,3,7724.44,137.33,7.0,Electronics,212,0.45,True,0.29,0.19,Low,1.0,1.38,High,Yes,8,Cash,False,False,False,9.08,7,12,1,Platinum,App,3,83,1477,False,0,246,58.47,9683.72,637652.522,0.125
CUST103118,21,Female,Shymkent,Low,89.14,6,6528.14,293.3,13.0,Groceries,333,0.54,False,0.19,0.14,High,3.0,4.29,Low,Yes,9,Card,False,False,False,16.69,7,14,30,Silver,Email,1,74,2116,False,Basic,348,79.31,19002.93,581918.3996,0.21428571428571427
CUST103121,34,Female,Karaganda,High,68.19,8,8805.07,454.88,8.0,Groceries,79,0.4,True,0.06,0.23,High,15.0,2.58,Low,No,2,Online Wallet,True,True,True,2.64,9,26,10,Bronze,Email,3,96,686,False,Premium,207,97.98,5979.76,600417.7233,1.6666666666666667
CUST103129,33,Female,Astana,High,86.78,5,7330.51,240.3,20.0,Beauty,217,0.74,True,0.83,0.72,High,1.0,3.56,Low,Yes,7,Card,True,True,True,20.0,7,21,18,Platinum,App,3,-90,3164,False,Premium,270,47.49,7183.09,636141.6578,0.047619047619047616
CUST103135,35,Male,Almaty,Low,77.92,2,7093.09,87.48,13.0,Beauty,52,0.83,True,0.6,0.34,High,10.0,3.31,Low,No,0,Cash,True,True,True,16.29,6,23,11,Gold,SMS,9,-51,1782,False,Basic,290,41.27,3121.59,552693.5728,0.7142857142857143
CUST103136,36,Male,Almaty,Medium,62.54,1,9416.42,132.6,2.0,Beauty,200,0.57,True,0.52,0.14,Low,5.0,1.69,Medium,Yes,4,Online Wallet,False,True,True,1.94,6,2,19,Platinum,Email,3,-3,842,True,Premium,101,48.23,541.78,588902.9068,1.6666666666666667
CUST103141,36,Male,Karaganda,Medium,97.95,5,6639.82,397.23,16.0,Groceries,177,0.88,True,0.07,0.69,Low,1.0,1.35,Low,Yes,4,Card,False,True,True,15.68,1,8,21,Gold,Email,4,81,3072,False,Premium,65,92.24,15956.93,650370.369,0.058823529411764705
CUST103144,62,Female,Karaganda,High,62.73,9,8081.34,261.4,2.0,Electronics,287,0.37,True,0.21,0.69,High,11.0,1.93,High,Yes,4,Cash,False,False,True,5.9,1,18,39,Bronze,SMS,8,11,1816,True,0,113,43.75,16490.59,506942.4582,3.6666666666666665
CUST103146,47,Male,Almaty,Low,85.85,4,9672.68,95.82,24.0,Clothing,212,0.58,True,0.55,0.52,Low,7.0,4.31,Medium,No,2,Cash,False,True,False,19.98,8,16,14,Gold,SMS,8,-87,1878,True,0,205,97.16,11193.79,830399.578,0.28
CUST103148,48,Male,Almaty,Low,96.32,2,9928.41,440.32,29.0,Groceries,171,0.53,False,0.83,0.93,High,9.0,4.33,Medium,No,0,Cash,False,True,False,6.64,12,8,26,Silver,Email,9,94,2413,False,0,318,3.21,7207.91,956304.4511999999,0.3
CUST103154,47,Male,Shymkent,High,80.78,3,9461.85,374.26,48.0,Clothing,149,0.33,False,0.9,0.91,Medium,10.0,4.56,High,Yes,7,Online Wallet,False,True,True,5.12,3,44,37,Platinum,Social Media,8,1,1944,True,Basic,246,0.11,9706.88,764328.243,0.20408163265306123
CUST103155,66,Female,Shymkent,Medium,70.52,5,9986.89,197.05,34.0,Clothing,241,0.25,True,0.56,0.91,Medium,3.0,2.15,Medium,No,4,Card,False,True,True,5.03,10,33,33,Bronze,Email,1,-55,3316,False,Basic,279,81.52,873.9,704275.4827999999,0.08571428571428572
CUST103158,69,Female,Astana,High,96.3,2,8422.93,70.92,39.0,Beauty,177,0.28,True,0.69,0.59,High,16.0,4.96,Medium,Yes,3,Online Wallet,True,False,True,12.45,1,29,38,Silver,SMS,7,81,775,True,0,202,74.56,3692.14,811128.159,0.4
CUST103167,21,Female,Astana,Medium,74.06,7,9315.45,77.68,36.0,Groceries,71,0.79,False,0.44,0.15,Medium,8.0,3.92,High,Yes,5,Cash,True,False,False,16.14,5,15,0,Bronze,Email,5,9,2585,False,Premium,233,38.39,7771.66,689902.2270000001,0.21621621621621623
CUST103173,23,Female,Astana,Low,92.6,1,9406.8,66.55,45.0,Electronics,178,0.28,True,0.39,0.99,Medium,8.0,2.15,High,No,9,Online Wallet,True,False,True,14.2,6,45,25,Platinum,App,2,-13,1167,True,0,350,77.47,14286.33,871069.6799999999,0.17391304347826086
CUST103181,22,Male,Almaty,High,85.33,3,8597.68,453.32,10.0,Beauty,347,0.01,False,0.44,0.09,Medium,18.0,2.53,Low,No,5,Cash,False,True,True,4.87,3,2,16,Bronze,SMS,9,-20,1666,False,Premium,0,38.32,2486.93,733640.0344,1.6363636363636365
CUST103186,30,Female,Astana,Low,95.67,7,6444.4,415.77,11.0,Clothing,8,0.46,False,0.25,0.65,High,5.0,4.03,Medium,No,5,Cash,True,False,False,1.44,1,27,25,Silver,Social Media,2,70,2725,True,0,118,35.6,12237.7,616535.748,0.4166666666666667
CUST103210,23,Female,Shymkent,High,84.36,5,6220.46,241.17,30.0,Electronics,354,0.02,True,0.78,0.11,High,4.0,4.74,Low,Yes,1,Card,True,False,False,10.61,5,10,33,Bronze,Email,2,-25,518,False,Premium,91,68.94,19554.68,524758.0056,0.12903225806451613
CUST103212,21,Female,Almaty,High,89.04,7,9405.25,81.16,3.0,Groceries,100,0.33,True,0.67,0.33,Low,9.0,2.12,Medium,Yes,3,Card,True,True,False,9.7,4,38,7,Bronze,Social Media,7,92,2569,True,Premium,12,30.57,18840.64,837443.4600000001,2.25
CUST103216,52,Male,Almaty,Medium,94.33,3,6875.51,197.1,46.0,Electronics,102,0.9,False,0.21,0.01,Low,11.0,3.01,Low,No,4,Online Wallet,False,True,False,7.32,5,7,8,Silver,Email,0,89,1771,True,0,215,44.76,3312.38,648566.8583,0.23404255319148937
CUST103220,23,Female,Karaganda,Low,90.51,8,8505.71,32.82,6.0,Beauty,89,0.44,True,0.52,0.04,Medium,7.0,4.94,Low,Yes,8,Cash,True,True,False,7.12,10,48,0,Silver,SMS,1,-40,2155,False,Premium,71,25.88,16789.41,769851.8121,1.0
CUST103225,37,Female,Almaty,Low,91.87,3,9269.84,408.99,12.0,Groceries,257,0.32,True,0.41,0.49,Medium,3.0,1.9,High,No,6,Cash,False,False,True,14.8,11,17,25,Bronze,Social Media,4,-21,1602,True,0,75,20.56,9683.55,851620.2008000001,0.23076923076923078
CUST103227,42,Female,Shymkent,Low,91.96,6,8011.03,303.33,30.0,Beauty,154,0.79,True,0.51,0.6,High,2.0,1.02,High,Yes,9,Cash,True,False,True,5.42,10,19,13,Gold,SMS,5,-43,3325,True,Basic,309,22.33,9958.57,736694.3187999999,0.06451612903225806
CUST103229,38,Male,Shymkent,Medium,59.84,1,9017.75,299.52,39.0,Electronics,310,0.76,True,0.46,0.53,High,6.0,2.28,Low,Yes,3,Online Wallet,True,True,True,14.56,3,0,19,Bronze,Social Media,4,34,1123,False,0,256,9.22,6889.61,539622.16,0.15
CUST103239,45,Male,Almaty,Medium,73.26,6,9524.82,61.29,46.0,Clothing,73,0.17,True,0.57,0.2,Medium,12.0,1.21,High,No,9,Online Wallet,True,False,True,5.73,5,17,39,Silver,App,7,-47,78,False,Basic,266,9.59,12729.57,697788.3132,0.2553191489361702
CUST103244,48,Female,Almaty,Medium,93.62,0,7979.3,481.86,20.0,Electronics,157,0.68,True,0.6,0.49,High,13.0,1.05,Low,Yes,2,Cash,True,False,False,19.66,4,28,20,Bronze,Social Media,6,-96,2840,False,0,102,44.64,12292.59,747022.0660000001,0.6190476190476191
CUST103253,60,Female,Karaganda,Medium,61.9,5,8818.46,270.11,5.0,Electronics,216,0.34,True,0.24,0.48,High,13.0,3.68,High,Yes,9,Online Wallet,False,True,True,11.73,4,33,1,Gold,Social Media,3,64,851,False,Basic,137,32.01,17698.97,545862.6739999999,2.1666666666666665
CUST103259,67,Female,Karaganda,Medium,87.89,5,9544.51,66.05,35.0,Clothing,273,0.64,False,0.16,0.18,Medium,15.0,4.96,High,No,2,Cash,True,True,True,8.43,1,47,7,Gold,SMS,1,-74,402,False,Basic,227,45.28,12711.72,838866.9839,0.4166666666666667
CUST103273,38,Female,Karaganda,High,84.97,6,6593.54,35.86,37.0,Electronics,276,0.22,True,0.48,0.43,Low,17.0,3.28,High,Yes,2,Online Wallet,False,False,False,6.15,7,0,39,Gold,SMS,7,-99,2403,False,Premium,275,47.8,2434.13,560253.0938,0.4473684210526316
CUST103274,59,Female,Almaty,Low,96.36,2,9614.53,213.69,22.0,Clothing,272,0.95,True,0.09,0.34,Low,1.0,4.13,Medium,Yes,4,Card,True,True,False,15.66,1,26,22,Silver,SMS,2,39,161,True,0,22,56.6,11164.13,926456.1108,0.043478260869565216
CUST103282,20,Male,Shymkent,Low,91.1,4,8576.75,109.13,49.0,Electronics,48,0.4,False,0.14,0.48,High,12.0,2.38,High,No,1,Online Wallet,True,True,False,19.79,9,5,34,Bronze,Social Media,0,-6,505,False,0,22,47.82,15708.65,781341.9249999999,0.24
CUST103290,42,Female,Karaganda,Medium,71.56,3,7778.91,61.21,34.0,Beauty,322,0.91,True,0.42,0.4,High,2.0,4.78,High,Yes,4,Online Wallet,False,True,True,7.74,9,2,6,Bronze,SMS,8,-79,3586,False,Premium,331,7.05,16186.17,556658.7996,0.05714285714285714
CUST103298,24,Female,Shymkent,Medium,65.13,7,9997.99,220.65,45.0,Beauty,107,0.34,False,0.76,0.4,High,5.0,3.96,High,No,4,Cash,True,False,True,4.66,8,21,29,Bronze,Social Media,5,85,472,False,Premium,147,77.45,18173.08,651169.0887,0.10869565217391304
CUST103303,51,Female,Almaty,Medium,72.75,7,8401.65,443.79,36.0,Electronics,102,0.01,False,0.65,0.6,Medium,1.0,4.63,Low,No,6,Card,True,False,True,6.7,2,21,10,Platinum,App,3,80,3529,True,0,290,81.34,1941.78,611220.0375,0.02702702702702703
CUST103315,51,Male,Shymkent,Medium,73.92,1,6993.55,410.93,29.0,Beauty,261,0.27,False,0.05,0.46,Medium,8.0,2.17,Low,No,0,Online Wallet,False,True,False,14.33,3,41,11,Bronze,Social Media,4,11,3625,True,0,250,25.68,8146.23,516963.216,0.26666666666666666
CUST103320,19,Male,Shymkent,Low,76.99,6,9554.62,346.78,27.0,Groceries,131,0.79,True,0.76,0.36,High,8.0,2.1,Medium,Yes,9,Card,True,False,True,17.42,3,36,11,Silver,App,2,-73,2332,True,Premium,89,42.12,13972.93,735610.1938,0.2857142857142857
CUST103328,68,Male,Shymkent,Medium,57.25,0,9012.31,207.4,19.0,Groceries,117,0.26,False,0.85,0.1,Low,12.0,2.48,Medium,Yes,1,Online Wallet,True,True,True,10.8,4,30,18,Platinum,SMS,7,9,2284,True,0,351,92.07,10308.11,515954.7475,0.6
CUST103339,66,Male,Shymkent,High,76.44,7,8544.77,226.45,18.0,Groceries,241,0.56,True,0.43,0.55,Low,16.0,4.4,Medium,No,3,Cash,False,True,False,15.3,9,35,35,Platinum,Social Media,9,29,783,True,0,96,68.47,19902.42,653162.2188,0.8421052631578947
CUST103344,43,Female,Almaty,Medium,92.98,5,6439.03,67.31,20.0,Groceries,110,0.33,False,0.12,0.51,Low,9.0,1.92,Medium,Yes,2,Card,True,False,True,10.99,10,32,24,Silver,SMS,7,12,3392,True,Premium,279,75.65,4127.04,598701.0094,0.42857142857142855
CUST103354,69,Male,Almaty,High,93.04,7,5901.51,138.59,16.0,Electronics,26,0.71,False,0.52,0.13,Low,12.0,1.02,Low,Yes,8,Card,True,True,True,19.19,13,18,39,Silver,SMS,3,-95,2126,False,Basic,233,88.0,501.77,549076.4904,0.7058823529411765
CUST103356,31,Male,Almaty,High,63.04,8,9186.97,476.52,35.0,Electronics,345,0.03,True,0.46,0.06,Medium,7.0,2.77,Low,Yes,1,Online Wallet,False,True,False,13.69,12,24,33,Gold,App,0,-37,924,False,0,261,35.55,8431.45,579146.5887999999,0.19444444444444445
CUST103366,25,Female,Karaganda,Low,70.41,2,8705.5,314.08,47.0,Groceries,173,0.17,False,0.9,0.65,Low,18.0,1.89,Medium,No,6,Card,False,False,True,10.39,6,49,9,Silver,Email,1,-32,1375,True,Basic,324,77.01,11162.4,612954.255,0.375
CUST103367,61,Female,Almaty,Low,96.07,6,9695.42,475.73,25.0,Clothing,216,0.68,False,0.94,0.11,Low,7.0,4.0,High,Yes,9,Cash,False,True,True,11.49,10,36,30,Silver,Social Media,9,-39,1268,False,Basic,358,0.96,18907.53,931438.9994,0.2692307692307692
CUST103368,50,Female,Shymkent,Low,79.1,0,9971.6,435.63,45.0,Beauty,232,0.42,False,0.65,0.82,High,1.0,1.36,Medium,No,6,Online Wallet,False,False,True,8.29,3,36,3,Platinum,App,8,-16,119,False,Basic,178,19.28,4461.75,788753.5599999999,0.021739130434782608
CUST103371,52,Female,Karaganda,Low,66.56,9,8759.52,88.8,32.0,Electronics,158,0.6,False,0.93,0.44,High,3.0,2.23,Low,Yes,1,Cash,True,True,True,18.02,2,25,39,Silver,Email,4,-49,3066,True,Premium,171,24.93,4031.58,583033.6512000001,0.09090909090909091
CUST103375,40,Female,Astana,Medium,95.15,5,7501.74,384.3,49.0,Beauty,274,0.36,True,0.82,0.6,Low,15.0,2.42,Low,No,6,Cash,False,False,False,4.78,8,40,33,Bronze,SMS,3,58,2888,True,0,104,33.44,16867.95,713790.561,0.3
CUST103382,28,Female,Astana,High,66.54,3,8860.06,421.49,43.0,Beauty,0,0.99,False,0.0,0.78,High,12.0,3.87,High,Yes,2,Online Wallet,True,False,False,3.15,13,13,31,Platinum,App,6,-84,2811,True,Basic,358,73.93,11482.94,589548.3924,0.2727272727272727
CUST103398,57,Female,Astana,Low,72.46,6,8423.5,449.57,37.0,Beauty,319,0.91,True,0.69,0.49,Medium,1.0,3.47,High,No,7,Cash,False,True,True,17.11,14,26,7,Silver,SMS,7,-1,853,True,Basic,68,43.06,5291.02,610366.8099999999,0.02631578947368421
CUST103402,23,Female,Astana,Low,70.97,1,9351.9,323.57,49.0,Clothing,317,0.44,True,0.27,0.49,High,14.0,3.33,Medium,Yes,9,Card,True,False,False,19.7,14,14,18,Platinum,Email,5,51,81,False,Basic,300,4.59,4349.67,663704.343,0.28
CUST103411,67,Male,Almaty,Low,50.71,4,9875.75,208.28,11.0,Clothing,120,0.77,False,0.09,0.75,High,1.0,2.53,High,Yes,8,Cash,True,False,True,15.68,13,2,7,Silver,Email,9,85,3555,True,Basic,136,97.72,14740.6,500799.28250000003,0.08333333333333333
CUST103412,60,Female,Almaty,Medium,92.49,4,5882.42,343.18,32.0,Beauty,353,0.8,False,0.55,0.78,Medium,16.0,1.17,High,No,9,Card,True,False,True,13.74,8,14,31,Bronze,Email,5,-68,181,False,0,243,88.93,2099.21,544065.0258,0.48484848484848486
CUST103421,65,Male,Shymkent,Low,70.7,5,8399.51,154.33,21.0,Electronics,258,0.99,False,0.0,0.5,High,3.0,2.43,High,Yes,1,Card,True,True,True,7.43,13,20,9,Gold,SMS,0,-21,877,False,Premium,206,21.57,4146.86,593845.3570000001,0.13636363636363635
CUST103423,54,Male,Almaty,Low,78.06,3,9456.31,323.14,24.0,Electronics,286,0.44,False,0.76,0.42,Medium,6.0,4.24,Low,Yes,1,Card,True,False,True,1.36,0,21,4,Gold,Email,1,99,1492,False,0,273,15.71,18242.37,738159.5586,0.24
CUST103424,21,Female,Karaganda,Low,83.06,4,9433.91,251.5,5.0,Beauty,198,0.46,False,0.66,0.18,Low,2.0,2.64,Low,No,7,Online Wallet,False,True,True,5.92,4,35,0,Bronze,Social Media,7,45,254,False,Premium,352,59.54,16699.87,783580.5646,0.3333333333333333
CUST103431,29,Female,Karaganda,Low,77.13,9,8761.43,284.75,7.0,Groceries,280,0.5,False,0.58,0.3,High,0.0,1.34,High,Yes,1,Card,False,True,True,3.68,3,17,35,Gold,Social Media,1,-65,2239,False,Basic,343,80.84,15978.2,675769.0959,0.0
CUST103439,30,Male,Almaty,Medium,79.38,6,7785.84,109.27,22.0,Electronics,75,0.6,False,0.2,0.11,High,18.0,4.02,High,No,5,Online Wallet,True,True,False,14.37,13,25,39,Gold,SMS,3,-74,3614,False,Premium,90,87.44,17570.58,618039.9792,0.782608695652174
CUST103443,55,Male,Shymkent,Low,83.13,1,6090.15,418.44,34.0,Electronics,111,0.29,True,0.41,0.39,Low,3.0,3.48,Medium,No,8,Cash,True,False,False,17.15,5,17,27,Bronze,App,0,74,3051,False,0,83,4.0,8398.92,506274.16949999996,0.08571428571428572
CUST103452,37,Male,Shymkent,Low,81.91,2,6356.23,276.44,29.0,Groceries,320,0.85,False,0.14,0.22,High,16.0,3.45,High,No,5,Online Wallet,False,False,False,11.22,11,3,9,Gold,Social Media,7,-70,2522,False,0,240,95.13,6011.59,520638.79929999996,0.5333333333333333
CUST103457,45,Female,Almaty,Medium,55.33,9,9302.37,349.35,39.0,Groceries,339,0.35,False,0.14,0.1,Low,6.0,3.98,Medium,Yes,1,Cash,True,True,True,8.41,7,39,16,Platinum,App,6,62,527,True,Basic,356,19.61,10459.58,514700.13210000005,0.15
CUST103465,61,Female,Karaganda,Low,58.66,0,9626.52,204.98,10.0,Clothing,232,0.76,True,0.3,0.35,Low,13.0,1.88,Medium,Yes,4,Card,False,False,True,19.02,7,36,26,Gold,Email,1,-10,806,False,0,123,39.7,18243.46,564691.6632,1.1818181818181819
CUST103472,38,Female,Almaty,High,71.56,7,7582.2,369.85,15.0,Electronics,96,0.3,False,0.81,0.32,High,4.0,3.93,High,Yes,2,Card,False,False,False,7.76,1,44,16,Platinum,Social Media,4,92,1403,True,Premium,142,39.6,4614.15,542582.232,0.25
CUST103474,51,Male,Karaganda,Medium,70.4,5,8459.53,16.83,33.0,Clothing,210,0.01,False,0.28,0.14,Low,3.0,3.81,Low,Yes,1,Card,False,False,False,12.65,14,42,15,Platinum,Email,2,51,1089,True,Basic,334,61.31,3540.71,595550.9120000001,0.08823529411764706
CUST103483,45,Male,Karaganda,Low,77.28,1,9500.36,53.67,2.0,Groceries,175,0.15,True,0.09,0.88,Low,7.0,4.71,Low,No,9,Card,False,False,False,13.46,14,19,4,Silver,App,0,91,1665,False,Basic,130,7.12,8757.18,734187.8208000001,2.3333333333333335
CUST103486,38,Male,Astana,Medium,56.49,7,9914.2,458.88,40.0,Electronics,91,0.08,False,0.52,0.62,Low,19.0,3.96,High,Yes,0,Online Wallet,True,False,False,7.44,3,34,4,Gold,Social Media,4,27,1562,True,0,265,35.5,15847.75,560053.158,0.4634146341463415
CUST103489,51,Male,Karaganda,High,59.32,4,8860.31,18.7,33.0,Electronics,220,0.22,False,0.45,0.73,High,0.0,2.57,Medium,Yes,2,Online Wallet,False,True,True,9.71,2,28,29,Gold,Email,2,-70,400,False,Basic,107,48.06,6371.16,525593.5891999999,0.0
CUST103492,64,Male,Karaganda,High,70.22,7,7456.82,466.0,12.0,Electronics,110,0.55,True,0.91,0.3,Low,13.0,2.17,Low,No,4,Cash,True,True,False,17.8,7,23,38,Silver,App,1,86,1248,True,Basic,122,83.34,14186.56,523617.9004,1.0
CUST103499,22,Male,Karaganda,High,94.03,2,7044.86,187.61,20.0,Clothing,104,0.37,False,0.4,0.39,High,2.0,4.03,Low,Yes,1,Cash,True,False,False,15.19,7,20,17,Gold,Email,0,-3,3286,True,Premium,273,85.54,1445.47,662428.1858,0.09523809523809523
CUST103510,19,Male,Shymkent,High,96.35,9,7403.17,494.64,42.0,Electronics,109,0.16,False,0.69,0.08,Low,13.0,2.76,Low,No,9,Cash,True,True,True,12.64,2,48,35,Silver,Social Media,9,-64,570,False,0,158,99.33,4659.97,713295.4295,0.3023255813953488
CUST103512,57,Female,Karaganda,Low,77.14,4,6495.65,22.06,14.0,Groceries,276,0.2,False,0.59,0.27,High,4.0,4.8,Low,No,0,Online Wallet,True,False,False,19.5,7,20,14,Gold,SMS,5,-49,2700,True,Basic,209,85.46,10074.95,501074.441,0.26666666666666666
CUST103514,64,Male,Astana,High,88.88,9,7873.27,448.83,13.0,Groceries,101,0.48,True,0.31,0.75,Low,8.0,3.03,Low,Yes,2,Card,False,True,False,4.0,12,44,26,Silver,Email,3,-39,1263,True,Premium,305,87.56,18567.31,699776.2376,0.5714285714285714
CUST103527,32,Male,Shymkent,Low,79.22,0,9593.14,428.46,19.0,Groceries,78,0.51,False,0.85,0.05,Medium,3.0,3.39,High,No,9,Cash,False,False,True,2.51,0,17,1,Bronze,SMS,4,-62,3384,False,Basic,236,28.57,9627.18,759968.5508,0.15
CUST103540,32,Male,Astana,Low,63.58,9,8599.56,366.84,31.0,Groceries,330,0.95,True,0.55,0.04,High,19.0,3.07,Medium,No,1,Card,True,True,False,13.41,2,35,9,Silver,App,3,-34,3580,False,0,157,72.06,3801.77,546760.0247999999,0.59375
CUST103541,35,Female,Astana,High,92.37,0,8472.15,455.19,28.0,Clothing,343,0.87,True,0.25,0.26,Medium,12.0,1.45,Low,No,6,Card,True,False,False,6.38,12,19,5,Bronze,SMS,6,-6,868,True,0,363,42.77,14913.73,782572.4955,0.41379310344827586
CUST103545,44,Female,Shymkent,Medium,65.75,6,8682.06,219.74,41.0,Clothing,15,0.17,False,0.53,0.66,Low,1.0,1.46,High,Yes,1,Card,True,True,True,11.5,4,19,17,Gold,Social Media,9,-2,267,True,Premium,166,76.97,3951.77,570845.445,0.023809523809523808
CUST103555,36,Male,Almaty,High,95.93,1,9384.68,277.52,8.0,Clothing,44,0.72,True,0.01,0.29,High,5.0,1.99,Low,Yes,0,Online Wallet,True,True,False,9.1,1,31,19,Bronze,SMS,1,55,744,True,0,257,83.79,14406.81,900272.3524000001,0.5555555555555556
CUST103566,40,Male,Almaty,Medium,75.47,7,8712.31,87.84,38.0,Electronics,351,0.97,False,0.14,0.9,Low,17.0,4.71,High,Yes,3,Cash,True,False,True,19.68,6,45,25,Silver,App,4,43,46,True,0,270,7.85,4206.0,657518.0357,0.4358974358974359
CUST103573,59,Male,Shymkent,High,66.75,0,8541.37,83.8,7.0,Beauty,75,0.7,True,0.89,0.84,High,15.0,4.62,Medium,No,4,Cash,True,False,True,17.32,9,42,33,Silver,App,4,41,582,False,0,66,25.75,10933.75,570136.4475,1.875
CUST103577,37,Male,Shymkent,High,75.14,8,8301.46,412.79,21.0,Groceries,307,0.36,False,0.11,0.31,Low,11.0,1.72,High,No,7,Cash,True,True,False,4.29,7,46,4,Bronze,SMS,7,16,3364,True,Basic,237,46.12,10847.26,623771.7043999999,0.5
CUST103590,47,Male,Karaganda,High,84.53,9,7953.42,385.35,38.0,Electronics,202,0.1,False,0.93,0.92,Low,12.0,1.74,High,Yes,5,Card,False,False,False,12.13,7,36,9,Silver,App,5,-36,1474,True,Premium,205,78.82,5790.76,672302.5926,0.3076923076923077
CUST103593,69,Female,Astana,Medium,89.94,4,7496.59,454.66,42.0,Clothing,267,0.8,False,0.06,0.96,Medium,8.0,4.21,Low,No,5,Cash,True,False,True,14.19,6,18,11,Gold,App,2,91,3071,True,0,168,16.83,17941.56,674243.3046,0.18604651162790697
CUST103594,42,Female,Shymkent,High,59.13,0,9814.85,15.07,35.0,Beauty,103,0.77,False,0.97,0.51,Low,8.0,2.34,High,No,2,Cash,True,True,False,12.0,9,20,11,Platinum,Email,5,-12,2264,False,Premium,29,70.06,3675.94,580352.0805,0.2222222222222222
CUST103608,63,Male,Almaty,Medium,96.53,4,8524.11,268.95,17.0,Groceries,165,0.45,True,0.69,0.58,Medium,13.0,1.86,High,Yes,7,Cash,False,False,True,14.11,9,25,20,Bronze,Email,2,9,2467,True,Premium,79,25.06,9918.12,822832.3383000001,0.7222222222222222
CUST103613,66,Female,Karaganda,High,83.92,0,9405.98,38.33,49.0,Groceries,343,0.66,False,0.84,0.8,Low,16.0,3.68,High,No,0,Online Wallet,False,True,False,5.81,8,21,7,Bronze,Email,8,-99,3642,False,0,287,67.67,3114.27,789349.8415999999,0.32
CUST103634,34,Female,Almaty,Low,50.25,9,9959.89,154.12,48.0,Groceries,179,0.17,True,0.48,0.53,Medium,17.0,1.22,High,No,8,Online Wallet,False,False,False,4.54,6,43,13,Silver,SMS,5,66,1367,False,0,57,48.29,2909.23,500484.4725,0.3469387755102041
CUST103635,51,Male,Shymkent,High,92.34,7,6482.84,315.32,39.0,Electronics,118,0.67,True,0.94,0.93,High,5.0,2.36,High,Yes,7,Cash,True,True,True,11.24,2,1,24,Bronze,SMS,0,69,1688,False,Basic,106,95.17,9347.25,598625.4456000001,0.125
CUST103641,40,Female,Almaty,Medium,78.87,7,6633.84,379.59,8.0,Groceries,357,1.0,False,0.38,0.98,Low,14.0,4.05,Medium,Yes,2,Cash,True,False,True,4.99,2,5,38,Bronze,SMS,0,-93,2416,True,0,302,17.26,5010.61,523210.96080000006,1.5555555555555556
CUST103643,57,Female,Astana,Low,86.28,4,8666.29,291.18,49.0,Clothing,36,0.81,False,0.25,0.28,Medium,8.0,2.08,Medium,No,2,Cash,False,True,True,14.82,12,48,7,Gold,Email,9,-22,309,True,Premium,30,27.28,10573.89,747727.5012,0.16
CUST103647,64,Female,Astana,High,71.29,3,8392.38,420.72,44.0,Groceries,100,0.84,False,0.43,0.92,Low,13.0,2.11,Low,Yes,5,Online Wallet,False,False,False,17.88,6,24,8,Bronze,Email,3,80,187,True,0,244,24.52,6198.26,598292.7702,0.28888888888888886
CUST103648,32,Female,Shymkent,Low,65.36,5,9045.63,476.62,21.0,Beauty,171,0.73,True,0.38,0.58,Medium,0.0,2.24,Low,No,9,Cash,True,True,True,17.87,12,39,36,Silver,App,5,28,2940,False,Basic,231,10.56,17183.44,591222.3768,0.0
CUST103652,69,Female,Astana,Low,98.4,7,7148.39,18.54,34.0,Clothing,117,0.17,False,0.31,0.06,Low,0.0,1.12,Medium,Yes,9,Cash,False,True,True,17.37,11,15,2,Silver,SMS,7,52,2498,False,0,113,29.77,1137.27,703401.5760000001,0.0
CUST103656,38,Female,Shymkent,High,87.95,4,7375.31,303.6,30.0,Beauty,201,0.99,True,0.51,0.34,High,1.0,1.46,Medium,No,4,Card,True,True,True,14.19,8,15,26,Platinum,App,3,-21,920,True,Premium,89,29.22,17515.07,648658.5145,0.03225806451612903
CUST103657,68,Female,Shymkent,Medium,76.03,0,8439.78,296.22,26.0,Beauty,248,0.68,False,0.42,0.24,Low,15.0,3.48,Low,No,3,Card,False,True,False,16.14,3,45,20,Bronze,SMS,2,70,1825,False,0,302,83.13,11964.72,641676.4734,0.5555555555555556
CUST103659,37,Male,Karaganda,Medium,60.44,1,8934.97,286.77,11.0,Beauty,49,0.78,False,0.69,0.47,Low,9.0,1.36,Low,No,7,Online Wallet,False,False,True,5.79,14,32,0,Platinum,App,8,55,1172,False,Basic,260,53.5,13428.6,540029.5867999999,0.75
CUST103660,46,Female,Astana,Medium,86.53,2,7214.88,207.68,29.0,Clothing,252,0.89,True,0.76,0.57,Low,2.0,4.73,High,No,7,Card,False,True,True,12.15,12,49,6,Silver,App,2,-22,3590,True,Premium,95,11.69,4943.47,624303.5664,0.06666666666666667
CUST103663,24,Female,Shymkent,Low,84.38,4,8161.23,406.12,9.0,Electronics,358,0.22,False,0.7,0.1,Low,10.0,3.31,Medium,Yes,4,Card,True,False,True,9.92,5,22,23,Platinum,Email,8,87,3183,True,Premium,210,86.85,6561.77,688644.5874,1.0
CUST103672,61,Female,Astana,Low,89.74,5,8749.09,289.16,21.0,Clothing,9,0.39,True,0.41,0.8,High,6.0,2.76,Medium,Yes,1,Cash,True,True,False,2.83,3,3,35,Gold,App,7,-59,2267,True,Premium,117,26.49,14863.76,785143.3365999999,0.2727272727272727
CUST103673,19,Female,Almaty,Low,92.89,7,7837.33,262.92,44.0,Clothing,111,0.71,False,0.13,0.49,High,2.0,2.87,Low,Yes,8,Cash,True,True,False,12.61,8,10,1,Gold,App,9,55,699,True,Basic,79,49.39,9067.8,728009.5837,0.044444444444444446
CUST103681,55,Male,Shymkent,High,75.53,3,9991.55,471.7,3.0,Groceries,278,0.77,False,0.14,0.79,Low,10.0,1.8,Medium,Yes,4,Cash,False,True,True,17.29,1,7,9,Silver,Email,9,-76,3527,False,Basic,179,18.21,7794.4,754661.7714999999,2.5
CUST103685,35,Female,Almaty,High,64.08,5,8150.66,355.07,23.0,Clothing,220,0.14,False,0.49,0.72,Low,8.0,4.01,High,No,5,Card,True,True,False,11.18,8,42,28,Platinum,Email,7,28,1641,False,Basic,115,56.78,2094.54,522294.2928,0.3333333333333333
CUST103716,56,Female,Shymkent,Low,97.86,7,9183.73,395.21,44.0,Electronics,16,0.06,True,0.85,0.72,Low,2.0,4.96,Low,Yes,0,Online Wallet,True,False,True,10.47,14,7,17,Silver,SMS,1,-96,3152,True,Premium,307,96.52,3796.81,898719.8178,0.044444444444444446
CUST103720,60,Male,Astana,Low,80.2,0,9288.26,443.54,10.0,Groceries,69,0.79,False,0.74,0.24,Medium,14.0,4.61,High,Yes,0,Cash,True,False,False,15.44,11,15,0,Platinum,Email,4,20,1183,False,Basic,276,24.76,18409.03,744918.452,1.2727272727272727
CUST103732,58,Male,Karaganda,High,92.64,6,7203.8,17.95,8.0,Beauty,228,0.63,False,0.57,0.55,Medium,16.0,4.01,Medium,No,3,Card,False,True,False,11.18,9,42,25,Silver,Email,4,24,2806,False,Premium,226,55.28,495.39,667360.032,1.7777777777777777
CUST103738,28,Male,Karaganda,High,71.87,6,8489.71,116.31,46.0,Electronics,124,0.96,True,0.54,0.01,Low,2.0,3.21,High,No,8,Cash,True,False,False,1.5,9,18,4,Silver,Social Media,0,-11,1220,True,0,8,41.42,8097.43,610155.4577,0.0425531914893617
CUST103740,63,Male,Astana,High,78.22,1,7473.82,242.91,30.0,Clothing,127,0.31,False,0.74,0.17,Medium,5.0,4.32,Medium,Yes,5,Cash,False,False,True,1.23,4,11,20,Platinum,SMS,0,-10,1675,False,Basic,294,22.02,15501.97,584602.2004,0.16129032258064516
CUST103742,18,Male,Astana,Medium,64.91,9,8998.45,233.35,20.0,Clothing,343,0.48,False,0.46,0.07,High,2.0,3.48,Low,No,0,Online Wallet,False,True,True,3.09,5,21,0,Bronze,Email,3,61,3167,False,Premium,5,95.57,17534.28,584089.3895,0.09523809523809523
CUST103744,61,Male,Shymkent,Low,81.07,7,7077.01,411.96,12.0,Groceries,357,0.93,False,0.13,0.31,High,11.0,3.17,Medium,No,5,Card,False,True,True,4.59,10,44,9,Platinum,SMS,9,-5,976,False,0,219,13.6,10132.65,573733.2006999999,0.8461538461538461
CUST103745,36,Male,Astana,Low,82.54,2,7427.18,386.72,49.0,Beauty,109,0.61,True,0.88,0.89,Medium,5.0,4.21,High,No,9,Cash,True,False,True,13.7,7,27,13,Bronze,Email,4,12,1542,True,0,123,2.61,1599.3,613039.4372,0.1
CUST103771,35,Male,Shymkent,Medium,99.96,8,7412.31,223.96,2.0,Clothing,254,0.58,True,0.41,0.55,High,4.0,2.39,High,Yes,1,Cash,False,True,True,19.97,3,36,12,Gold,Email,5,68,2729,True,Basic,145,35.89,11948.58,740934.5076,1.3333333333333333
CUST103783,37,Male,Astana,Medium,92.6,6,9148.52,360.05,49.0,Electronics,205,0.17,True,0.59,0.05,High,0.0,1.43,Medium,No,9,Card,True,False,True,2.87,4,10,0,Gold,App,7,77,287,False,Premium,40,35.65,10510.32,847152.9519999999,0.0
CUST103788,32,Female,Astana,Medium,78.86,6,9489.56,279.9,3.0,Electronics,114,0.52,False,0.47,0.76,High,4.0,4.64,Medium,No,6,Cash,False,True,False,3.28,9,49,22,Bronze,SMS,0,52,1399,True,Basic,31,33.49,861.09,748346.7015999999,1.0
CUST103796,68,Female,Almaty,High,72.49,7,8662.2,23.73,25.0,Groceries,278,0.57,True,0.82,0.61,High,2.0,1.34,Low,No,4,Online Wallet,False,False,True,6.61,4,44,28,Bronze,Email,9,-76,1294,True,Premium,225,92.34,1544.62,627922.878,0.07692307692307693
CUST103799,27,Female,Shymkent,Medium,74.97,1,7534.59,265.76,5.0,Electronics,20,0.02,False,0.69,0.18,Medium,10.0,1.9,Low,No,9,Cash,False,True,False,2.82,4,35,20,Gold,Social Media,0,6,1173,True,Basic,95,39.59,2286.45,564868.2123,1.6666666666666667
CUST103807,37,Female,Karaganda,Medium,90.61,9,5688.74,391.6,21.0,Electronics,46,0.81,False,0.61,0.11,High,1.0,4.85,Low,No,3,Cash,True,True,True,4.67,10,7,11,Platinum,Email,8,-30,1933,True,0,69,20.27,15292.28,515456.7314,0.045454545454545456
CUST103811,46,Female,Almaty,Medium,80.75,9,8923.37,288.26,29.0,Electronics,64,0.17,False,0.73,0.18,High,8.0,3.99,Medium,Yes,1,Card,True,False,True,9.85,4,38,10,Platinum,SMS,6,-45,1958,False,Basic,189,31.51,5010.88,720562.1275000001,0.26666666666666666
CUST103812,55,Male,Karaganda,High,69.89,2,8962.67,84.78,13.0,Electronics,178,0.14,True,0.56,0.57,High,8.0,4.07,Low,Yes,3,Card,False,False,False,18.38,13,42,1,Bronze,Email,5,68,3250,False,Premium,5,40.02,7360.32,626401.0063,0.5714285714285714
CUST103816,57,Female,Astana,Low,84.09,7,9366.41,149.26,35.0,Clothing,32,0.7,True,0.43,0.37,Medium,17.0,1.99,Medium,Yes,1,Online Wallet,False,True,False,2.28,6,9,28,Bronze,SMS,7,-2,35,True,Basic,38,96.43,1536.8,787621.4169000001,0.4722222222222222
CUST103820,29,Female,Karaganda,Low,86.16,0,9979.0,14.59,28.0,Beauty,293,0.49,False,0.96,0.93,High,18.0,1.66,Low,Yes,4,Cash,False,False,False,6.78,8,17,38,Bronze,Email,4,-85,503,True,Basic,272,32.54,5318.87,859790.64,0.6206896551724138
CUST103829,66,Female,Almaty,Medium,92.21,0,9586.78,35.67,44.0,Electronics,20,0.93,False,0.84,0.65,Medium,12.0,4.07,Low,No,5,Cash,False,False,False,13.94,14,1,23,Platinum,Social Media,0,37,3183,False,0,108,39.58,7829.42,883996.9838,0.26666666666666666
CUST103840,52,Female,Karaganda,High,97.05,1,8401.12,455.0,13.0,Groceries,360,0.94,True,0.39,0.13,Low,3.0,4.21,High,No,0,Online Wallet,False,True,True,9.74,4,12,0,Gold,App,4,-34,3334,False,Basic,209,4.78,10678.68,815328.696,0.21428571428571427
CUST103848,20,Female,Karaganda,High,65.33,4,7969.26,395.55,10.0,Clothing,133,0.34,True,0.46,0.78,Low,12.0,4.62,High,Yes,6,Cash,True,True,True,9.74,8,24,29,Gold,Email,3,18,1217,False,Premium,136,45.34,9485.76,520631.7558,1.0909090909090908
CUST103853,58,Male,Shymkent,Low,84.82,8,7116.92,55.3,29.0,Beauty,217,0.06,True,0.05,0.74,Low,13.0,4.91,High,Yes,0,Online Wallet,True,True,False,12.13,4,28,28,Gold,SMS,0,-84,2039,False,Premium,58,93.33,14051.48,603657.1544,0.43333333333333335
CUST103857,65,Male,Shymkent,High,78.06,6,9212.87,101.43,29.0,Electronics,145,0.01,True,0.39,0.63,Medium,15.0,4.78,Low,Yes,2,Card,False,False,False,3.9,5,30,3,Gold,Social Media,1,53,958,True,0,187,44.93,3563.95,719156.6322000001,0.5
CUST103858,49,Male,Almaty,Medium,70.0,6,8777.35,350.85,7.0,Clothing,183,0.61,False,0.95,0.19,Low,6.0,3.65,Medium,No,2,Online Wallet,False,True,True,15.76,5,1,23,Platinum,SMS,9,72,1379,False,Premium,168,83.88,19775.57,614414.5,0.75
CUST103859,53,Female,Shymkent,Medium,97.08,6,9684.08,431.89,25.0,Clothing,347,0.12,True,0.07,0.67,Medium,1.0,4.51,Medium,Yes,8,Cash,True,False,False,1.84,10,7,28,Silver,App,7,15,2801,True,Basic,301,46.56,13163.28,940130.4863999999,0.038461538461538464
CUST103865,54,Male,Shymkent,High,82.68,8,7784.05,205.24,47.0,Groceries,153,0.45,True,0.0,0.86,High,18.0,3.15,High,No,4,Online Wallet,True,False,False,19.65,14,35,11,Bronze,Social Media,4,-40,3245,True,0,79,0.12,8605.79,643585.2540000001,0.375
CUST103868,54,Male,Shymkent,Medium,95.24,1,9294.57,433.04,10.0,Groceries,99,0.97,True,0.91,0.41,High,15.0,3.83,Low,No,9,Cash,False,True,True,8.35,13,5,25,Gold,Social Media,9,97,1241,False,Premium,96,56.46,18067.73,885214.8467999999,1.3636363636363635
CUST103873,36,Female,Karaganda,Medium,77.25,1,9387.79,410.11,42.0,Clothing,85,0.06,True,0.97,0.33,Low,14.0,4.69,Low,Yes,5,Card,True,False,False,9.73,14,10,30,Gold,App,7,89,431,True,0,80,52.38,17842.24,725206.7775000001,0.32558139534883723
CUST103874,46,Female,Astana,Low,83.58,9,9840.15,95.59,20.0,Clothing,300,0.16,True,0.59,0.43,High,18.0,1.74,Medium,No,0,Cash,False,False,False,6.53,13,11,8,Bronze,Social Media,6,69,1829,True,Premium,57,15.06,3963.55,822439.737,0.8571428571428571
CUST103879,60,Female,Almaty,High,84.94,2,9013.0,25.48,32.0,Beauty,321,0.01,True,0.63,0.02,Low,8.0,4.54,Medium,Yes,1,Card,True,True,True,3.15,10,5,12,Platinum,App,8,-12,2916,True,0,266,9.42,13728.59,765564.22,0.24242424242424243
CUST103890,65,Female,Almaty,High,89.54,9,5627.2,85.59,6.0,Groceries,54,0.75,True,0.37,0.13,Medium,18.0,1.31,Low,No,4,Cash,False,True,False,5.83,1,34,36,Bronze,Social Media,3,11,1258,True,Premium,317,97.7,16219.28,503859.488,2.5714285714285716
CUST103900,22,Male,Shymkent,Low,84.54,2,6639.78,357.78,31.0,Beauty,202,0.7,False,0.27,0.96,Medium,1.0,1.66,Low,No,3,Cash,False,False,False,1.89,3,2,10,Silver,SMS,4,79,133,True,0,160,25.77,17165.06,561327.0012,0.03125
CUST103904,28,Male,Karaganda,Low,55.04,5,9677.17,106.35,45.0,Clothing,346,0.98,False,0.81,0.12,Medium,0.0,1.34,Medium,No,4,Card,False,True,True,18.08,11,47,1,Gold,SMS,8,70,2173,True,0,290,71.0,7787.16,532631.4368,0.0
CUST103916,32,Female,Almaty,Medium,84.99,8,6986.4,492.71,7.0,Groceries,6,0.61,True,0.66,0.88,Medium,14.0,4.53,Medium,No,8,Online Wallet,False,True,False,15.51,3,48,2,Platinum,Email,0,31,3065,False,Premium,255,43.59,4279.9,593774.1359999999,1.75
CUST103926,21,Female,Karaganda,Low,92.9,0,7251.22,114.79,24.0,Electronics,76,0.6,True,0.62,0.9,High,9.0,3.88,High,No,7,Card,False,False,False,16.59,3,44,35,Platinum,Email,1,63,2986,True,0,110,73.65,2400.63,673638.3380000001,0.36
CUST103928,26,Male,Karaganda,Medium,85.22,8,6191.82,402.03,17.0,Clothing,168,0.08,True,0.17,0.15,High,14.0,3.24,Low,Yes,2,Cash,True,True,True,5.42,14,10,30,Platinum,Email,0,78,2044,False,Basic,134,12.8,5142.65,527666.9003999999,0.7777777777777778
CUST103932,64,Male,Karaganda,Medium,92.57,5,7824.01,429.52,5.0,Groceries,334,0.37,True,0.27,0.76,Medium,13.0,2.63,Low,Yes,8,Card,True,True,False,5.32,12,49,2,Bronze,SMS,1,-50,1071,False,Premium,200,55.76,8739.83,724268.6057,2.1666666666666665
CUST103933,69,Male,Astana,High,77.01,4,7208.51,293.81,5.0,Electronics,2,0.08,False,0.0,0.52,Low,11.0,4.4,Low,Yes,9,Online Wallet,False,True,False,6.17,10,22,28,Bronze,Social Media,1,-80,1929,True,Basic,26,54.85,9012.86,555127.3551,1.8333333333333333
CUST103934,34,Female,Karaganda,Medium,98.48,0,9443.1,466.86,43.0,Groceries,250,0.46,False,0.47,0.56,Low,6.0,3.83,Medium,No,2,Cash,True,False,False,15.15,0,18,13,Platinum,App,9,16,1671,True,0,188,36.48,300.01,929956.4880000001,0.13636363636363635
CUST103953,49,Female,Shymkent,Low,72.03,7,8400.47,14.02,29.0,Electronics,122,0.28,True,0.95,0.13,Low,3.0,4.06,Medium,Yes,1,Online Wallet,True,True,True,4.67,2,40,25,Gold,Social Media,5,21,2591,True,Basic,315,57.52,19255.2,605085.8541,0.1
CUST103954,62,Female,Shymkent,Medium,82.03,7,9924.57,433.71,10.0,Groceries,311,0.43,True,0.66,0.5,Low,16.0,3.16,High,No,8,Online Wallet,True,False,False,16.34,13,38,5,Gold,Email,1,-36,654,True,0,242,78.81,9124.31,814112.4771,1.4545454545454546
CUST103955,68,Female,Almaty,High,66.62,6,8057.9,219.0,20.0,Clothing,258,0.57,True,0.83,0.53,High,7.0,4.1,High,Yes,5,Cash,False,False,False,13.3,13,48,20,Platinum,SMS,3,-82,2239,False,Basic,148,57.09,11299.63,536817.2980000001,0.3333333333333333
CUST103962,28,Female,Karaganda,Medium,72.15,4,7197.26,357.84,38.0,Electronics,286,0.39,False,0.55,0.53,Low,19.0,3.61,Low,Yes,4,Cash,True,False,False,8.77,10,28,35,Silver,SMS,4,16,2083,True,Basic,183,74.88,7978.79,519282.30900000007,0.48717948717948717
CUST103967,45,Male,Shymkent,Medium,61.63,3,8698.48,368.26,45.0,Groceries,207,0.38,True,0.6,0.85,Low,8.0,2.45,Medium,Yes,3,Card,False,False,True,8.21,7,49,26,Platinum,App,1,-98,2341,False,Basic,51,92.01,7910.83,536087.3224,0.17391304347826086
CUST103974,53,Male,Astana,High,82.51,7,9217.78,105.42,38.0,Electronics,110,0.97,True,0.32,0.08,Low,19.0,4.8,Low,Yes,5,Online Wallet,False,True,True,4.19,4,36,29,Platinum,SMS,1,61,424,True,0,107,29.54,16587.45,760559.0278000002,0.48717948717948717
CUST103983,54,Female,Astana,High,88.89,7,7328.82,312.57,36.0,Beauty,49,0.43,True,0.43,0.28,Medium,0.0,1.39,Low,No,7,Online Wallet,False,False,False,2.61,8,7,19,Silver,SMS,8,76,3387,False,Basic,314,26.49,18519.69,651458.8097999999,0.0
CUST103985,38,Male,Almaty,High,88.6,4,7275.73,82.71,38.0,Clothing,205,0.38,False,0.01,0.93,Low,3.0,4.58,Low,No,7,Cash,True,False,True,1.98,4,47,5,Bronze,SMS,5,51,2692,True,Basic,295,67.44,19123.09,644629.678,0.07692307692307693
CUST103991,53,Male,Astana,High,67.08,5,9251.21,373.53,9.0,Clothing,59,0.31,False,0.09,0.04,High,12.0,1.75,Medium,Yes,7,Online Wallet,True,False,False,8.63,5,25,25,Silver,Email,2,-91,2293,True,0,219,4.09,6698.95,620571.1667999999,1.2
CUST103996,62,Male,Karaganda,Low,86.68,7,9647.21,399.83,15.0,Electronics,188,0.87,True,0.87,0.94,Medium,1.0,3.95,High,Yes,2,Online Wallet,False,False,False,7.8,0,11,31,Bronze,Social Media,8,94,186,False,Premium,312,55.44,9491.56,836220.1627999999,0.0625
CUST103999,38,Female,Almaty,Medium,67.87,4,8803.39,94.6,1.0,Groceries,150,0.7,True,0.34,0.97,Medium,11.0,3.63,High,Yes,3,Cash,True,False,False,14.74,9,39,22,Platinum,App,6,54,70,True,Basic,20,57.23,13021.55,597486.0793,5.5
CUST104002,45,Female,Almaty,Low,68.39,3,7319.35,467.13,1.0,Groceries,177,0.4,True,0.26,0.16,High,0.0,4.77,Low,No,8,Card,True,False,False,14.48,4,47,9,Gold,Social Media,2,6,539,True,Basic,88,90.85,4767.59,500570.34650000004,0.0
CUST104004,34,Female,Karaganda,Medium,59.58,6,9116.83,485.17,11.0,Electronics,230,0.4,False,0.16,0.94,Low,9.0,3.15,Medium,No,8,Online Wallet,False,False,False,17.82,14,16,30,Bronze,Social Media,2,-40,2381,True,0,248,63.12,7737.87,543180.7313999999,0.75
CUST104023,50,Male,Shymkent,Medium,85.89,4,6787.49,90.74,48.0,Groceries,34,0.69,False,0.61,0.72,Low,2.0,3.18,Low,No,0,Online Wallet,True,False,True,17.01,13,9,7,Silver,Email,5,-16,1424,True,Basic,189,70.05,6612.02,582977.5161,0.04081632653061224
CUST104028,28,Female,Shymkent,Medium,80.24,1,9021.17,386.92,27.0,Beauty,292,0.08,False,0.24,0.58,High,16.0,2.77,Medium,No,8,Online Wallet,False,True,True,3.15,5,18,19,Platinum,Email,7,58,813,True,Premium,328,98.55,1476.12,723858.6808,0.5714285714285714
CUST104036,45,Male,Almaty,Low,75.31,1,7403.45,266.15,18.0,Beauty,245,0.49,False,0.25,0.47,Low,19.0,3.39,Medium,Yes,8,Online Wallet,True,False,True,3.93,7,3,30,Bronze,SMS,3,-100,3550,True,0,107,34.42,3401.69,557553.8195,1.0
CUST104039,64,Female,Astana,High,75.36,6,8930.0,377.8,14.0,Clothing,155,0.83,False,0.88,0.5,Medium,0.0,3.93,High,No,9,Card,True,True,False,12.0,5,28,29,Bronze,App,1,23,1528,False,0,248,37.25,5547.45,672964.8,0.0
CUST104046,25,Female,Shymkent,Medium,78.06,9,6566.36,110.12,9.0,Clothing,111,0.3,False,0.76,0.93,High,14.0,1.88,High,Yes,1,Cash,True,False,True,6.74,6,36,5,Gold,Email,9,47,1015,True,0,219,25.59,18101.83,512570.0616,1.4
CUST104050,34,Female,Almaty,Medium,90.15,6,9188.86,457.25,21.0,Clothing,79,0.3,False,0.93,0.71,Low,1.0,4.54,High,No,3,Cash,True,True,True,13.84,8,13,29,Silver,Email,9,30,3020,False,Premium,92,52.51,12344.14,828375.729,0.045454545454545456
CUST104051,66,Male,Karaganda,Medium,93.8,3,8338.74,398.26,34.0,Groceries,43,0.95,True,0.0,0.31,Low,9.0,1.92,Medium,No,5,Cash,True,True,True,8.03,3,42,29,Platinum,Email,7,-17,1270,False,Basic,60,16.36,9001.57,782173.8119999999,0.2571428571428571
CUST104056,55,Male,Astana,High,81.55,8,7819.08,106.29,35.0,Electronics,188,0.08,True,0.73,0.61,Low,11.0,4.78,Low,Yes,0,Online Wallet,False,True,False,14.59,2,44,22,Gold,App,2,2,2907,False,Basic,283,62.35,14173.29,637645.9739999999,0.3055555555555556
CUST104061,63,Female,Karaganda,High,80.5,2,7925.05,132.02,24.0,Groceries,282,0.5,True,0.25,0.21,High,13.0,4.42,High,No,1,Card,False,False,False,17.77,0,31,7,Silver,Email,3,40,1776,True,Basic,278,81.56,7125.01,637966.525,0.52
CUST104063,33,Male,Almaty,High,82.53,2,9821.14,325.19,47.0,Groceries,137,0.6,False,0.64,0.58,High,18.0,3.37,Medium,No,1,Online Wallet,False,False,False,3.08,14,7,18,Bronze,SMS,9,28,1064,True,0,219,6.44,5863.81,810538.6842,0.375
CUST104072,59,Male,Astana,High,82.34,8,7209.63,309.58,48.0,Clothing,137,0.86,False,0.36,0.23,Medium,6.0,4.77,High,No,0,Card,True,True,True,8.91,9,15,4,Silver,App,6,14,999,False,0,83,83.95,3370.78,593640.9342,0.12244897959183673
CUST104073,38,Female,Almaty,High,98.02,1,9031.52,44.14,11.0,Electronics,5,0.57,True,0.37,0.06,Low,3.0,2.6,High,No,2,Card,True,False,False,15.38,9,9,5,Gold,Social Media,0,-50,3643,True,Premium,150,17.35,5891.09,885269.5904,0.25
CUST104074,33,Male,Astana,Medium,73.18,1,9286.1,83.92,45.0,Electronics,212,0.89,True,0.69,0.59,Medium,10.0,2.96,Low,No,8,Cash,True,False,False,1.16,4,46,13,Gold,App,9,-10,1730,False,Premium,152,43.43,18192.5,679556.7980000001,0.21739130434782608
CUST104075,29,Male,Astana,Low,73.73,6,8009.21,488.34,14.0,Clothing,94,0.86,False,0.72,0.21,Low,17.0,3.8,High,Yes,6,Online Wallet,False,False,False,16.16,13,46,11,Platinum,Email,9,-100,2753,True,0,241,11.85,19569.86,590519.0533,1.1333333333333333
CUST104083,52,Male,Karaganda,High,96.99,1,5248.89,308.42,24.0,Beauty,48,0.5,True,0.97,0.1,High,13.0,4.67,Low,No,0,Cash,True,True,True,19.93,11,27,36,Gold,Email,9,18,1960,True,Basic,249,80.71,12413.12,509089.8411,0.52
CUST104091,47,Male,Almaty,Medium,91.18,1,9936.38,60.5,37.0,Groceries,123,0.41,False,0.59,0.84,High,14.0,2.77,Low,No,9,Cash,False,True,False,17.79,10,17,29,Silver,App,0,-1,2362,True,Basic,87,77.45,14240.7,905999.1284,0.3684210526315789
CUST104097,54,Female,Astana,Medium,95.57,8,6835.6,74.82,47.0,Beauty,297,0.23,False,0.67,0.46,High,2.0,1.18,High,Yes,5,Card,True,True,False,5.41,11,4,4,Bronze,SMS,0,-47,2393,True,Basic,94,19.03,5603.39,653278.292,0.041666666666666664
CUST104105,26,Male,Almaty,High,75.68,5,7703.11,266.81,19.0,Groceries,21,0.95,True,0.85,0.24,Medium,4.0,3.64,Low,Yes,4,Cash,False,True,False,11.53,2,41,33,Bronze,App,4,-80,2557,True,0,165,99.62,13470.27,582971.3648,0.2
CUST104109,19,Male,Astana,High,94.47,0,7761.19,89.26,41.0,Clothing,341,0.76,False,0.58,0.99,Medium,3.0,1.98,Medium,No,5,Cash,False,False,False,2.74,5,25,28,Platinum,Email,2,51,1828,True,Basic,281,90.31,10553.9,733199.6192999999,0.07142857142857142
CUST104111,40,Male,Shymkent,Medium,75.82,6,7204.28,421.44,23.0,Groceries,183,0.88,True,0.89,0.86,Low,13.0,1.86,Medium,No,6,Cash,False,False,False,3.54,1,1,29,Silver,Email,7,3,649,True,Premium,240,49.72,14050.78,546228.5095999999,0.5416666666666666
CUST104120,28,Male,Astana,High,92.4,1,7708.63,63.97,22.0,Electronics,343,0.99,False,0.6,0.95,Low,13.0,3.12,Medium,Yes,9,Cash,True,True,True,6.36,6,42,14,Gold,Social Media,2,-45,1233,True,Premium,358,90.19,4812.73,712277.412,0.5652173913043478
CUST104121,52,Female,Astana,High,70.3,6,7824.0,304.42,25.0,Groceries,228,0.42,False,0.82,0.25,Low,11.0,2.26,Low,No,4,Online Wallet,True,False,False,6.78,14,40,38,Platinum,Social Media,8,-13,1542,False,0,352,79.14,14015.15,550027.2,0.4230769230769231
CUST104123,20,Female,Shymkent,Medium,96.35,5,8081.94,282.98,11.0,Clothing,223,0.22,False,0.06,0.87,High,16.0,3.18,High,Yes,4,Cash,True,False,False,7.5,8,31,16,Gold,App,8,23,3125,False,Basic,206,2.17,11745.76,778694.9189999999,1.3333333333333333
CUST104124,31,Female,Karaganda,Medium,79.51,1,8597.15,12.53,26.0,Electronics,351,0.2,True,0.42,0.51,Low,15.0,1.19,Medium,Yes,9,Online Wallet,True,True,True,6.27,13,5,1,Silver,Social Media,2,-75,120,False,Premium,210,64.58,13716.54,683559.3965,0.5555555555555556
CUST104140,19,Female,Shymkent,Low,98.29,1,9948.56,339.91,42.0,Beauty,317,0.04,True,0.19,0.2,Low,11.0,4.12,High,No,4,Cash,False,False,True,10.87,7,12,6,Silver,SMS,7,9,3125,False,0,210,21.87,3286.27,977843.9624,0.2558139534883721
CUST104143,30,Female,Shymkent,High,91.63,1,9091.36,115.85,5.0,Electronics,198,0.53,True,0.24,0.74,Low,3.0,1.73,Medium,Yes,9,Card,True,False,False,8.54,13,35,32,Gold,Email,5,98,3648,False,Premium,315,61.86,4201.82,833041.3168,0.5
CUST104152,44,Female,Karaganda,Medium,88.26,5,7724.25,441.76,41.0,Groceries,195,0.89,True,0.84,0.13,Medium,17.0,1.31,Medium,No,0,Cash,True,True,False,16.13,12,16,5,Platinum,Social Media,8,24,2619,False,Premium,141,55.42,9253.14,681742.305,0.40476190476190477
CUST104153,46,Female,Astana,Medium,84.79,5,9423.44,349.12,22.0,Clothing,316,0.37,True,0.02,0.23,High,13.0,1.2,Low,Yes,2,Online Wallet,True,True,False,17.3,3,49,17,Bronze,Social Media,0,-96,932,False,Premium,125,75.59,15803.15,799013.4776000001,0.5652173913043478
CUST104166,48,Male,Karaganda,High,73.14,5,9483.21,494.47,31.0,Beauty,221,0.89,False,0.16,0.07,High,13.0,4.7,Low,No,1,Cash,True,False,True,13.33,14,41,0,Bronze,Social Media,3,-98,2996,False,Premium,53,64.64,17035.18,693601.9794,0.40625
CUST104183,41,Male,Karaganda,Low,78.14,1,6652.18,191.39,12.0,Groceries,341,0.33,False,0.07,0.32,Low,0.0,2.03,Medium,No,0,Cash,True,False,False,3.22,1,3,0,Bronze,Email,4,63,1270,True,Basic,35,80.78,16544.63,519801.34520000004,0.0
CUST104184,32,Female,Karaganda,Medium,92.5,4,8999.52,472.99,48.0,Clothing,29,0.81,False,0.56,0.79,Low,1.0,3.91,Low,Yes,3,Cash,False,False,False,3.76,3,29,34,Silver,Email,7,6,760,False,0,244,83.67,11903.4,832455.6000000001,0.02040816326530612
CUST104190,25,Male,Astana,High,74.17,2,8122.92,43.39,41.0,Groceries,301,0.54,False,0.12,0.65,Low,9.0,4.7,High,No,2,Card,False,False,False,17.5,0,0,22,Bronze,SMS,3,-5,78,True,Basic,107,80.98,8649.14,602476.9764,0.21428571428571427
CUST104195,51,Female,Shymkent,High,61.35,7,9562.72,360.88,40.0,Clothing,0,0.87,False,0.89,0.34,High,5.0,2.1,Medium,No,5,Card,False,False,True,7.32,7,16,32,Bronze,App,2,-3,2810,True,Premium,175,37.48,5832.16,586672.872,0.12195121951219512
CUST104198,28,Male,Astana,Low,85.28,8,8525.14,458.23,46.0,Clothing,236,0.73,True,0.91,0.67,High,18.0,4.17,Low,Yes,5,Online Wallet,False,False,True,2.79,11,41,39,Silver,Social Media,1,-29,251,True,Basic,95,44.64,12006.1,727023.9391999999,0.3829787234042553
CUST104204,66,Male,Almaty,Medium,88.84,9,7190.7,488.58,30.0,Groceries,323,0.94,False,0.12,0.91,Low,1.0,1.02,High,No,5,Online Wallet,False,True,False,9.14,0,47,39,Platinum,Email,8,-30,497,False,0,348,28.54,15941.57,638821.7880000001,0.03225806451612903
CUST104208,49,Female,Karaganda,High,81.12,4,9690.45,413.44,37.0,Clothing,68,0.89,False,0.05,0.3,Medium,0.0,3.66,Medium,Yes,8,Card,False,True,True,6.22,13,2,39,Silver,SMS,2,-39,2812,True,Basic,282,13.34,6961.99,786089.3040000001,0.0
CUST104213,41,Female,Almaty,Medium,93.95,6,5468.36,141.29,45.0,Electronics,305,0.47,False,0.46,0.79,Medium,12.0,1.87,High,No,5,Card,False,True,False,16.07,3,42,23,Silver,App,4,-99,2159,False,Basic,103,70.93,18484.39,513752.42199999996,0.2608695652173913
CUST104231,53,Male,Almaty,Low,82.64,0,8140.01,310.41,28.0,Clothing,113,0.76,False,0.52,0.81,Low,16.0,3.61,High,No,3,Cash,True,True,True,2.8,2,20,27,Platinum,Email,5,-26,587,False,Premium,117,94.82,4661.09,672690.4264,0.5517241379310345
CUST104260,61,Female,Karaganda,High,77.86,6,9812.6,220.32,28.0,Beauty,171,0.61,True,0.36,0.88,Medium,3.0,4.04,Medium,Yes,8,Cash,True,True,False,14.87,10,13,36,Gold,Email,0,-52,2880,True,Premium,141,23.13,3225.84,764009.0360000001,0.10344827586206896
CUST104284,35,Female,Karaganda,High,77.82,8,8769.29,286.99,10.0,Beauty,308,0.29,True,0.47,0.19,Medium,0.0,1.01,High,No,7,Online Wallet,False,False,False,9.21,14,2,36,Gold,Email,4,98,119,False,Premium,310,55.52,17676.37,682426.1478,0.0
CUST104290,58,Male,Almaty,Low,75.06,3,9190.29,324.21,36.0,Clothing,135,0.59,True,0.46,0.46,High,6.0,3.17,High,Yes,5,Cash,False,True,True,18.45,4,46,36,Gold,Social Media,7,-78,594,True,Premium,140,53.22,6521.63,689823.1674,0.16216216216216217
CUST104291,30,Female,Astana,Low,91.27,3,7170.47,388.42,41.0,Clothing,144,0.54,True,0.31,0.16,Medium,19.0,2.02,Low,No,2,Cash,True,True,False,7.13,11,21,5,Platinum,Social Media,3,85,2221,False,Premium,263,20.15,5271.64,654448.7969,0.4523809523809524
CUST104292,35,Male,Shymkent,High,59.17,8,8864.37,347.26,9.0,Beauty,230,0.99,True,0.46,0.69,Low,10.0,4.87,High,No,5,Card,True,True,False,6.36,8,32,31,Gold,SMS,9,-74,748,False,Basic,279,34.4,7540.36,524504.7729000001,1.0
CUST104312,41,Female,Astana,Low,56.81,6,9113.75,27.05,24.0,Electronics,233,0.23,False,0.36,0.15,Medium,15.0,2.35,Medium,Yes,1,Online Wallet,True,True,True,16.5,14,18,2,Platinum,SMS,6,-6,2307,True,Premium,308,64.87,3818.67,517752.1375,0.6
CUST104313,25,Female,Astana,Medium,58.44,5,9007.28,316.35,14.0,Clothing,164,0.83,True,0.55,0.56,Medium,7.0,2.38,Medium,No,4,Online Wallet,True,True,False,6.16,8,19,21,Gold,Social Media,5,3,1503,True,Basic,56,34.98,18430.08,526385.4432,0.4666666666666667
CUST104319,23,Male,Almaty,High,99.26,2,5361.67,32.59,7.0,Clothing,174,0.9,False,0.68,0.64,Low,4.0,3.06,High,Yes,7,Cash,False,False,False,1.74,2,40,0,Silver,Email,9,31,1161,True,Premium,289,80.79,14481.73,532199.3642000001,0.5
CUST104324,57,Male,Karaganda,Medium,85.28,1,7954.28,93.86,42.0,Electronics,109,0.12,True,0.57,0.33,Low,15.0,4.96,Medium,No,4,Online Wallet,True,False,True,3.22,0,25,37,Gold,SMS,5,-58,3268,False,Premium,58,70.39,11286.94,678340.9984,0.3488372093023256
CUST104328,60,Female,Karaganda,Medium,86.47,7,8323.73,83.73,5.0,Clothing,327,0.51,False,0.25,0.17,High,7.0,5.0,Medium,Yes,0,Card,True,False,False,2.34,5,25,21,Platinum,App,2,-6,493,False,Basic,83,36.03,2353.17,719752.9330999999,1.1666666666666667
CUST104333,61,Female,Astana,Low,93.01,0,7615.92,305.48,2.0,Clothing,348,0.14,False,0.7,0.58,Low,11.0,1.94,Medium,Yes,6,Cash,True,False,False,8.75,7,38,26,Bronze,Social Media,6,-56,3489,False,0,352,41.91,17381.15,708356.7192,3.6666666666666665
CUST104339,55,Male,Karaganda,Low,72.43,0,8266.35,334.17,12.0,Electronics,309,0.18,True,0.44,0.6,Low,5.0,4.92,Medium,Yes,4,Card,True,True,False,17.16,14,35,9,Platinum,Social Media,1,77,1944,False,Premium,101,40.53,5258.89,598731.7305000001,0.38461538461538464
CUST104348,42,Female,Karaganda,High,66.19,3,9461.27,235.45,25.0,Electronics,86,0.87,False,0.13,0.06,Low,1.0,1.54,Low,No,1,Card,False,False,False,14.2,11,25,16,Gold,App,4,37,2195,False,0,59,77.13,4893.41,626241.4613,0.038461538461538464
CUST104351,55,Male,Shymkent,Medium,67.16,8,7885.95,49.72,16.0,Clothing,235,0.97,False,0.35,0.54,High,7.0,1.04,Low,Yes,6,Card,True,True,False,11.56,13,39,23,Bronze,App,0,-77,2100,False,0,96,43.61,15829.78,529620.402,0.4117647058823529
CUST104352,34,Male,Almaty,Low,80.35,0,9098.91,165.64,16.0,Beauty,262,0.81,True,0.73,0.31,Low,13.0,2.88,Low,No,7,Card,False,True,False,4.13,4,33,6,Platinum,Email,7,-55,1849,True,0,287,41.84,5456.62,731097.4184999999,0.7647058823529411
CUST104354,69,Female,Karaganda,Medium,83.68,3,8895.08,175.91,25.0,Electronics,254,0.47,False,0.5,0.81,Medium,2.0,1.72,Low,No,2,Online Wallet,False,True,False,2.58,1,35,23,Gold,App,9,52,2604,True,Basic,304,14.73,6607.92,744340.2944,0.07692307692307693
CUST104367,34,Female,Astana,Low,88.25,6,7526.65,243.97,20.0,Electronics,140,0.78,False,0.84,0.57,Medium,12.0,2.75,High,Yes,6,Card,True,True,False,9.0,11,2,11,Gold,Email,5,25,687,True,Premium,11,43.5,10547.33,664226.8624999999,0.5714285714285714
CUST104369,45,Male,Shymkent,Low,92.38,1,8192.69,321.49,18.0,Clothing,193,0.53,True,0.03,0.9,Low,5.0,3.17,High,No,9,Online Wallet,True,True,False,5.57,0,2,30,Gold,SMS,1,-87,493,False,Basic,237,90.87,19013.78,756840.7022,0.2631578947368421
CUST104370,29,Female,Almaty,High,64.4,2,7831.76,281.81,34.0,Clothing,364,0.14,True,0.91,0.13,High,13.0,3.55,High,No,4,Cash,False,True,False,13.66,9,22,34,Bronze,Social Media,6,83,293,True,Premium,212,24.07,6792.92,504365.34400000004,0.37142857142857144
CUST104372,59,Female,Karaganda,High,55.53,2,9462.45,490.34,4.0,Beauty,278,0.07,True,0.52,0.26,Low,5.0,4.11,High,Yes,9,Online Wallet,True,False,True,7.4,6,3,32,Platinum,App,3,-19,1727,True,Premium,296,97.77,16021.67,525449.8485000001,1.0
CUST104377,54,Male,Astana,Low,89.72,0,5632.61,261.85,13.0,Beauty,328,0.81,True,0.99,0.78,Low,9.0,1.89,Medium,Yes,4,Cash,True,True,False,10.11,12,44,16,Silver,Email,5,24,791,False,Basic,233,68.71,17089.58,505357.7692,0.6428571428571429
CUST104378,23,Female,Astana,Medium,78.24,5,7920.35,357.48,26.0,Electronics,274,0.28,True,0.16,0.66,Medium,0.0,3.73,High,No,3,Online Wallet,True,False,False,19.57,2,42,19,Gold,Email,3,75,3445,False,0,217,23.34,15457.71,619688.184,0.0
CUST104380,49,Female,Karaganda,Low,95.39,4,6543.17,73.03,15.0,Groceries,22,0.38,False,0.6,0.29,Medium,15.0,4.25,High,No,3,Online Wallet,True,False,True,10.95,9,31,15,Platinum,Social Media,4,-31,548,True,Premium,67,41.29,17258.56,624152.9863,0.9375
CUST104381,49,Male,Almaty,High,98.54,6,7854.73,8.62,27.0,Clothing,202,0.57,True,0.27,0.55,Medium,18.0,2.07,High,No,0,Online Wallet,True,True,False,14.7,2,14,12,Platinum,SMS,5,82,3537,True,Basic,146,71.1,14747.31,774005.0942,0.6428571428571429
CUST104387,33,Male,Astana,Low,77.32,1,7990.23,49.32,36.0,Beauty,260,0.66,True,0.74,0.33,Medium,13.0,2.68,Low,Yes,0,Online Wallet,False,True,False,8.92,7,47,27,Gold,Social Media,3,26,2005,False,Premium,348,52.81,14151.98,617804.5835999999,0.35135135135135137
CUST104397,49,Male,Karaganda,Medium,82.19,7,8521.79,37.14,3.0,Electronics,91,0.38,False,0.9,0.66,Medium,8.0,2.55,Medium,No,4,Online Wallet,True,False,True,1.4,2,8,31,Platinum,App,5,-87,1649,True,0,282,77.22,18349.03,700405.9201000001,2.0
CUST104398,28,Female,Almaty,High,98.69,4,6288.3,6.43,20.0,Electronics,123,0.09,True,0.44,0.36,High,11.0,2.65,High,Yes,8,Online Wallet,False,False,False,2.33,4,40,16,Silver,App,5,-65,2006,False,Basic,86,48.07,7977.8,620592.327,0.5238095238095238
CUST104403,25,Female,Almaty,Medium,73.04,4,7600.94,283.21,3.0,Clothing,358,0.99,True,0.7,0.57,Low,6.0,1.15,Low,No,1,Online Wallet,False,False,True,11.85,6,18,4,Silver,SMS,1,-44,435,True,0,182,31.98,1577.0,555172.6576,1.5
CUST104406,21,Male,Astana,High,65.49,2,8709.55,283.19,38.0,Groceries,226,0.7,True,0.15,0.34,Medium,1.0,3.15,Low,Yes,5,Card,False,True,False,5.79,8,46,4,Bronze,App,5,-66,1195,True,Premium,24,55.0,7305.56,570388.4294999999,0.02564102564102564
CUST104416,32,Male,Karaganda,Low,64.95,6,9739.28,379.0,46.0,Electronics,145,0.71,True,0.76,0.99,Medium,1.0,2.89,Medium,Yes,7,Card,False,False,True,15.83,12,44,22,Bronze,App,3,10,3119,True,Premium,364,88.2,11760.37,632566.236,0.02127659574468085
CUST104422,57,Female,Almaty,High,75.35,0,8576.27,68.21,14.0,Electronics,16,0.81,False,0.45,0.18,High,10.0,3.19,Low,Yes,9,Online Wallet,False,False,False,9.48,1,33,27,Gold,Email,7,-15,297,True,Basic,91,80.63,1917.78,646221.9445,0.6666666666666666
CUST104425,49,Male,Almaty,Medium,99.23,4,5835.57,214.5,26.0,Groceries,98,0.91,False,0.4,0.6,Medium,11.0,1.2,Medium,Yes,4,Cash,False,False,False,2.25,9,25,3,Gold,Email,1,46,2888,False,Premium,35,72.22,336.58,579063.6111,0.4074074074074074
CUST104429,32,Female,Shymkent,High,95.38,0,9908.47,104.08,34.0,Clothing,169,0.62,False,0.45,0.12,Low,16.0,1.43,Low,Yes,5,Card,True,False,False,7.01,9,12,31,Bronze,App,3,-93,3464,True,Basic,63,29.91,5026.79,945069.8685999999,0.45714285714285713
CUST104430,49,Female,Almaty,Medium,63.58,8,8560.87,282.43,2.0,Electronics,93,0.08,True,0.61,0.46,Medium,18.0,3.53,High,Yes,2,Online Wallet,False,True,False,13.14,1,30,39,Gold,Email,6,4,1264,False,0,209,98.81,14033.21,544300.1146000001,6.0
CUST104436,61,Male,Almaty,High,85.91,1,9273.1,492.77,45.0,Clothing,27,0.91,False,0.16,0.67,Low,15.0,4.47,High,No,0,Card,False,False,False,2.0,1,18,29,Silver,SMS,4,52,2911,False,Premium,100,77.43,17595.43,796652.021,0.32608695652173914
CUST104438,59,Male,Almaty,Medium,96.03,7,5749.12,41.47,30.0,Groceries,173,0.5,True,0.7,0.75,Medium,18.0,3.53,Medium,Yes,7,Card,False,True,True,9.29,2,11,0,Gold,Email,7,-78,665,True,Basic,295,16.99,3389.83,552087.9936,0.5806451612903226
CUST104446,25,Female,Shymkent,Medium,93.68,4,7422.71,300.74,18.0,Beauty,301,0.51,False,0.86,0.7,Low,11.0,1.31,Medium,No,8,Online Wallet,True,True,True,4.38,3,14,11,Silver,Social Media,9,38,89,False,0,315,15.93,7080.19,695359.4728000001,0.5789473684210527
CUST104456,64,Female,Astana,High,74.86,2,7906.15,303.94,30.0,Clothing,76,0.44,False,0.95,0.47,Medium,3.0,2.4,Low,Yes,2,Cash,False,True,True,3.8,1,45,16,Platinum,Email,1,10,1717,False,Premium,200,60.29,5425.27,591854.389,0.0967741935483871
CUST104457,69,Female,Shymkent,Low,72.51,9,9963.26,218.31,7.0,Beauty,175,0.13,True,0.8,0.23,Medium,10.0,1.13,High,Yes,1,Card,False,False,False,9.48,13,25,17,Bronze,SMS,7,94,926,False,Basic,261,90.94,6729.8,722435.9826000001,1.25
CUST104459,41,Female,Shymkent,High,86.08,4,9392.8,271.97,39.0,Groceries,141,0.48,True,0.99,0.65,High,8.0,2.49,Medium,Yes,0,Card,False,True,True,18.19,10,27,29,Gold,Social Media,1,-61,1234,True,Basic,189,51.34,2567.38,808532.2239999999,0.2
CUST104470,69,Male,Almaty,High,89.49,7,8680.74,354.09,44.0,Groceries,141,0.12,True,0.41,0.03,High,12.0,3.33,Medium,No,5,Online Wallet,True,True,False,15.33,4,49,34,Platinum,Email,9,-34,670,False,0,6,19.99,13561.5,776839.4225999999,0.26666666666666666
CUST104473,50,Female,Karaganda,Medium,76.27,0,9106.94,245.32,47.0,Electronics,164,0.84,False,0.39,0.39,Medium,5.0,2.92,High,Yes,4,Cash,False,True,False,15.93,5,24,2,Bronze,App,5,52,459,True,0,347,36.89,6133.78,694586.3138,0.10416666666666667
CUST104482,22,Female,Almaty,High,67.59,7,8672.77,347.01,20.0,Beauty,268,0.2,False,0.98,0.39,Low,2.0,2.13,Low,No,7,Cash,True,False,False,15.7,6,12,22,Gold,App,4,-75,3340,False,Basic,74,78.79,19634.36,586192.5243,0.09523809523809523
CUST104484,55,Male,Shymkent,High,64.29,2,9716.35,292.66,20.0,Clothing,355,0.56,True,0.29,0.85,Medium,16.0,4.58,High,Yes,5,Cash,False,True,True,13.37,14,26,19,Silver,Email,1,-83,589,False,Premium,312,12.57,5259.08,624664.1415,0.7619047619047619
CUST104487,31,Male,Astana,High,95.58,9,7908.61,217.32,10.0,Clothing,157,0.9,False,0.36,0.05,High,2.0,3.09,Medium,No,4,Card,False,True,True,14.13,13,31,30,Gold,Social Media,7,38,1079,False,Premium,117,82.3,4126.63,755904.9438,0.18181818181818182
CUST104499,62,Female,Astana,Low,86.6,2,9069.69,306.11,37.0,Clothing,176,0.37,False,0.63,0.15,Low,0.0,2.59,Low,Yes,3,Card,True,False,True,7.32,0,16,36,Silver,Social Media,2,-74,365,False,Premium,281,94.5,9656.0,785435.154,0.0
CUST104509,48,Male,Astana,Medium,95.54,5,7803.8,411.47,33.0,Clothing,34,0.21,False,0.54,0.87,High,12.0,1.29,Low,Yes,8,Online Wallet,False,True,False,8.99,8,31,12,Bronze,Email,3,12,2131,False,Premium,102,16.26,18125.01,745575.052,0.35294117647058826
CUST104517,65,Male,Shymkent,High,64.9,9,8453.64,316.23,4.0,Beauty,96,0.64,True,0.38,0.21,High,4.0,2.41,Low,Yes,2,Cash,False,True,True,12.09,3,18,5,Gold,Social Media,8,-70,1541,True,0,112,13.94,11536.83,548641.236,0.8
CUST104519,29,Male,Almaty,Low,73.68,1,9327.36,437.24,43.0,Groceries,12,0.55,True,0.11,0.45,Medium,4.0,4.58,High,Yes,5,Card,True,False,True,18.08,2,28,11,Gold,Social Media,9,87,52,False,Premium,227,56.76,10145.02,687239.8848000001,0.09090909090909091
CUST104530,21,Female,Karaganda,High,79.4,8,9890.33,179.02,29.0,Beauty,140,0.82,False,0.18,0.31,Medium,10.0,4.66,Low,No,2,Cash,True,True,False,8.91,1,7,27,Gold,SMS,9,29,514,False,Premium,47,37.49,12360.21,785292.202,0.3333333333333333
CUST104537,60,Female,Shymkent,Medium,80.51,7,7684.51,389.96,41.0,Electronics,177,0.73,True,0.78,0.02,Medium,16.0,1.57,High,No,5,Online Wallet,False,False,True,19.63,14,27,33,Silver,Social Media,9,-47,3344,True,0,40,50.35,18055.98,618679.9001000001,0.38095238095238093
CUST104547,53,Male,Karaganda,Low,96.1,5,8289.43,246.95,27.0,Electronics,264,0.28,True,0.32,0.48,Low,15.0,4.15,Medium,No,6,Card,False,False,True,15.99,8,44,39,Gold,Email,2,-24,1931,False,Basic,180,51.89,6878.88,796614.223,0.5357142857142857
CUST104552,56,Male,Astana,Low,69.21,6,9230.14,297.72,27.0,Groceries,250,0.39,False,0.23,0.46,Medium,1.0,1.91,Low,Yes,4,Online Wallet,True,False,True,14.6,5,49,14,Silver,Social Media,7,-60,1455,True,0,185,73.1,7664.32,638817.9893999998,0.03571428571428571
CUST104561,26,Male,Almaty,Low,79.15,3,8595.2,30.8,38.0,Groceries,332,0.15,False,0.34,0.39,Low,5.0,1.8,Low,Yes,5,Card,False,True,True,12.21,6,8,30,Bronze,Email,7,-15,1775,False,0,136,35.52,10948.74,680310.0800000001,0.1282051282051282
CUST104571,41,Male,Astana,Low,97.18,3,8686.18,191.65,45.0,Clothing,178,0.44,False,0.34,0.54,High,16.0,1.14,High,No,5,Online Wallet,True,False,False,14.35,2,27,39,Silver,Social Media,2,36,1079,True,Premium,65,17.34,15836.97,844122.9724000001,0.34782608695652173
CUST104573,57,Male,Shymkent,Medium,92.19,3,5568.09,162.54,48.0,Beauty,144,0.74,True,0.08,0.71,Low,16.0,4.31,Medium,Yes,1,Cash,True,True,True,19.61,0,7,5,Silver,SMS,2,-82,1582,True,Basic,250,14.42,16373.15,513322.2171,0.32653061224489793
CUST104575,25,Female,Shymkent,Low,97.51,3,8229.84,388.68,23.0,Electronics,257,0.97,False,0.09,0.77,Low,8.0,3.48,Medium,Yes,9,Card,False,True,False,8.02,4,23,21,Platinum,App,4,22,3566,True,Basic,271,73.61,12366.16,802491.6984000001,0.3333333333333333
CUST104579,54,Female,Shymkent,Medium,81.39,6,8167.02,431.68,18.0,Clothing,356,0.62,True,0.68,0.17,Low,0.0,3.48,Low,Yes,5,Card,False,False,False,18.67,3,14,9,Silver,Social Media,3,9,1848,True,Basic,47,86.34,1177.02,664713.7578,0.0
CUST104591,68,Female,Almaty,High,68.15,4,7668.46,367.54,28.0,Groceries,51,0.08,False,0.55,0.85,High,7.0,2.08,Low,No,9,Card,True,True,False,10.51,8,39,31,Gold,SMS,3,22,2041,False,Premium,92,11.4,12155.16,522605.54900000006,0.2413793103448276
CUST104612,69,Female,Astana,High,82.61,4,8024.52,205.25,37.0,Clothing,233,0.9,False,0.79,0.61,High,5.0,3.0,Medium,Yes,7,Card,False,True,False,4.91,7,25,28,Silver,Email,1,-73,1582,True,Premium,121,92.84,8932.89,662905.5972000001,0.13157894736842105
CUST104623,37,Female,Astana,Medium,76.83,4,7521.9,106.48,19.0,Electronics,222,0.25,True,0.86,0.14,Low,1.0,1.9,Low,No,2,Card,True,True,True,16.44,7,17,5,Gold,SMS,7,89,2467,True,Premium,312,49.04,9339.13,577907.5769999999,0.05
CUST104624,69,Male,Astana,Low,98.02,6,5563.97,337.73,6.0,Groceries,147,0.33,False,0.48,0.64,Low,11.0,2.17,Medium,No,0,Card,True,False,True,3.94,2,15,27,Silver,SMS,7,-50,1237,False,0,311,34.47,9785.35,545380.3394,1.5714285714285714
CUST104625,40,Male,Astana,Medium,91.11,0,7501.43,373.76,49.0,Beauty,137,0.12,True,0.31,0.37,Low,18.0,4.57,Low,Yes,2,Online Wallet,True,True,False,3.88,14,20,27,Gold,App,1,-90,1283,True,Premium,163,77.72,10391.67,683455.2873,0.36
CUST104635,62,Male,Shymkent,Medium,69.06,3,9858.09,71.2,6.0,Electronics,136,0.19,True,0.51,0.79,Medium,15.0,3.48,Medium,No,0,Cash,True,True,True,6.01,11,13,32,Silver,Email,2,-4,1364,False,Basic,346,31.23,10802.91,680799.6954000001,2.142857142857143
CUST104636,58,Female,Almaty,Low,64.44,5,8097.09,272.24,32.0,Beauty,266,0.16,False,0.27,0.49,High,7.0,4.29,High,Yes,5,Online Wallet,True,True,False,5.14,4,2,7,Silver,Email,3,-98,2085,False,Premium,318,56.86,12335.06,521776.47959999996,0.21212121212121213
CUST104637,46,Male,Karaganda,High,72.0,8,9158.89,367.88,40.0,Clothing,148,0.97,False,0.8,0.88,High,18.0,3.83,High,No,4,Online Wallet,True,False,True,3.57,12,21,4,Bronze,App,9,-36,1799,False,0,215,8.21,14697.65,659440.08,0.43902439024390244
CUST104647,36,Male,Almaty,Medium,58.0,7,8799.6,254.32,36.0,Beauty,239,0.29,True,0.02,0.02,Medium,3.0,3.66,High,No,6,Cash,False,False,True,8.03,8,7,27,Platinum,Social Media,2,-93,801,False,0,347,14.46,10336.74,510376.80000000005,0.08108108108108109
CUST104649,24,Male,Karaganda,High,95.87,5,6946.91,120.91,40.0,Beauty,349,0.75,True,0.97,0.0,Medium,4.0,1.67,High,Yes,6,Cash,True,False,True,15.29,12,23,36,Gold,Email,7,16,3029,True,Premium,137,12.34,13571.58,666000.2617,0.0975609756097561
CUST104650,64,Male,Karaganda,Low,61.24,5,9771.17,187.5,20.0,Clothing,120,0.87,False,0.56,0.07,Low,6.0,1.84,Medium,No,5,Cash,True,False,True,11.99,1,10,11,Silver,Social Media,2,55,1006,True,0,6,65.85,3197.59,598386.4508,0.2857142857142857
CUST104665,46,Male,Karaganda,Low,95.08,4,5588.07,325.8,9.0,Electronics,228,0.56,True,1.0,0.12,Low,2.0,2.56,High,No,5,Cash,True,False,True,8.9,10,3,20,Gold,App,6,-70,1701,True,0,233,44.36,4227.49,531313.6956,0.2
CUST104673,45,Male,Almaty,Low,61.97,5,9978.11,217.71,19.0,Electronics,301,0.32,True,0.94,0.35,Medium,11.0,1.6,Low,Yes,4,Online Wallet,False,True,False,9.98,10,42,8,Gold,Social Media,9,-8,3408,True,Premium,73,55.49,15429.49,618343.4767,0.55
CUST104681,20,Female,Astana,Medium,96.38,2,5664.78,272.3,3.0,Beauty,35,0.29,False,0.75,0.31,Low,13.0,3.91,Low,No,1,Card,False,False,True,13.11,8,24,5,Platinum,SMS,0,-96,689,False,Premium,100,96.71,19776.85,545971.4964,3.25
CUST104685,57,Female,Shymkent,Low,97.91,8,7241.39,202.85,20.0,Clothing,299,0.07,False,0.8,0.79,Low,12.0,3.28,Medium,No,5,Online Wallet,False,True,False,6.72,9,21,10,Platinum,App,8,-78,1572,False,Basic,288,10.57,1249.1,709004.4949,0.5714285714285714
CUST104691,59,Male,Astana,Medium,90.28,1,7508.72,353.48,15.0,Clothing,140,0.29,False,0.2,0.91,Low,9.0,1.74,Medium,No,7,Cash,False,True,False,12.7,5,34,5,Gold,App,8,88,1235,True,0,357,43.7,18723.82,677887.2416000001,0.5625
CUST104694,51,Male,Astana,Low,80.72,7,9409.36,495.16,17.0,Clothing,267,0.66,False,0.18,0.7,Low,7.0,1.42,High,No,9,Card,False,False,False,6.87,8,20,9,Bronze,SMS,1,-9,1636,True,Basic,13,77.96,19478.06,759523.5392,0.3888888888888889
CUST104695,66,Female,Karaganda,High,79.98,1,7256.0,241.85,45.0,Clothing,172,0.84,True,0.01,0.07,Medium,7.0,1.24,Low,No,2,Card,False,False,False,6.09,10,17,21,Platinum,Email,7,59,1120,True,Premium,362,22.36,15218.79,580334.88,0.15217391304347827
CUST104712,20,Male,Karaganda,Low,89.74,1,6634.32,106.99,49.0,Electronics,19,0.96,False,0.9,0.55,Low,12.0,3.79,High,No,2,Cash,True,True,True,9.09,0,26,24,Bronze,Email,1,51,2541,False,Premium,292,80.56,19561.11,595363.8768,0.24
CUST104713,68,Male,Almaty,Low,79.17,0,6451.65,64.89,29.0,Clothing,247,0.28,True,0.63,0.92,Medium,9.0,1.18,High,Yes,3,Cash,False,False,False,6.35,8,12,17,Gold,Social Media,5,-84,1231,False,Premium,51,66.36,7106.68,510777.13049999997,0.3
CUST104717,45,Male,Almaty,Medium,70.68,2,8422.88,30.44,46.0,Groceries,208,0.66,True,0.31,0.19,Medium,7.0,1.43,Medium,No,8,Cash,False,True,True,6.82,9,42,12,Silver,App,3,32,3192,True,0,74,8.66,17007.51,595329.1584,0.14893617021276595
CUST104726,40,Male,Almaty,Low,93.78,6,7368.17,15.27,2.0,Clothing,252,0.69,True,0.95,0.24,Medium,5.0,4.92,High,Yes,5,Cash,True,True,True,7.3,4,46,7,Platinum,SMS,7,64,752,False,0,278,41.59,5056.43,690986.9826,1.6666666666666667
CUST104732,44,Male,Karaganda,High,91.22,7,9493.93,476.71,2.0,Beauty,34,0.8,False,0.77,0.58,Low,18.0,2.98,High,Yes,8,Cash,False,False,True,8.34,11,36,14,Silver,SMS,8,-82,333,True,0,136,48.67,7370.9,866036.2946,6.0
CUST104737,53,Male,Almaty,Medium,94.38,5,9541.31,59.5,41.0,Beauty,297,0.67,False,0.03,0.74,Low,11.0,2.84,High,No,4,Card,False,False,True,14.28,1,25,3,Silver,SMS,1,-54,3316,False,Premium,84,31.43,6860.74,900508.8377999999,0.2619047619047619
CUST104753,28,Male,Karaganda,Low,86.02,6,7939.1,199.78,48.0,Electronics,259,0.18,True,0.5,0.4,High,16.0,2.27,Low,No,3,Online Wallet,False,False,True,5.87,13,21,39,Bronze,Email,0,2,3159,True,Premium,131,76.49,12316.88,682921.382,0.32653061224489793
CUST104755,27,Female,Shymkent,Low,83.23,3,8418.74,339.35,44.0,Beauty,3,0.88,True,0.96,0.36,High,9.0,3.49,Medium,Yes,4,Card,True,False,False,5.47,4,14,7,Platinum,SMS,6,0,487,True,Premium,305,51.33,13876.24,700691.7302,0.2
CUST104758,21,Female,Shymkent,High,98.75,4,7195.27,279.27,13.0,Electronics,200,0.29,False,0.42,0.14,High,8.0,4.61,High,Yes,5,Cash,True,True,False,5.15,5,25,33,Platinum,Social Media,1,46,1522,False,Basic,357,85.8,18400.11,710532.9125000001,0.5714285714285714
CUST104785,51,Female,Almaty,High,90.06,9,7052.09,36.27,27.0,Groceries,241,0.66,True,0.84,0.27,Medium,7.0,1.25,High,No,2,Card,False,True,False,7.33,6,20,2,Platinum,Social Media,3,38,3500,True,Basic,39,7.26,10227.11,635111.2254,0.25
CUST104800,62,Male,Almaty,Medium,66.27,7,8792.88,240.13,27.0,Clothing,250,0.68,True,0.92,0.01,High,4.0,3.89,Medium,Yes,6,Online Wallet,False,False,True,13.34,14,25,2,Platinum,Email,6,-28,2488,False,0,82,72.62,15936.9,582704.1575999999,0.14285714285714285
CUST104806,53,Male,Karaganda,Medium,90.12,7,7474.52,462.45,3.0,Beauty,85,0.79,False,0.1,0.84,High,4.0,3.21,Low,No,4,Online Wallet,False,False,False,14.97,10,8,21,Silver,Email,5,-9,2893,True,0,12,63.52,6554.99,673603.7424000001,1.0
CUST104809,21,Male,Astana,Low,99.93,9,6303.29,376.92,27.0,Electronics,134,0.33,False,0.54,0.63,High,8.0,2.8,Low,No,7,Online Wallet,False,True,True,10.62,4,12,0,Platinum,App,9,11,3537,True,0,90,78.09,19431.15,629887.7697000001,0.2857142857142857
CUST104812,36,Female,Astana,High,95.48,0,9011.73,52.82,13.0,Groceries,251,0.64,False,0.07,0.14,Low,11.0,1.59,High,Yes,4,Cash,True,False,False,19.36,0,32,12,Silver,Social Media,1,-42,1536,True,0,244,21.93,15615.83,860439.9804,0.7857142857142857
CUST104819,31,Female,Shymkent,High,98.8,4,8960.81,321.08,12.0,Clothing,87,0.56,False,0.35,0.04,Low,18.0,4.24,High,No,0,Cash,True,True,False,17.96,8,7,29,Gold,SMS,2,30,3505,False,Premium,328,99.66,2674.66,885328.0279999999,1.3846153846153846
CUST104825,23,Male,Almaty,High,59.0,2,9568.92,13.19,2.0,Groceries,11,0.92,False,0.2,0.34,Medium,1.0,4.63,High,Yes,2,Cash,True,False,True,15.17,11,35,17,Silver,Email,2,-100,931,False,0,88,90.28,19923.95,564566.28,0.3333333333333333
CUST104834,23,Male,Almaty,Medium,84.89,0,9547.03,448.2,5.0,Electronics,350,0.42,True,0.9,0.74,Medium,0.0,2.17,Medium,Yes,8,Card,False,False,True,8.98,6,39,17,Bronze,Social Media,0,32,1288,True,Premium,2,18.26,14006.76,810447.3767,0.0
CUST104836,30,Male,Shymkent,Low,70.02,2,8413.82,243.5,41.0,Electronics,356,0.8,False,0.41,0.92,Low,10.0,2.14,Low,Yes,6,Cash,False,True,True,11.56,14,20,30,Platinum,App,3,-73,2689,True,Premium,297,0.64,4174.89,589135.6764,0.23809523809523808
CUST104848,61,Male,Karaganda,Low,72.41,7,8889.47,408.79,24.0,Electronics,47,0.48,True,0.33,0.41,High,9.0,4.65,Medium,Yes,7,Online Wallet,False,True,True,7.86,1,35,38,Platinum,SMS,3,30,1312,True,0,193,65.86,11863.25,643686.5227,0.36
CUST104864,33,Male,Astana,High,81.35,7,7654.37,449.94,20.0,Groceries,322,0.5,False,0.32,0.51,Low,1.0,1.06,Low,No,5,Cash,True,False,True,4.09,11,46,1,Platinum,SMS,7,-91,1706,True,Basic,123,70.73,10366.07,622682.9994999999,0.047619047619047616
CUST104867,66,Female,Karaganda,Medium,96.98,5,5543.26,465.61,21.0,Groceries,109,0.33,True,0.68,0.26,High,1.0,4.16,Low,No,6,Cash,True,True,True,1.03,10,25,26,Bronze,SMS,1,31,1207,True,Premium,129,0.95,11989.23,537585.3548000001,0.045454545454545456
CUST104873,34,Female,Almaty,Low,67.53,0,9466.58,342.29,25.0,Clothing,230,0.35,True,0.5,0.62,Low,4.0,4.27,Low,Yes,6,Online Wallet,True,False,True,17.69,13,7,5,Platinum,Email,5,-75,30,False,0,73,35.32,2644.65,639278.1474,0.15384615384615385
CUST104878,31,Female,Karaganda,Medium,89.52,1,9444.52,38.89,25.0,Groceries,221,0.84,True,0.55,0.02,Medium,15.0,4.44,High,Yes,6,Online Wallet,True,True,True,3.06,7,14,3,Silver,Email,2,49,1951,False,Premium,39,23.36,1729.2,845473.4304,0.5769230769230769
CUST104880,50,Female,Karaganda,Low,68.2,6,8402.73,497.79,48.0,Clothing,285,0.08,True,0.65,0.28,Medium,2.0,4.94,Medium,Yes,2,Card,False,True,False,15.3,7,8,32,Silver,SMS,8,-82,3352,False,Basic,4,97.48,11668.17,573066.186,0.04081632653061224
CUST104886,22,Female,Astana,High,99.08,1,9817.31,257.72,21.0,Groceries,39,0.55,False,0.87,0.57,Medium,10.0,2.6,High,Yes,3,Card,False,False,False,7.76,6,28,18,Gold,App,9,96,3001,False,0,10,90.45,15711.59,972699.0748,0.45454545454545453
CUST104895,24,Female,Astana,Medium,58.65,7,8526.24,236.71,46.0,Electronics,104,0.49,True,0.91,0.16,Low,11.0,1.74,Medium,No,8,Cash,False,True,True,10.74,10,29,2,Bronze,Social Media,5,27,1217,False,Premium,185,16.4,16626.29,500063.97599999997,0.23404255319148937
CUST104896,32,Male,Karaganda,High,79.78,2,9270.14,234.93,48.0,Beauty,37,0.72,True,0.5,0.45,Medium,6.0,1.12,Low,Yes,6,Cash,True,True,False,12.81,4,37,14,Silver,App,5,66,3080,True,Premium,327,6.48,3501.54,739571.7692,0.12244897959183673
CUST104905,35,Female,Karaganda,Low,94.59,1,8993.16,315.23,3.0,Electronics,356,0.82,True,0.01,0.56,High,18.0,4.83,Medium,No,8,Online Wallet,True,False,False,13.59,0,21,13,Gold,App,9,4,1477,True,Basic,148,33.84,11924.4,850663.0044,4.5
CUST104912,34,Male,Karaganda,Medium,87.13,9,6671.71,377.67,44.0,Clothing,11,0.52,True,0.7,0.76,High,17.0,2.13,High,No,9,Cash,True,True,False,18.13,9,5,6,Gold,Email,9,34,735,True,Basic,353,2.04,16453.04,581306.0923,0.37777777777777777
CUST104915,22,Female,Almaty,Medium,77.28,7,9625.77,227.93,29.0,Clothing,283,0.14,True,0.51,0.27,Low,1.0,1.66,High,No,6,Card,True,False,False,17.53,12,15,17,Gold,Email,5,33,2737,True,Premium,227,53.87,643.42,743879.5056,0.03333333333333333
CUST104923,66,Female,Karaganda,High,87.6,3,5881.8,470.64,40.0,Electronics,71,0.06,False,0.85,0.83,Medium,15.0,1.24,Medium,No,6,Online Wallet,False,False,False,8.79,10,47,31,Silver,Social Media,2,-75,2104,True,0,290,85.72,10321.71,515245.68,0.36585365853658536
CUST104925,66,Female,Karaganda,High,91.52,1,8774.55,266.82,41.0,Groceries,79,0.77,True,0.23,0.2,High,0.0,3.9,Medium,Yes,9,Cash,False,True,True,10.41,8,33,39,Silver,App,6,52,1870,True,0,167,34.12,1177.34,803046.8159999999,0.0
CUST104929,27,Female,Shymkent,Medium,77.0,2,7470.25,340.41,31.0,Beauty,121,0.24,False,0.51,0.17,Medium,14.0,3.83,High,Yes,9,Cash,False,True,False,16.06,13,46,28,Silver,App,7,-61,1004,True,0,260,7.66,10398.49,575209.25,0.4375
CUST104937,55,Male,Karaganda,Medium,96.5,2,6594.85,220.25,9.0,Beauty,304,0.42,False,0.21,0.88,High,19.0,2.77,Low,No,0,Online Wallet,False,False,False,13.76,6,12,5,Platinum,Email,8,-69,3031,False,Premium,210,87.75,18071.56,636403.025,1.9
CUST104948,58,Male,Almaty,Medium,91.32,3,9586.84,66.37,7.0,Electronics,209,0.99,True,0.05,0.94,Medium,13.0,1.72,Medium,Yes,1,Cash,False,True,True,19.35,9,45,33,Platinum,App,0,19,1498,False,0,43,86.58,15514.16,875470.2287999999,1.625
CUST104949,37,Female,Almaty,Low,59.08,4,8492.08,163.16,5.0,Groceries,215,0.92,True,0.45,0.27,Low,9.0,1.53,High,Yes,5,Cash,True,False,False,8.48,2,36,5,Silver,Social Media,3,-5,632,True,Basic,64,26.81,11366.18,501712.0864,1.5
CUST104950,61,Female,Karaganda,High,65.69,2,9225.72,220.59,17.0,Clothing,31,0.84,False,0.18,0.42,Medium,9.0,3.83,High,No,7,Card,True,True,False,4.48,13,43,24,Gold,Email,9,15,3123,False,Basic,241,84.19,16484.79,606037.5467999999,0.5
CUST104951,36,Male,Almaty,Low,78.18,3,6442.9,26.55,11.0,Beauty,86,0.59,True,0.91,0.14,High,4.0,4.11,Low,No,9,Cash,False,False,True,1.92,6,35,15,Platinum,Email,9,7,1513,True,0,207,86.39,6768.1,503705.922,0.3333333333333333
CUST104958,39,Female,Almaty,High,82.65,5,7263.36,457.58,28.0,Clothing,177,0.33,True,0.82,0.64,Low,1.0,2.82,Medium,No,3,Card,False,False,True,4.19,1,48,24,Bronze,Email,5,13,1190,True,Basic,363,82.36,18257.75,600316.704,0.034482758620689655
CUST104963,27,Male,Astana,Low,99.35,2,5075.9,460.59,41.0,Beauty,332,0.33,True,0.94,0.07,Medium,15.0,3.26,High,Yes,4,Online Wallet,True,False,False,18.84,13,12,36,Gold,Email,7,-20,1122,False,Premium,235,36.72,3726.99,504290.6649999999,0.35714285714285715
CUST104972,46,Female,Shymkent,Low,77.83,9,6499.49,111.72,4.0,Groceries,57,0.6,False,0.35,0.74,Low,12.0,1.91,High,No,7,Online Wallet,True,True,False,11.45,4,44,13,Gold,Social Media,7,-6,336,False,Basic,30,60.13,9970.13,505855.30669999996,2.4
CUST104977,42,Female,Shymkent,Low,98.97,0,6158.24,263.63,20.0,Electronics,146,0.91,False,0.9,0.8,High,7.0,1.35,Medium,No,8,Cash,True,False,False,19.3,8,20,9,Silver,Email,5,-92,2769,False,0,197,73.62,9008.21,609481.0128,0.3333333333333333
CUST104978,27,Male,Astana,Medium,96.69,0,7187.92,285.29,30.0,Groceries,310,0.71,False,0.81,0.24,Medium,11.0,1.31,High,Yes,7,Online Wallet,False,True,True,18.16,13,24,28,Bronze,App,4,-64,252,False,0,30,51.11,4210.96,694999.9848,0.3548387096774194
CUST104981,68,Female,Astana,Low,69.23,6,8417.99,397.31,46.0,Groceries,38,0.35,False,0.88,0.22,High,14.0,3.83,Medium,No,0,Online Wallet,True,False,False,8.46,14,47,17,Silver,Social Media,4,15,3149,False,Basic,13,42.04,10550.31,582777.4477,0.2978723404255319
CUST104983,38,Male,Astana,Medium,73.96,0,8383.51,61.08,1.0,Clothing,315,0.84,True,0.36,0.64,Low,6.0,4.35,Medium,Yes,7,Cash,False,True,True,3.55,13,34,21,Platinum,Social Media,0,95,2163,False,Premium,322,65.26,17286.86,620044.3996,3.0
CUST104994,21,Female,Karaganda,Medium,77.97,3,8089.71,230.98,15.0,Electronics,96,0.43,False,0.07,0.48,Low,6.0,2.03,Medium,No,1,Online Wallet,False,False,True,3.77,11,37,38,Bronze,Social Media,1,-35,2921,False,Premium,310,40.29,2559.31,630754.6886999999,0.375
CUST105006,59,Female,Almaty,Low,83.18,4,8364.08,81.51,39.0,Electronics,175,0.14,True,0.26,0.91,High,16.0,2.62,Low,Yes,9,Cash,False,True,True,14.4,7,1,38,Bronze,SMS,0,-18,539,True,0,74,72.98,12378.26,695724.1744,0.4
CUST105009,23,Female,Almaty,Medium,91.03,4,9175.11,143.43,45.0,Electronics,289,0.98,False,0.14,0.48,High,0.0,4.57,Medium,No,3,Online Wallet,True,False,True,15.67,9,0,9,Platinum,Social Media,5,-16,3339,False,Basic,103,74.47,4876.1,835210.2633000001,0.0
CUST105013,27,Male,Shymkent,Medium,75.68,8,9352.28,130.44,42.0,Electronics,38,0.85,False,0.61,0.17,Medium,8.0,1.55,High,No,4,Online Wallet,False,True,False,13.33,11,10,33,Bronze,SMS,5,-73,2970,False,0,100,61.85,4167.89,707780.5504000001,0.18604651162790697
CUST105023,32,Male,Astana,High,74.01,3,9306.63,170.82,13.0,Groceries,323,0.33,False,0.3,0.82,Medium,16.0,4.07,Medium,Yes,2,Online Wallet,False,True,True,19.47,2,28,37,Platinum,SMS,4,-79,271,False,0,234,63.16,10367.31,688783.6863,1.1428571428571428
CUST105026,26,Male,Shymkent,High,89.51,3,5777.6,196.26,12.0,Groceries,280,0.72,False,0.77,0.39,Medium,1.0,2.93,Medium,No,2,Cash,False,False,True,11.48,4,25,31,Platinum,Social Media,8,98,893,False,0,173,75.94,3058.97,517152.9760000001,0.07692307692307693
CUST105035,67,Female,Shymkent,Medium,80.61,9,9218.1,403.45,9.0,Beauty,166,0.19,False,0.81,0.22,Medium,2.0,3.43,Low,No,2,Card,True,False,True,3.89,4,48,0,Gold,SMS,9,25,2697,False,Premium,102,93.08,15919.47,743071.041,0.2
CUST105045,64,Female,Shymkent,Medium,66.1,2,9117.94,55.27,28.0,Electronics,269,0.12,False,0.33,0.43,Low,4.0,3.38,Low,Yes,4,Online Wallet,True,True,False,1.1,2,47,26,Platinum,SMS,6,-9,677,False,Basic,313,44.86,10283.4,602695.834,0.13793103448275862
CUST105054,67,Male,Karaganda,High,71.92,7,9384.92,300.65,33.0,Clothing,83,0.96,False,0.88,0.8,High,13.0,4.17,Medium,Yes,1,Card,True,True,True,7.66,9,13,13,Platinum,Social Media,4,29,2355,True,Premium,286,27.69,11450.92,674963.4464,0.38235294117647056
CUST105055,20,Female,Almaty,Medium,90.26,8,5766.05,45.28,29.0,Electronics,45,0.68,True,0.17,0.68,High,14.0,3.99,High,No,5,Cash,True,False,True,8.58,4,35,33,Silver,SMS,5,-68,2802,True,Premium,70,86.1,7053.56,520443.67300000007,0.4666666666666667
CUST105058,33,Male,Astana,High,93.09,3,7870.1,239.33,10.0,Clothing,188,0.34,True,0.01,0.49,Low,9.0,3.64,Medium,Yes,5,Cash,True,True,True,16.16,8,14,3,Gold,Email,0,-17,3514,True,Premium,21,30.14,19115.35,732627.609,0.8181818181818182
CUST105060,47,Female,Karaganda,Low,71.99,5,7901.67,441.27,32.0,Clothing,288,0.76,True,0.95,0.67,Low,14.0,1.06,Low,Yes,4,Online Wallet,False,True,True,18.91,7,22,25,Gold,Social Media,7,-17,1484,False,0,273,98.14,12255.36,568841.2233,0.42424242424242425
CUST105061,65,Female,Almaty,High,89.05,7,7164.1,29.97,48.0,Clothing,307,0.97,True,0.59,0.25,High,19.0,3.67,High,Yes,8,Online Wallet,False,True,True,6.33,14,25,2,Bronze,Social Media,3,61,1796,False,0,311,79.24,18138.29,637963.105,0.3877551020408163
CUST105062,27,Female,Astana,High,98.98,5,6060.46,76.22,27.0,Clothing,358,0.08,False,0.43,0.26,High,1.0,2.84,High,Yes,6,Card,False,False,False,10.87,12,25,11,Bronze,Social Media,3,-79,2943,False,Basic,199,14.24,15650.73,599864.3308,0.03571428571428571
CUST105064,55,Male,Shymkent,Low,80.81,5,7767.99,185.37,24.0,Groceries,53,0.9,True,0.28,0.82,Low,19.0,2.19,High,No,3,Cash,True,False,False,4.59,2,38,5,Gold,Email,7,-88,2265,False,Premium,47,0.85,19858.89,627731.2719,0.76
CUST105070,27,Female,Astana,High,72.37,6,7383.33,329.13,6.0,Groceries,318,0.71,False,0.16,0.91,Medium,3.0,1.58,Low,No,3,Card,False,False,False,8.06,14,43,1,Gold,Social Media,4,59,2782,False,Premium,168,98.58,14609.62,534331.5921,0.42857142857142855
CUST105074,63,Female,Almaty,High,89.21,7,9668.14,129.46,30.0,Electronics,295,0.77,False,0.19,0.3,Low,18.0,4.63,High,Yes,5,Online Wallet,True,True,True,1.52,5,45,7,Bronze,Email,6,28,165,True,0,78,42.03,19977.13,862494.7693999999,0.5806451612903226
CUST105076,68,Female,Shymkent,Low,86.06,1,9417.48,448.03,40.0,Clothing,232,0.42,False,0.83,0.02,Medium,17.0,3.08,Low,Yes,5,Cash,False,False,False,10.12,6,28,21,Platinum,App,8,47,398,False,Premium,247,57.62,16639.76,810468.3288,0.4146341463414634
CUST105077,63,Female,Astana,High,94.53,1,5725.68,223.25,48.0,Beauty,335,0.01,True,0.05,0.56,Low,17.0,4.24,Medium,No,5,Cash,False,False,False,9.62,7,20,6,Gold,SMS,6,-33,3165,False,Premium,164,83.25,18935.95,541248.5304,0.3469387755102041
CUST105081,23,Male,Astana,Low,95.21,9,7330.28,319.8,22.0,Beauty,0,0.41,True,0.56,0.47,High,16.0,4.01,High,Yes,5,Online Wallet,False,False,True,17.64,12,15,26,Silver,App,8,43,1057,False,Basic,261,93.74,8398.3,697915.9587999999,0.6956521739130435
CUST105090,35,Male,Astana,High,69.7,5,8804.41,371.27,10.0,Electronics,117,0.42,True,0.06,0.95,Low,16.0,2.22,Low,No,1,Cash,True,False,False,17.22,14,28,8,Gold,App,2,-85,2824,False,Premium,262,51.68,218.98,613667.377,1.4545454545454546
CUST105092,19,Female,Astana,Low,73.39,6,7423.13,210.26,32.0,Beauty,292,0.19,False,0.78,0.46,Low,8.0,1.48,Low,No,7,Card,True,False,True,6.81,7,33,6,Bronze,App,1,-17,1061,True,Basic,314,22.17,9153.66,544783.5107,0.24242424242424243
CUST105096,53,Female,Almaty,Low,84.63,2,8616.42,123.58,5.0,Groceries,259,0.87,False,0.25,0.61,Medium,11.0,4.64,Low,Yes,8,Cash,True,False,True,3.09,5,3,1,Bronze,App,5,-89,902,True,Basic,261,52.54,18028.05,729207.6246,1.8333333333333333
CUST105107,21,Male,Almaty,Low,91.38,5,8363.3,368.88,33.0,Groceries,229,0.98,True,0.64,0.7,High,15.0,4.22,Medium,Yes,7,Card,False,True,True,5.95,13,24,30,Platinum,SMS,4,-84,1888,False,0,308,75.2,13520.83,764238.3539999999,0.4411764705882353
CUST105121,55,Female,Astana,Low,84.57,0,9236.71,460.19,28.0,Beauty,5,0.98,False,0.4,0.62,Low,17.0,4.26,High,No,3,Cash,True,True,True,3.07,5,5,16,Gold,App,1,-24,1771,True,Basic,148,48.56,1373.62,781148.5646999999,0.5862068965517241
CUST105122,55,Female,Shymkent,High,98.0,2,8377.92,61.43,11.0,Beauty,184,0.54,False,0.62,0.52,Medium,5.0,2.8,Medium,Yes,8,Online Wallet,True,False,False,7.52,7,16,14,Silver,Social Media,7,-60,466,False,Basic,329,4.36,18433.96,821036.16,0.4166666666666667
CUST105124,65,Female,Astana,Medium,80.09,4,6619.21,139.39,1.0,Beauty,13,0.35,False,0.83,0.32,High,8.0,4.14,Low,No,7,Cash,True,True,True,13.77,5,8,31,Silver,Social Media,9,-80,2271,True,0,266,16.79,2978.66,530132.5289,4.0
CUST105131,67,Male,Shymkent,Low,89.75,4,7127.06,96.29,40.0,Groceries,331,0.76,False,0.95,0.09,High,16.0,1.65,Low,No,9,Card,True,False,False,13.59,13,39,1,Gold,Email,4,62,3397,False,Basic,343,35.01,3786.69,639653.635,0.3902439024390244
CUST105132,24,Male,Almaty,Medium,93.13,1,8936.2,112.73,25.0,Electronics,104,0.41,False,0.56,0.94,Medium,10.0,3.48,High,No,5,Online Wallet,True,True,True,14.22,5,48,21,Bronze,Social Media,3,4,1075,False,Premium,308,20.36,6821.38,832228.306,0.38461538461538464
CUST105133,20,Female,Almaty,High,74.61,5,6938.78,90.58,9.0,Electronics,131,0.4,True,0.78,0.31,Medium,10.0,1.22,High,No,3,Online Wallet,False,False,False,14.18,3,40,4,Platinum,Social Media,0,-100,83,False,Basic,346,15.93,5433.39,517702.3758,1.0
CUST105136,37,Female,Almaty,Medium,88.88,4,7152.03,41.34,37.0,Electronics,157,0.71,False,0.95,0.46,High,0.0,2.83,Medium,No,3,Online Wallet,True,False,True,2.35,1,46,12,Platinum,App,1,-80,2901,False,Basic,325,42.2,1482.03,635672.4264,0.0
CUST105140,22,Female,Karaganda,Medium,88.51,6,6207.91,51.52,21.0,Clothing,278,0.14,False,1.0,0.34,Medium,15.0,2.92,Medium,Yes,4,Online Wallet,True,False,True,14.88,7,16,37,Gold,App,2,61,2062,False,Basic,214,56.96,19253.5,549462.1141,0.6818181818181818
CUST105142,21,Female,Astana,High,96.7,1,5644.53,417.18,1.0,Clothing,208,0.47,False,0.99,0.25,Medium,13.0,1.45,Medium,Yes,4,Online Wallet,True,True,True,3.74,2,2,12,Gold,Social Media,3,-3,3187,False,Basic,267,20.2,17310.68,545826.051,6.5
CUST105146,40,Male,Karaganda,High,53.33,0,9705.33,336.87,32.0,Clothing,86,0.04,False,0.1,0.1,Low,9.0,2.35,Medium,No,5,Card,False,True,True,2.99,9,4,13,Gold,Email,4,4,1691,True,Premium,139,81.23,13649.54,517585.2489,0.2727272727272727
CUST105152,62,Male,Almaty,High,78.82,4,8228.72,478.58,35.0,Beauty,297,0.01,True,0.09,0.53,Medium,11.0,2.68,Low,No,9,Cash,True,True,False,8.2,10,39,28,Silver,Social Media,2,80,3457,True,Basic,286,90.55,12465.71,648587.7103999999,0.3055555555555556
CUST105166,38,Male,Karaganda,Low,59.81,1,9975.27,362.7,11.0,Electronics,341,0.53,False,0.27,0.6,Medium,2.0,3.89,Low,No,2,Card,False,False,True,7.11,12,34,7,Silver,Social Media,6,37,2391,True,Basic,292,66.28,1838.41,596620.8987,0.16666666666666666
CUST105170,62,Female,Astana,Medium,90.56,7,9834.46,358.18,31.0,Beauty,305,0.75,False,0.05,0.02,Medium,8.0,4.31,Medium,No,8,Online Wallet,True,True,False,6.81,13,41,7,Gold,SMS,7,45,3300,True,Basic,278,6.49,13701.04,890608.6976,0.25
CUST105174,58,Female,Astana,Medium,87.9,1,7855.69,427.9,14.0,Electronics,198,0.27,False,0.11,0.19,High,9.0,4.86,Medium,No,1,Cash,True,True,False,7.39,8,11,12,Gold,SMS,5,-61,3548,False,0,239,97.1,14984.15,690515.151,0.6
CUST105175,22,Female,Karaganda,Medium,69.14,4,7531.04,156.51,22.0,Beauty,97,0.59,False,0.54,0.57,High,13.0,2.51,High,No,5,Online Wallet,False,True,False,15.07,5,39,19,Platinum,Email,3,-5,2928,False,Premium,75,24.74,11875.0,520696.1056,0.5652173913043478
CUST105192,63,Male,Astana,Medium,90.41,1,8468.37,378.92,19.0,Electronics,151,0.43,False,0.64,0.72,Medium,2.0,4.59,High,No,0,Card,True,False,True,2.13,2,44,9,Platinum,Email,9,49,3045,True,0,361,97.98,5456.24,765625.3317000001,0.1
CUST105194,64,Male,Karaganda,Medium,68.87,3,9155.0,138.06,33.0,Beauty,153,0.43,False,0.31,0.27,Medium,1.0,3.83,High,No,5,Online Wallet,False,True,False,17.33,14,7,16,Platinum,App,8,-25,112,True,0,68,68.8,908.04,630504.8500000001,0.029411764705882353
CUST105203,23,Female,Almaty,Medium,62.09,4,9569.16,270.49,43.0,Clothing,95,0.38,True,0.28,0.42,High,0.0,1.4,High,No,0,Online Wallet,False,False,False,1.66,0,10,11,Platinum,SMS,0,81,1348,False,Premium,190,67.75,8039.93,594149.1444,0.0
CUST105208,50,Male,Astana,Medium,72.69,5,9119.04,197.86,36.0,Clothing,174,0.32,False,0.31,0.66,High,8.0,3.68,Low,Yes,6,Card,False,False,False,15.3,14,40,24,Silver,Social Media,2,-64,3573,False,0,279,44.96,625.91,662863.0176,0.21621621621621623
CUST105210,34,Male,Astana,Low,71.78,7,7400.75,231.18,42.0,Clothing,310,0.76,True,0.72,0.06,High,5.0,3.14,Medium,No,0,Cash,False,True,False,3.87,2,3,12,Bronze,App,3,-55,867,True,Basic,330,11.7,3843.78,531225.835,0.11627906976744186
CUST105213,59,Female,Almaty,High,87.95,8,9165.46,325.56,49.0,Clothing,125,0.96,True,0.51,0.6,Medium,1.0,4.98,Medium,No,8,Online Wallet,True,True,False,8.32,5,23,22,Gold,App,9,-3,2784,True,Premium,138,76.9,3390.64,806102.2069999999,0.02
CUST105218,68,Female,Shymkent,High,84.03,9,6377.29,445.48,45.0,Electronics,123,0.45,False,0.06,0.48,Low,12.0,3.12,Low,Yes,6,Card,False,False,True,14.25,1,9,14,Gold,Email,1,80,2536,True,Basic,292,13.36,2790.02,535883.6787,0.2608695652173913
CUST105226,56,Male,Almaty,Medium,68.22,9,7482.74,315.46,25.0,Electronics,232,0.76,True,0.63,0.35,Low,10.0,1.98,Low,No,8,Card,False,True,False,5.05,8,26,13,Bronze,App,1,35,902,True,0,325,28.23,6754.42,510472.5228,0.38461538461538464
CUST105245,46,Male,Karaganda,Medium,97.65,9,9532.67,58.51,6.0,Groceries,76,0.18,True,0.89,0.17,Low,19.0,2.19,High,Yes,2,Cash,True,False,False,7.47,2,38,8,Gold,App,9,-81,1992,False,Basic,212,13.75,5319.79,930865.2255000001,2.7142857142857144
CUST105246,67,Female,Astana,Low,99.54,2,7302.49,402.39,12.0,Groceries,217,0.99,False,0.59,0.82,Medium,15.0,4.92,Medium,No,5,Card,False,True,False,14.5,7,0,37,Platinum,Email,8,94,2135,False,Premium,331,33.45,10861.32,726889.8546000001,1.1538461538461537
CUST105255,30,Female,Karaganda,Medium,85.96,9,8147.16,101.0,7.0,Groceries,337,0.5,True,0.53,0.42,Low,16.0,1.9,Low,No,9,Cash,True,True,True,17.5,4,11,35,Gold,Social Media,0,21,3384,True,Basic,239,44.63,16695.44,700329.8735999999,2.0
CUST105256,65,Female,Almaty,High,73.43,6,8253.01,174.21,26.0,Groceries,16,0.49,True,0.67,0.36,High,0.0,3.42,Medium,Yes,9,Cash,False,False,False,3.34,2,25,22,Bronze,Email,0,-20,2746,True,0,157,85.66,10915.62,606018.5243,0.0
CUST105257,66,Female,Karaganda,High,92.35,0,9125.06,8.82,12.0,Groceries,6,0.9,False,0.05,0.96,Low,10.0,4.74,High,No,0,Online Wallet,True,True,False,18.08,8,5,28,Bronze,SMS,2,-62,918,True,0,300,56.03,15477.84,842699.2909999999,0.7692307692307693
CUST105258,46,Female,Karaganda,High,52.09,8,9693.46,214.5,45.0,Electronics,102,0.83,False,0.57,0.46,High,10.0,4.86,Medium,Yes,2,Card,False,False,True,5.56,12,30,11,Silver,SMS,3,-48,1319,True,0,307,64.12,16443.1,504932.33139999997,0.21739130434782608
CUST105262,34,Female,Karaganda,Medium,75.67,0,9346.59,17.86,39.0,Beauty,277,0.41,False,0.45,0.67,Medium,18.0,2.23,Medium,Yes,1,Online Wallet,True,True,True,4.36,11,37,10,Silver,Social Media,1,-68,1559,False,Basic,341,99.55,11077.65,707256.4653,0.45
CUST105267,66,Male,Shymkent,High,89.53,3,7496.59,484.3,44.0,Beauty,341,0.02,True,0.6,0.86,Low,0.0,2.4,Low,No,5,Online Wallet,True,True,False,6.83,7,29,21,Bronze,Email,6,-15,3287,True,Premium,103,40.21,8633.67,671169.7027,0.0
CUST105273,66,Male,Shymkent,Low,95.91,4,9832.51,214.34,28.0,Beauty,184,0.69,False,0.04,0.83,Medium,2.0,3.06,Medium,Yes,0,Card,False,True,False,5.0,2,6,27,Silver,Email,4,-52,850,True,0,347,82.18,13743.0,943036.0340999999,0.06896551724137931
CUST105276,42,Male,Karaganda,High,88.81,4,7920.24,429.45,38.0,Beauty,88,0.54,True,0.95,0.77,High,18.0,4.2,Low,Yes,3,Online Wallet,True,True,False,8.85,3,19,12,Gold,Email,1,7,1029,True,Premium,323,84.19,13075.28,703396.5144,0.46153846153846156
CUST105280,60,Male,Almaty,High,99.2,4,8512.61,485.57,39.0,Clothing,104,0.9,False,0.17,0.64,Medium,3.0,1.21,Medium,No,6,Cash,False,False,False,15.76,0,3,20,Platinum,Email,4,-48,38,True,Basic,356,61.22,16104.9,844450.9120000001,0.075
CUST105281,49,Male,Almaty,Medium,68.07,5,8169.44,147.82,42.0,Groceries,116,0.39,False,0.54,0.4,Medium,13.0,1.28,Low,No,3,Card,True,True,False,7.62,6,10,19,Silver,App,3,-57,1023,False,Basic,165,94.44,15238.89,556093.7808,0.3023255813953488
CUST105287,18,Female,Karaganda,High,99.31,1,9064.74,292.72,24.0,Beauty,141,0.43,True,0.06,0.21,Medium,17.0,2.36,High,Yes,7,Online Wallet,True,False,False,18.49,3,13,23,Silver,Email,7,45,344,False,Basic,336,54.48,19878.3,900219.3294,0.68
CUST105291,58,Male,Shymkent,Low,81.17,0,7412.65,333.71,32.0,Clothing,64,0.88,False,0.25,0.65,Medium,3.0,1.38,Medium,No,5,Online Wallet,True,False,True,2.59,10,3,9,Bronze,SMS,0,45,416,False,0,133,24.2,19719.89,601684.8005,0.09090909090909091
CUST105292,68,Female,Karaganda,Low,75.41,2,9186.82,333.75,31.0,Electronics,192,0.38,False,0.41,0.88,Medium,18.0,4.93,Low,No,4,Online Wallet,True,False,False,8.65,1,32,11,Bronze,SMS,0,50,3386,False,Premium,216,65.95,1457.61,692778.0961999999,0.5625
CUST105299,36,Female,Shymkent,Low,94.61,7,8984.73,95.5,7.0,Beauty,216,0.38,True,0.8,0.47,High,0.0,3.28,Medium,Yes,1,Online Wallet,True,True,True,4.87,6,14,10,Silver,App,8,25,161,False,Basic,206,43.09,9325.21,850045.3053,0.0
CUST105301,19,Female,Shymkent,Medium,55.64,2,9308.54,404.83,26.0,Electronics,103,0.68,True,0.28,0.1,Low,15.0,3.19,Medium,No,6,Online Wallet,True,True,True,9.0,13,36,22,Platinum,App,4,-73,3279,True,Premium,277,72.43,17010.64,517927.16560000007,0.5555555555555556
CUST105303,62,Male,Almaty,Low,88.51,9,8686.33,75.71,34.0,Beauty,154,0.43,True,0.09,0.85,High,15.0,1.42,Low,Yes,1,Card,False,False,False,19.41,9,31,4,Platinum,App,0,32,920,False,0,347,62.35,16543.76,768827.0683,0.42857142857142855
CUST105304,32,Male,Astana,Low,52.79,8,9495.06,299.5,33.0,Clothing,218,0.12,True,1.0,0.1,Medium,18.0,2.96,Low,No,3,Card,True,False,True,14.75,13,13,31,Silver,Social Media,9,68,220,True,Basic,150,63.86,16887.24,501244.21739999996,0.5294117647058824
CUST105309,57,Female,Shymkent,High,71.17,6,7423.32,49.92,6.0,Groceries,166,0.91,True,0.28,0.82,High,6.0,2.26,Medium,No,1,Online Wallet,True,False,False,1.96,2,39,33,Bronze,SMS,4,66,3226,False,Basic,1,54.33,3666.26,528317.6844,0.8571428571428571
CUST105310,35,Male,Almaty,High,64.27,7,8980.69,78.53,22.0,Groceries,348,0.26,True,0.3,0.75,High,12.0,3.94,High,No,7,Card,False,False,True,17.37,12,47,26,Platinum,Email,7,11,966,True,Basic,306,11.14,12729.51,577188.9463,0.5217391304347826
CUST105312,65,Male,Shymkent,High,80.26,2,9416.57,267.69,17.0,Groceries,260,0.54,True,0.03,0.08,Medium,4.0,1.32,High,Yes,0,Online Wallet,False,False,True,2.83,1,22,27,Gold,SMS,6,98,3060,False,Premium,125,17.61,6235.84,755773.9082000001,0.2222222222222222
CUST105313,19,Male,Almaty,Medium,98.21,5,6141.26,82.15,20.0,Groceries,337,1.0,False,0.65,0.13,Medium,1.0,1.24,High,Yes,9,Cash,False,True,True,15.79,13,40,23,Gold,Social Media,1,2,357,False,0,137,24.22,7071.0,603133.1446,0.047619047619047616
CUST105321,53,Female,Almaty,Medium,85.99,1,7238.7,61.82,43.0,Clothing,159,0.13,True,0.17,0.32,Medium,10.0,3.97,High,Yes,0,Online Wallet,False,False,False,9.66,14,7,19,Bronze,Social Media,7,10,2559,True,Premium,287,83.84,1474.13,622455.813,0.22727272727272727
CUST105323,45,Female,Karaganda,Low,91.91,4,5940.28,6.97,7.0,Electronics,179,0.66,False,0.42,0.36,High,12.0,1.04,Low,Yes,3,Card,False,True,True,14.39,2,16,7,Silver,Social Media,8,28,1248,False,Basic,67,50.21,16674.1,545971.1348,1.5
CUST105343,28,Male,Almaty,Medium,89.3,9,5883.27,421.73,7.0,Beauty,149,0.2,True,0.5,0.74,Medium,8.0,1.75,Low,No,5,Card,True,True,False,15.27,9,9,9,Bronze,Email,0,5,2440,False,0,209,17.68,17242.08,525376.011,1.0
CUST105345,60,Female,Astana,Low,92.68,9,8771.96,99.1,27.0,Clothing,287,0.05,True,0.49,0.94,Low,3.0,1.15,Low,No,6,Cash,True,True,False,9.13,7,11,27,Silver,Email,4,-22,142,True,Premium,111,3.14,8618.72,812985.2528,0.10714285714285714
CUST105348,47,Male,Karaganda,High,84.03,7,5950.61,168.41,36.0,Beauty,208,0.06,False,0.06,0.74,Medium,14.0,4.53,High,No,7,Card,True,True,True,17.96,12,8,5,Bronze,SMS,9,4,202,True,Basic,263,97.63,7596.15,500029.7583,0.3783783783783784
CUST105355,51,Female,Almaty,High,89.93,2,9011.74,460.77,15.0,Groceries,70,0.86,True,0.23,0.22,Low,0.0,1.38,Low,Yes,3,Card,False,False,False,16.54,6,29,14,Gold,Social Media,0,-46,1157,True,0,8,86.97,6825.32,810425.7782000001,0.0
CUST105357,65,Female,Astana,Low,57.7,4,9230.87,124.91,15.0,Clothing,218,0.32,True,0.91,0.47,Low,16.0,1.48,Medium,No,8,Online Wallet,False,True,True,4.24,1,29,31,Gold,App,6,-82,178,False,Basic,249,71.33,16044.9,532621.199,1.0
CUST105367,69,Male,Shymkent,Low,97.14,6,6170.45,332.75,43.0,Beauty,249,0.01,False,0.18,0.93,Medium,10.0,4.04,Low,No,2,Online Wallet,False,False,True,14.69,1,44,16,Platinum,Social Media,6,-26,2093,False,0,22,78.16,17643.23,599397.513,0.22727272727272727
CUST105383,48,Female,Karaganda,Medium,56.29,4,9823.12,493.33,31.0,Groceries,164,0.24,True,0.03,0.48,High,19.0,3.14,High,Yes,7,Online Wallet,False,False,True,10.97,12,38,5,Gold,Email,9,84,3424,False,Premium,245,99.7,14994.49,552943.4248,0.59375
CUST105388,59,Male,Astana,High,83.77,9,7219.12,410.74,30.0,Beauty,34,0.96,True,0.61,0.33,High,10.0,2.52,Low,Yes,2,Cash,True,True,True,10.73,2,28,16,Bronze,App,8,25,1961,True,Basic,105,49.22,16729.54,604745.6823999999,0.3225806451612903
CUST105393,59,Female,Almaty,Medium,94.81,1,5412.64,403.17,26.0,Beauty,89,0.34,False,0.1,0.02,Low,16.0,3.97,Low,No,5,Cash,False,False,True,14.83,4,45,13,Platinum,App,3,99,1546,True,Premium,341,24.28,13805.35,513172.39840000006,0.5925925925925926
CUST105405,27,Female,Shymkent,High,87.62,4,9617.91,443.12,8.0,Clothing,26,0.7,False,0.62,0.72,High,7.0,2.36,Low,Yes,7,Online Wallet,True,True,True,14.96,4,26,9,Platinum,SMS,9,49,1569,True,0,118,99.78,5428.72,842721.2742,0.7777777777777778
CUST105408,32,Male,Karaganda,Medium,80.36,3,6544.9,491.69,48.0,Electronics,322,0.11,True,0.06,0.1,Medium,14.0,1.6,High,No,7,Card,False,True,True,16.83,8,15,14,Gold,Email,1,-55,2025,False,0,45,51.05,14990.22,525948.164,0.2857142857142857
CUST105412,19,Male,Karaganda,Medium,95.77,3,7769.31,268.66,29.0,Electronics,314,0.51,True,0.05,0.94,Medium,15.0,2.89,Low,No,6,Cash,True,False,False,17.75,12,15,19,Gold,Social Media,6,-1,2013,False,0,221,67.53,12800.79,744066.8187000001,0.5
CUST105418,35,Female,Almaty,Low,73.16,3,8869.72,138.77,49.0,Clothing,334,0.44,False,0.41,0.88,Low,0.0,1.43,Low,Yes,7,Cash,False,True,False,2.24,14,31,2,Bronze,App,1,-56,1171,True,Premium,346,73.54,19549.43,648908.7152,0.0
CUST105420,66,Male,Karaganda,High,92.21,9,7423.95,28.49,46.0,Groceries,270,0.84,True,0.83,0.71,High,16.0,2.51,High,No,5,Card,True,False,True,2.03,4,16,27,Silver,SMS,3,73,1971,True,0,341,23.1,198.45,684562.4295,0.3404255319148936
CUST105424,55,Female,Astana,High,64.17,7,9618.46,59.31,32.0,Groceries,9,0.5,False,0.97,0.58,Medium,1.0,1.1,High,No,7,Cash,True,False,False,7.63,14,44,38,Gold,App,5,12,925,True,0,150,19.92,696.06,617216.5782,0.030303030303030304
CUST105428,47,Male,Karaganda,High,88.65,3,6618.61,274.91,5.0,Clothing,222,0.26,True,0.11,0.36,Low,19.0,4.75,High,Yes,0,Card,True,False,True,2.35,14,15,30,Gold,Social Media,8,55,3339,True,Premium,126,73.96,16202.09,586739.7765,3.1666666666666665
CUST105431,45,Female,Almaty,Low,61.59,1,9839.71,119.71,37.0,Groceries,2,0.11,False,0.04,0.33,Low,11.0,4.42,Medium,Yes,2,Card,True,True,False,11.77,6,20,1,Gold,Social Media,1,22,2553,False,Basic,244,1.59,4929.35,606027.7389,0.2894736842105263
CUST105433,63,Male,Shymkent,Low,56.53,9,9784.47,130.29,32.0,Clothing,68,0.71,True,0.08,0.93,Low,6.0,1.28,Medium,Yes,2,Online Wallet,False,True,False,4.65,10,39,12,Platinum,App,9,64,1422,False,Premium,2,86.87,4688.16,553116.0891,0.18181818181818182
CUST105444,49,Male,Karaganda,Low,73.95,5,7203.68,459.18,36.0,Beauty,184,0.58,False,0.11,0.02,Medium,15.0,3.03,Medium,No,7,Online Wallet,True,False,False,15.59,8,6,39,Silver,Social Media,6,32,3395,False,0,220,10.88,14148.95,532712.136,0.40540540540540543
CUST105449,54,Male,Almaty,High,60.95,4,8556.41,488.11,34.0,Electronics,157,0.9,True,0.35,0.1,Low,3.0,2.23,Low,No,8,Cash,False,True,False,5.96,6,44,22,Silver,App,6,-3,1951,True,0,187,46.88,18529.24,521513.18950000004,0.08571428571428572
CUST105456,54,Male,Almaty,Low,96.88,9,8109.41,212.66,17.0,Beauty,184,0.52,True,0.79,0.67,Low,17.0,3.18,High,No,9,Online Wallet,True,False,True,16.52,10,3,8,Bronze,Social Media,1,60,879,True,0,123,22.42,12985.85,785639.6407999999,0.9444444444444444
CUST105461,52,Male,Astana,Medium,69.24,8,7399.54,30.18,32.0,Electronics,358,0.95,False,0.4,0.49,High,1.0,1.03,High,No,9,Cash,False,True,False,13.99,6,17,20,Gold,SMS,7,92,3519,False,Basic,180,16.12,19963.24,512344.14959999995,0.030303030303030304
CUST105495,48,Male,Astana,High,95.51,5,5278.27,66.79,18.0,Electronics,111,0.58,False,0.53,0.95,High,18.0,1.24,Medium,Yes,7,Cash,False,True,True,12.52,12,5,34,Bronze,SMS,9,-100,3076,False,Premium,114,13.75,4510.13,504127.5677000001,0.9473684210526315
CUST105505,28,Male,Shymkent,Low,72.67,6,9646.66,366.03,28.0,Groceries,168,0.26,False,0.15,0.78,High,1.0,3.38,High,No,7,Card,False,True,False,17.51,4,19,39,Bronze,Email,8,86,114,False,Basic,59,47.15,4683.67,701022.7822,0.034482758620689655
CUST105512,31,Female,Shymkent,High,87.01,0,6436.29,222.18,17.0,Groceries,108,0.01,False,0.68,0.77,High,13.0,3.59,Medium,No,7,Cash,False,True,True,18.76,8,27,33,Platinum,App,4,-63,2500,True,Basic,261,61.87,11141.08,560021.5929,0.7222222222222222
CUST105520,60,Male,Almaty,Low,83.77,4,8111.38,26.21,2.0,Groceries,231,0.85,False,0.18,0.68,High,5.0,3.11,High,Yes,6,Online Wallet,False,True,True,14.67,0,47,30,Gold,App,9,5,3413,True,Premium,203,99.63,19489.62,679490.3025999999,1.6666666666666667
CUST105530,46,Male,Astana,High,69.04,3,8239.85,238.04,49.0,Beauty,262,0.34,False,0.86,0.22,Low,14.0,3.12,Medium,Yes,3,Cash,False,False,False,2.99,5,27,39,Silver,Email,7,-9,1954,True,0,61,26.09,8795.42,568879.2440000001,0.28
CUST105542,28,Male,Almaty,High,69.83,6,9220.75,398.65,43.0,Groceries,214,0.64,True,0.58,0.32,Medium,8.0,3.82,Low,Yes,5,Cash,True,False,False,13.46,12,39,25,Platinum,SMS,8,56,271,False,Premium,155,75.73,953.06,643884.9725,0.18181818181818182
CUST105579,21,Male,Shymkent,High,83.34,5,7765.07,14.58,42.0,Clothing,255,0.92,True,0.57,0.76,Low,15.0,1.2,High,Yes,7,Card,True,False,True,14.33,9,18,15,Silver,App,1,4,2798,True,Premium,128,68.42,18174.27,647140.9338,0.3488372093023256
CUST105587,64,Female,Karaganda,Medium,80.16,2,6539.22,424.82,7.0,Beauty,62,0.7,False,0.2,0.57,Medium,17.0,3.24,Low,Yes,7,Online Wallet,False,True,False,2.13,6,35,39,Platinum,App,9,-35,2723,False,0,329,87.45,19570.32,524183.8752,2.125
CUST105589,46,Male,Almaty,Medium,61.16,5,9509.55,406.91,39.0,Electronics,344,0.68,False,0.27,1.0,Low,2.0,1.12,Low,Yes,9,Card,False,False,False,16.14,7,11,11,Platinum,SMS,0,19,2446,True,0,240,62.14,1871.55,581604.078,0.05
CUST105594,67,Male,Karaganda,Low,85.51,0,6893.93,49.97,9.0,Groceries,174,0.85,False,0.16,0.84,Low,14.0,2.45,Low,No,1,Cash,True,True,False,11.51,1,29,25,Silver,Social Media,3,-31,173,True,0,220,72.55,13905.76,589499.9543000001,1.4
CUST105595,65,Female,Astana,High,69.11,8,8505.12,386.35,6.0,Beauty,18,0.79,True,0.64,0.29,Low,16.0,3.8,High,Yes,0,Cash,True,True,False,3.81,5,43,14,Platinum,Social Media,0,54,3464,False,0,120,8.23,6729.02,587788.8432,2.2857142857142856
CUST105596,50,Male,Shymkent,Low,98.18,2,7330.24,316.77,22.0,Beauty,278,0.95,True,0.44,0.01,Low,15.0,1.33,Low,Yes,2,Card,False,False,False,13.25,8,14,21,Bronze,SMS,2,-17,2863,True,Premium,290,57.35,256.99,719682.9632,0.6521739130434783
CUST105597,60,Female,Shymkent,Medium,78.79,5,9578.98,377.36,9.0,Beauty,109,0.51,False,0.06,0.06,Medium,11.0,2.45,Medium,Yes,7,Card,False,False,True,4.72,0,45,4,Platinum,Social Media,3,12,1073,True,Premium,183,71.12,6018.71,754727.8342,1.1
CUST105600,57,Female,Shymkent,High,77.59,9,6837.15,216.29,15.0,Electronics,96,0.64,True,0.51,0.97,Medium,19.0,3.56,Low,No,9,Online Wallet,False,False,True,12.72,0,20,10,Gold,Social Media,3,15,309,False,Basic,185,89.13,6089.18,530494.4685,1.1875
CUST105620,57,Female,Astana,Medium,86.17,3,6416.43,187.61,12.0,Beauty,115,0.32,False,0.46,0.42,Medium,8.0,2.9,High,Yes,4,Cash,False,False,True,4.57,6,22,15,Silver,App,3,-50,764,False,Premium,325,53.19,17398.44,552903.7731,0.6153846153846154
CUST105621,60,Female,Almaty,Low,99.56,2,7839.38,174.31,49.0,Electronics,255,0.14,False,0.95,0.3,Medium,19.0,4.12,Low,No,8,Online Wallet,False,False,False,3.03,0,21,25,Platinum,Email,4,-92,634,True,Premium,60,68.56,7614.18,780488.6728000001,0.38
CUST105625,46,Male,Shymkent,Medium,90.78,9,8970.61,336.29,8.0,Beauty,181,1.0,True,0.98,0.95,High,9.0,1.16,Low,Yes,9,Cash,False,True,False,11.21,13,9,37,Silver,Social Media,3,-12,3107,False,0,79,98.64,5374.81,814351.9758,1.0
CUST105626,57,Female,Shymkent,High,68.84,4,7399.66,404.89,31.0,Clothing,185,0.15,True,0.41,0.15,Low,6.0,1.51,Low,Yes,1,Cash,False,True,False,19.48,0,0,22,Silver,SMS,8,38,1698,True,Premium,241,13.13,6799.64,509392.5944,0.1875
CUST105631,69,Male,Astana,Medium,80.88,1,6377.42,204.36,15.0,Groceries,353,0.83,False,0.02,0.79,Medium,5.0,4.04,Medium,Yes,3,Online Wallet,False,True,True,18.62,4,31,13,Platinum,Social Media,8,26,2453,False,0,281,13.18,12034.33,515805.72959999996,0.3125
CUST105651,48,Female,Astana,Medium,85.91,6,9204.78,14.81,44.0,Clothing,155,0.23,True,0.81,0.51,High,16.0,2.34,Low,No,1,Cash,False,False,False,2.22,8,42,17,Bronze,App,0,66,3094,False,0,21,33.68,17493.22,790782.6498,0.35555555555555557
CUST105654,48,Male,Almaty,Low,81.01,3,8132.41,441.42,11.0,Electronics,216,0.4,False,0.96,0.65,Low,18.0,1.28,High,No,6,Online Wallet,True,False,False,12.04,11,48,23,Bronze,Social Media,8,-67,2554,True,Premium,253,96.91,7939.64,658806.5341,1.5
CUST105663,47,Female,Astana,Low,80.05,7,8715.64,454.31,48.0,Groceries,193,0.3,False,0.98,1.0,High,4.0,2.57,Medium,Yes,4,Cash,True,False,True,19.83,7,11,5,Bronze,Social Media,9,-88,39,False,Basic,99,75.33,18215.15,697686.982,0.08163265306122448
CUST105664,46,Female,Shymkent,Medium,92.6,7,9376.85,17.53,6.0,Groceries,334,0.91,False,0.49,0.62,High,1.0,2.29,High,No,8,Card,False,True,True,15.01,11,20,7,Bronze,App,0,-39,1877,False,Basic,306,38.02,8340.76,868296.3099999999,0.14285714285714285
CUST105670,24,Male,Almaty,High,81.73,5,6882.58,159.07,12.0,Electronics,208,0.07,False,0.91,0.72,Low,19.0,3.9,High,Yes,5,Online Wallet,True,True,True,17.26,3,40,28,Gold,App,1,83,357,True,0,24,73.91,19417.77,562513.2634,1.4615384615384615
CUST105678,49,Male,Astana,Medium,83.26,3,8918.72,436.32,21.0,Electronics,229,0.98,False,0.29,0.19,Low,4.0,4.25,Low,No,2,Online Wallet,False,False,False,12.81,6,27,5,Gold,Email,6,-89,2368,False,Premium,56,8.85,12082.8,742572.6272,0.18181818181818182
CUST105684,54,Female,Karaganda,High,59.53,7,9253.93,265.74,35.0,Electronics,23,0.42,False,0.84,0.77,Medium,13.0,4.42,High,Yes,7,Cash,True,True,True,16.71,1,19,0,Gold,Social Media,0,37,2715,True,0,194,84.13,14220.08,550886.4529,0.3611111111111111
CUST105689,40,Female,Astana,Medium,83.43,4,9132.79,407.37,6.0,Beauty,146,0.99,True,0.39,0.06,Medium,15.0,3.04,Low,Yes,9,Card,False,False,True,8.45,14,39,16,Platinum,Social Media,7,24,3285,True,Basic,340,43.98,1958.72,761948.6697000001,2.142857142857143
CUST105691,28,Male,Almaty,Medium,90.35,7,8897.99,105.2,37.0,Groceries,281,0.84,True,0.53,0.11,Medium,14.0,3.84,High,Yes,3,Card,True,True,False,18.25,6,40,25,Silver,Social Media,2,-61,889,False,0,345,41.94,1503.11,803933.3964999999,0.3684210526315789
CUST105697,56,Female,Astana,High,94.36,7,5586.57,368.68,16.0,Electronics,235,0.17,False,0.79,0.28,Medium,12.0,1.89,Medium,Yes,9,Card,True,False,True,5.73,2,9,3,Platinum,SMS,8,-78,482,True,Basic,208,51.46,18021.75,527148.7452,0.7058823529411765
CUST105711,41,Female,Shymkent,High,79.26,6,7170.31,251.01,23.0,Beauty,132,0.96,True,0.27,0.93,Low,11.0,3.45,High,Yes,9,Online Wallet,False,True,True,19.0,5,17,15,Platinum,Social Media,8,-23,909,False,Premium,25,47.07,19463.0,568318.7706,0.4583333333333333
CUST105716,28,Female,Almaty,Medium,73.09,1,9209.54,417.37,5.0,Beauty,48,0.79,True,0.13,0.59,Low,16.0,4.16,Medium,No,5,Cash,False,True,False,15.28,8,2,8,Silver,SMS,1,-22,548,True,0,78,96.78,6548.87,673125.2786000001,2.6666666666666665
CUST105719,49,Female,Shymkent,High,88.9,7,9948.64,141.38,45.0,Clothing,97,0.58,True,0.21,0.2,Low,14.0,1.46,High,No,6,Online Wallet,True,True,False,4.84,6,13,24,Gold,Social Media,0,97,321,True,Premium,109,86.76,6009.36,884434.096,0.30434782608695654
CUST105721,55,Male,Astana,Medium,89.96,6,7628.18,121.72,11.0,Clothing,204,0.18,True,0.54,0.16,Low,2.0,4.47,Low,Yes,5,Cash,False,False,True,10.92,9,42,28,Platinum,Social Media,9,-34,1202,True,Premium,279,70.93,6404.98,686231.0728,0.16666666666666666
CUST105722,27,Male,Almaty,Medium,88.66,4,9537.54,490.26,48.0,Groceries,228,0.83,True,0.82,0.7,Medium,16.0,4.61,High,Yes,8,Cash,False,True,False,7.2,10,25,37,Bronze,Email,3,4,849,True,0,189,70.63,17898.71,845598.2964,0.32653061224489793
CUST105733,48,Male,Astana,Medium,92.74,7,6082.65,222.83,40.0,Electronics,245,0.69,False,0.77,0.17,High,4.0,2.06,High,Yes,8,Online Wallet,True,False,False,2.08,7,46,0,Silver,Email,3,-70,1203,True,Premium,1,31.21,6032.18,564104.9609999999,0.0975609756097561
CUST105734,59,Male,Astana,Medium,65.43,9,9324.88,460.98,4.0,Electronics,268,0.78,True,0.22,0.74,High,6.0,1.42,Low,Yes,1,Card,False,False,False,6.32,8,47,27,Platinum,App,7,47,980,False,Basic,184,42.48,2975.01,610126.8984000001,1.2
CUST105738,39,Female,Karaganda,Medium,63.26,0,9838.18,426.7,44.0,Groceries,228,0.63,True,0.06,0.94,Medium,4.0,4.75,High,Yes,9,Card,False,False,False,17.24,1,4,3,Silver,App,9,12,1395,True,Premium,196,27.11,15445.91,622363.2668,0.08888888888888889
CUST105755,26,Male,Shymkent,High,94.63,6,6599.56,96.61,48.0,Groceries,152,0.61,True,0.21,0.29,Medium,10.0,3.06,Medium,Yes,0,Online Wallet,False,True,True,12.68,5,10,15,Platinum,App,6,96,1977,False,Basic,65,36.26,14792.28,624516.3628,0.20408163265306123
CUST105758,43,Female,Almaty,Low,96.45,7,8922.1,203.7,23.0,Beauty,191,0.75,True,0.97,0.8,Low,9.0,4.97,High,Yes,4,Card,True,False,True,4.23,4,36,1,Gold,SMS,2,-90,1813,True,Premium,245,20.24,3599.45,860536.545,0.375
CUST105784,23,Male,Almaty,Medium,97.39,8,5495.14,464.66,15.0,Clothing,138,0.55,False,0.55,0.77,Low,0.0,1.32,Medium,No,2,Card,True,False,False,2.55,3,33,7,Silver,App,6,-1,1620,True,0,249,58.49,11611.65,535171.6846,0.0
CUST105798,45,Female,Karaganda,Medium,88.39,7,8513.89,213.09,7.0,Beauty,269,0.19,True,0.93,0.43,Low,11.0,1.52,Medium,No,1,Online Wallet,True,True,True,17.78,6,44,31,Gold,SMS,2,16,2820,False,Premium,149,34.29,2336.09,752542.7370999999,1.375
CUST105799,47,Female,Karaganda,High,87.18,3,8808.93,171.26,34.0,Electronics,209,0.65,True,0.77,0.65,Medium,16.0,3.32,Low,Yes,6,Online Wallet,True,True,True,9.32,6,45,9,Silver,SMS,5,-12,1802,True,Premium,345,36.77,10370.39,767962.5174000001,0.45714285714285713
CUST105803,62,Female,Shymkent,Low,93.98,4,7329.05,149.62,32.0,Groceries,39,0.06,False,0.86,0.43,Low,10.0,2.45,High,Yes,0,Card,True,False,False,6.16,11,29,25,Silver,Email,2,-28,1403,False,0,98,88.12,10345.41,688784.1190000001,0.30303030303030304
CUST105804,51,Female,Karaganda,Low,90.8,6,6487.88,447.38,21.0,Groceries,245,0.91,True,0.15,0.99,High,1.0,4.33,Medium,No,4,Cash,True,False,False,9.64,3,24,3,Silver,Email,4,45,2508,True,Basic,30,35.32,17128.32,589099.504,0.045454545454545456
CUST105808,55,Male,Almaty,High,72.52,6,9572.91,192.56,4.0,Groceries,15,0.48,True,0.73,0.79,Low,16.0,2.52,High,No,7,Card,False,True,True,13.45,1,39,17,Platinum,App,7,-54,2109,True,Premium,266,23.83,6892.71,694227.4332,3.2
CUST105809,25,Female,Almaty,Medium,95.17,3,8566.9,97.22,34.0,Beauty,356,0.22,False,0.06,0.75,High,15.0,1.63,High,No,4,Online Wallet,False,True,True,17.0,2,21,6,Platinum,Email,0,83,1924,True,Basic,141,60.79,13621.61,815311.873,0.42857142857142855
CUST105816,20,Male,Karaganda,Medium,68.35,1,7945.08,98.09,35.0,Groceries,17,0.09,False,0.2,0.48,High,13.0,2.25,Medium,No,6,Cash,True,False,True,16.04,13,1,25,Silver,App,6,-26,2981,True,Premium,247,14.03,13580.63,543046.218,0.3611111111111111
CUST105818,66,Female,Karaganda,High,97.3,5,8319.35,445.17,37.0,Groceries,24,0.33,True,0.62,0.14,Medium,15.0,3.49,Medium,No,8,Card,True,False,True,7.69,4,2,38,Silver,App,7,52,371,True,0,327,64.45,4545.06,809472.755,0.39473684210526316
CUST105822,69,Female,Astana,Medium,76.91,5,8501.61,486.18,16.0,Beauty,329,0.97,True,0.23,0.79,High,18.0,2.98,Low,No,7,Online Wallet,False,True,False,12.55,7,42,35,Platinum,SMS,1,13,899,True,Basic,107,23.81,14434.82,653858.8251,1.0588235294117647
CUST105824,58,Male,Almaty,High,80.09,4,7660.79,384.13,44.0,Groceries,259,0.47,True,0.81,0.34,Medium,7.0,2.47,High,Yes,0,Online Wallet,True,False,False,17.21,4,12,18,Platinum,SMS,4,-60,413,True,Basic,41,10.51,6984.51,613552.6711,0.15555555555555556
CUST105832,62,Male,Karaganda,Medium,97.54,9,6866.19,358.7,12.0,Clothing,224,0.22,True,0.94,0.26,Low,6.0,1.53,High,No,6,Cash,False,True,True,4.75,13,36,31,Bronze,Social Media,5,-53,891,False,Basic,286,54.31,15984.05,669728.1726,0.46153846153846156
CUST105833,59,Female,Shymkent,Low,71.47,4,7910.56,229.55,1.0,Beauty,4,0.85,False,0.44,1.0,Medium,17.0,1.17,Low,No,9,Cash,True,True,False,11.29,3,18,10,Gold,Social Media,8,-82,1658,False,0,15,84.34,10218.05,565367.7232,8.5
CUST105839,34,Female,Astana,High,64.33,0,9189.35,486.49,33.0,Clothing,349,0.88,True,0.65,0.07,Medium,18.0,2.52,High,No,2,Cash,False,False,False,1.71,7,39,30,Silver,SMS,8,-13,1705,True,Basic,51,21.2,4036.27,591150.8855,0.5294117647058824
CUST105844,30,Female,Astana,Medium,98.68,2,7655.76,152.22,2.0,Groceries,61,0.02,False,0.52,0.42,Low,1.0,3.5,High,Yes,7,Online Wallet,True,False,True,10.06,0,1,23,Bronze,App,8,46,1137,True,Premium,118,79.47,17784.87,755470.3968000001,0.3333333333333333
CUST105850,62,Female,Astana,High,75.12,3,6796.04,260.04,21.0,Beauty,245,0.53,False,0.9,0.54,Medium,7.0,3.77,High,No,7,Card,False,False,True,10.47,3,41,34,Bronze,Email,7,-42,1484,True,Basic,310,29.66,16450.6,510518.5248,0.3181818181818182
CUST105853,25,Male,Shymkent,High,76.39,0,7058.36,235.65,35.0,Clothing,110,0.28,True,0.06,0.5,Low,1.0,1.44,Medium,Yes,8,Cash,False,False,True,1.3,9,31,24,Gold,App,9,-96,1659,False,0,336,37.05,8083.83,539188.1204,0.027777777777777776
CUST105866,34,Male,Almaty,Low,88.57,5,6520.67,48.84,12.0,Beauty,95,0.5,True,0.36,0.73,High,4.0,2.48,High,Yes,1,Card,False,False,True,5.34,11,29,39,Silver,Social Media,8,-39,2978,False,Basic,149,67.32,14843.25,577535.7418999999,0.3076923076923077
CUST105870,49,Female,Karaganda,Medium,98.48,5,5291.05,105.33,3.0,Electronics,277,0.08,True,0.1,0.96,Medium,7.0,1.54,Low,Yes,8,Cash,True,True,False,2.94,9,17,9,Gold,Email,2,37,3281,True,Premium,253,28.62,13456.38,521062.60400000005,1.75
CUST105875,35,Female,Astana,Low,73.88,4,9043.83,375.92,1.0,Clothing,53,0.17,True,0.72,0.65,High,11.0,4.71,Medium,No,3,Online Wallet,False,False,False,6.58,1,3,4,Gold,Social Media,3,-50,1763,False,Premium,179,41.43,13643.69,668158.1603999999,5.5
CUST105887,26,Female,Astana,Medium,71.51,4,8111.14,282.45,12.0,Clothing,323,0.99,True,0.09,0.32,High,14.0,1.99,High,No,6,Cash,True,False,True,6.02,14,23,7,Silver,SMS,9,55,2491,True,0,202,14.16,9818.88,580027.6214000001,1.0769230769230769
CUST105889,27,Male,Karaganda,Medium,63.34,5,8585.89,420.89,36.0,Beauty,119,0.72,False,0.85,0.93,High,8.0,4.29,High,No,5,Card,False,True,True,10.5,5,37,1,Silver,SMS,7,-77,2527,True,Basic,145,90.16,16483.24,543830.2726,0.21621621621621623
CUST105895,50,Female,Astana,Low,87.06,3,9312.02,346.91,27.0,Groceries,81,0.84,False,0.93,0.51,Low,9.0,3.68,Medium,No,2,Card,False,True,False,19.88,10,19,22,Platinum,App,6,-56,3189,False,Premium,37,47.85,4352.34,810704.4612,0.32142857142857145
CUST105931,57,Female,Almaty,Medium,76.7,8,9075.88,36.47,49.0,Electronics,50,0.39,False,0.56,0.12,High,10.0,1.58,Low,No,6,Card,False,False,False,9.55,14,36,37,Platinum,Email,6,58,1621,True,0,194,38.54,3866.06,696119.9959999999,0.2
CUST105933,23,Female,Karaganda,Medium,87.0,6,9255.22,457.64,46.0,Electronics,93,0.77,False,0.0,0.04,Low,0.0,4.13,Medium,Yes,4,Cash,False,False,False,4.57,8,39,36,Gold,Email,5,-23,197,True,Premium,266,71.97,13664.82,805204.1399999999,0.0
CUST105938,62,Female,Almaty,Medium,73.48,6,8787.72,472.24,4.0,Beauty,53,0.51,True,0.11,0.71,Medium,19.0,3.12,High,No,1,Card,True,False,False,10.5,7,0,32,Gold,App,0,57,2934,True,Basic,272,67.09,3832.55,645721.6656,3.8
CUST105952,36,Male,Shymkent,High,61.5,5,9165.09,54.63,15.0,Groceries,345,0.45,False,0.77,0.84,Low,9.0,4.29,High,No,3,Online Wallet,False,False,True,2.68,10,4,27,Gold,App,8,8,241,False,Basic,77,46.16,2989.73,563653.035,0.5625
CUST105953,56,Female,Karaganda,Low,89.1,3,7949.81,424.71,25.0,Electronics,48,0.02,True,0.13,0.35,Medium,11.0,2.33,Low,No,6,Cash,True,True,False,18.43,11,12,27,Silver,Email,3,-56,2681,True,Premium,32,38.75,385.84,708328.071,0.4230769230769231
CUST105959,45,Male,Almaty,Low,97.7,3,9119.53,75.57,9.0,Clothing,218,0.13,False,0.74,0.8,Low,0.0,1.55,High,Yes,9,Cash,True,True,True,13.61,9,38,30,Silver,SMS,0,-90,1397,False,Premium,191,32.31,9464.11,890978.0810000001,0.0
CUST105964,69,Female,Almaty,High,98.29,2,6006.41,221.96,22.0,Groceries,113,1.0,False,0.36,0.52,High,14.0,3.97,Low,No,6,Online Wallet,True,True,True,3.58,11,13,24,Bronze,Email,4,-6,1415,False,0,102,44.3,2555.98,590370.0389,0.6086956521739131
CUST105965,21,Male,Almaty,High,64.1,7,8250.2,241.38,30.0,Beauty,55,0.99,True,0.44,0.59,Medium,15.0,3.43,Medium,Yes,6,Card,True,False,False,6.67,8,12,36,Gold,SMS,8,62,3345,True,Premium,338,70.6,763.71,528837.82,0.4838709677419355
CUST105999,64,Male,Astana,High,77.19,0,9106.36,8.27,30.0,Beauty,100,0.02,False,0.68,0.95,Low,0.0,2.4,Medium,No,3,Online Wallet,True,False,True,6.35,12,12,4,Bronze,SMS,7,-74,1161,False,Premium,29,27.28,16309.65,702919.9284,0.0
CUST106000,33,Female,Shymkent,Medium,92.67,6,6799.78,280.26,41.0,Electronics,94,0.74,False,0.4,0.89,High,5.0,1.32,High,Yes,3,Card,True,False,True,11.36,2,26,13,Gold,App,2,-55,177,True,Premium,183,8.77,10742.09,630135.6126,0.11904761904761904
CUST106009,41,Female,Almaty,Low,67.28,4,8116.85,84.43,14.0,Clothing,216,0.94,True,0.94,0.26,Low,11.0,4.9,Low,Yes,2,Card,True,False,True,11.08,6,15,17,Silver,App,2,-28,3648,False,Basic,7,36.79,6279.73,546101.6680000001,0.7333333333333333
CUST106014,57,Male,Almaty,High,88.9,5,7652.09,486.3,43.0,Groceries,76,0.43,True,0.55,0.31,Low,16.0,2.26,Medium,Yes,0,Online Wallet,False,True,False,17.09,5,13,6,Bronze,Email,9,6,1414,True,Premium,343,13.37,12038.83,680270.8010000001,0.36363636363636365
CUST106015,27,Female,Karaganda,Low,85.3,3,9974.66,279.72,9.0,Groceries,10,0.42,True,0.94,0.84,Low,3.0,3.95,Low,No,3,Online Wallet,False,False,False,16.27,13,12,28,Silver,App,8,72,452,True,Premium,308,83.79,2316.32,850838.4979999999,0.3
CUST106037,40,Female,Almaty,Medium,93.07,3,9665.22,484.78,49.0,Clothing,205,0.1,True,0.51,0.6,Low,3.0,1.3,High,Yes,1,Online Wallet,False,False,False,14.07,8,45,31,Platinum,SMS,0,25,2208,False,0,337,97.59,4536.76,899542.0253999999,0.06
CUST106046,20,Male,Shymkent,Medium,87.59,2,7242.48,216.71,21.0,Clothing,114,0.54,True,0.7,0.73,Medium,4.0,2.61,High,No,3,Cash,True,True,False,13.13,7,3,38,Bronze,SMS,8,-99,1872,True,Basic,261,99.97,14816.1,634368.8232,0.18181818181818182
CUST106054,50,Male,Karaganda,Low,79.34,6,8055.8,13.73,49.0,Clothing,103,0.66,True,0.7,0.42,Medium,4.0,2.42,Low,Yes,2,Online Wallet,False,True,False,16.9,12,5,21,Platinum,Social Media,4,-53,397,False,Premium,173,7.69,10472.57,639147.172,0.08
CUST106061,63,Male,Shymkent,Medium,77.64,5,7801.66,88.54,43.0,Groceries,209,0.48,True,0.87,0.22,Medium,0.0,3.71,High,No,1,Card,False,False,False,17.63,5,44,26,Silver,App,4,74,2329,False,0,155,61.4,4776.18,605720.8824,0.0
CUST106066,23,Female,Astana,High,65.55,5,9950.38,185.1,45.0,Beauty,219,0.45,True,0.87,0.94,High,10.0,1.83,Low,No,7,Cash,True,False,True,6.5,1,2,9,Bronze,Social Media,8,38,570,True,Premium,124,18.0,9707.47,652247.4089999999,0.21739130434782608
CUST106067,66,Female,Almaty,High,64.75,7,8249.04,470.48,6.0,Beauty,189,0.34,True,0.23,0.02,Medium,4.0,3.56,High,Yes,4,Cash,False,True,False,3.27,9,46,38,Gold,App,0,24,55,True,Premium,358,17.87,19494.59,534125.3400000001,0.5714285714285714
CUST106069,65,Male,Astana,Medium,86.66,2,6880.57,330.79,29.0,Beauty,233,0.22,False,0.17,0.66,Medium,11.0,4.5,Medium,No,0,Card,True,True,False,6.4,7,36,2,Silver,Social Media,9,0,418,False,Basic,351,93.51,18870.48,596270.1962,0.36666666666666664
CUST106079,39,Male,Astana,High,57.89,5,8999.4,16.88,29.0,Electronics,43,0.53,True,0.34,0.01,High,8.0,2.42,High,Yes,9,Cash,True,False,True,1.41,9,0,29,Gold,Social Media,0,-57,199,False,0,8,51.09,17783.94,520975.266,0.26666666666666666
CUST106092,62,Female,Shymkent,High,84.79,2,7860.75,179.95,46.0,Beauty,340,0.05,True,0.72,0.67,Medium,11.0,3.73,Medium,Yes,3,Card,False,True,True,16.62,7,24,18,Gold,App,0,-99,2431,False,0,114,33.94,4967.15,666512.9925,0.23404255319148937
CUST106094,62,Male,Shymkent,Low,60.77,0,8731.45,99.31,3.0,Beauty,142,0.25,True,0.33,0.85,Low,7.0,2.67,High,Yes,9,Card,False,True,False,10.48,3,25,20,Bronze,App,1,59,3649,True,Basic,281,40.92,11494.31,530610.2165000001,1.75
CUST106096,46,Male,Karaganda,Medium,85.95,8,7622.88,495.03,11.0,Groceries,264,0.76,True,0.92,0.91,Low,7.0,2.53,High,Yes,2,Online Wallet,True,True,False,3.23,13,17,15,Gold,Social Media,8,4,1635,False,Premium,235,21.28,2997.77,655186.5360000001,0.5833333333333334
CUST106105,28,Male,Almaty,Low,73.07,1,9955.05,35.59,21.0,Electronics,245,0.12,False,0.93,0.8,Medium,12.0,3.45,Medium,No,9,Cash,True,True,True,3.82,12,39,15,Platinum,Email,9,7,3468,True,0,279,8.93,11873.08,727415.5034999999,0.5454545454545454
CUST106106,45,Female,Shymkent,Low,88.95,1,7623.55,85.64,26.0,Electronics,62,0.61,True,0.3,0.88,Low,14.0,2.5,Medium,No,3,Online Wallet,False,True,False,4.69,8,22,4,Silver,App,6,-75,2989,True,0,105,4.17,2704.06,678114.7725000001,0.5185185185185185
CUST106112,25,Female,Astana,Medium,76.11,2,9726.54,51.88,23.0,Groceries,50,0.91,False,0.66,0.63,Low,2.0,2.58,High,Yes,5,Cash,True,True,True,17.23,4,3,17,Bronze,Email,6,50,2703,True,Basic,125,11.99,6289.11,740286.9594,0.08333333333333333
CUST106114,47,Female,Shymkent,Low,82.17,1,7089.01,352.02,26.0,Clothing,223,0.71,False,0.25,0.86,Low,13.0,4.0,Medium,No,4,Card,False,True,False,1.24,6,49,34,Platinum,SMS,8,38,1924,True,Premium,321,58.25,9723.46,582503.9517,0.48148148148148145
CUST106115,26,Male,Astana,Low,96.61,0,5370.81,137.76,26.0,Groceries,97,0.34,False,0.81,0.16,Low,7.0,4.45,Medium,Yes,1,Online Wallet,False,False,False,12.88,10,28,25,Gold,Email,6,50,382,True,Premium,73,34.35,17907.22,518873.95410000003,0.25925925925925924
CUST106128,54,Male,Astana,High,73.97,8,9002.35,404.03,15.0,Groceries,315,0.16,False,0.36,0.22,High,16.0,3.09,High,Yes,9,Card,False,True,False,4.43,11,8,26,Bronze,Social Media,2,78,2824,False,Basic,333,59.51,13021.19,665903.8295,1.0
CUST106132,59,Male,Shymkent,Medium,54.15,2,9892.13,83.28,17.0,Beauty,358,0.33,True,0.25,0.15,Medium,13.0,2.22,High,Yes,6,Online Wallet,True,False,False,12.15,10,26,9,Bronze,SMS,6,-71,3114,True,Premium,237,76.83,6011.55,535658.8394999999,0.7222222222222222
CUST106133,59,Male,Karaganda,High,81.33,7,6556.03,40.97,19.0,Groceries,37,0.25,False,0.66,0.98,Medium,5.0,4.01,Low,Yes,5,Card,True,False,True,4.9,0,24,24,Platinum,Social Media,2,15,327,True,Premium,182,35.55,552.2,533201.9199,0.25
CUST106136,34,Male,Shymkent,Medium,68.5,1,9810.26,235.93,40.0,Electronics,130,0.97,False,0.61,0.98,High,10.0,1.41,Medium,No,2,Card,True,False,False,4.45,0,21,30,Gold,App,7,12,2157,True,0,40,4.11,13339.19,672002.81,0.24390243902439024
CUST106137,39,Female,Astana,Low,86.07,0,9929.1,484.79,5.0,Electronics,221,0.73,False,0.07,0.22,Medium,16.0,2.85,High,Yes,4,Cash,True,True,True,3.57,7,32,37,Gold,Email,7,-14,2347,False,Basic,339,11.42,10415.45,854597.637,2.6666666666666665
CUST106140,62,Female,Karaganda,High,97.51,8,5960.72,325.02,2.0,Groceries,30,0.75,False,0.71,0.22,Low,18.0,3.63,Low,Yes,0,Cash,False,False,True,2.74,0,12,4,Gold,Social Media,7,-83,2548,False,Premium,133,5.96,11290.12,581229.8072,6.0
CUST106143,64,Male,Shymkent,Medium,63.6,0,8932.09,168.51,10.0,Clothing,359,0.96,True,0.53,0.82,Medium,9.0,1.49,High,No,6,Card,True,False,True,12.23,4,29,36,Platinum,App,5,-93,2569,False,0,276,80.25,18692.43,568080.924,0.8181818181818182
CUST106159,25,Female,Almaty,Low,74.67,0,9485.92,129.79,11.0,Clothing,199,0.2,True,0.55,0.82,Low,19.0,2.2,Medium,No,0,Card,True,False,False,3.23,2,12,0,Silver,Social Media,0,53,2369,False,Premium,235,99.44,13265.77,708313.6464,1.5833333333333333
CUST106185,31,Female,Shymkent,Medium,95.25,4,5833.19,199.23,11.0,Electronics,301,0.66,True,0.36,0.27,High,10.0,1.8,Medium,Yes,5,Cash,True,True,True,19.88,12,20,31,Silver,SMS,6,-14,2623,True,Basic,241,86.83,17839.51,555611.3474999999,0.8333333333333334
CUST106193,61,Male,Shymkent,Medium,97.04,0,9418.38,379.92,41.0,Electronics,259,0.43,False,0.36,0.4,Medium,3.0,1.52,Medium,Yes,5,Card,True,False,False,13.78,1,17,38,Platinum,App,6,-62,783,True,Premium,29,97.87,17389.7,913959.5952,0.07142857142857142
CUST106194,52,Female,Astana,Low,87.67,1,9603.61,282.79,31.0,Clothing,4,0.54,False,0.33,0.55,High,17.0,2.12,Low,Yes,2,Card,True,True,False,4.78,14,13,13,Platinum,Social Media,8,-91,3601,False,Basic,293,35.17,2501.38,841948.4887000001,0.53125
CUST106201,49,Female,Karaganda,Medium,72.43,0,9260.99,28.02,24.0,Clothing,233,0.86,False,0.09,0.28,High,14.0,1.58,Medium,No,8,Online Wallet,True,True,False,11.09,10,10,33,Gold,Social Media,2,-49,1905,True,Basic,328,1.09,19631.88,670773.5057000001,0.56
CUST106205,41,Female,Almaty,Low,83.69,5,8203.93,382.29,24.0,Groceries,94,0.34,False,0.85,0.79,Low,7.0,1.83,High,Yes,7,Cash,True,True,False,12.46,1,24,34,Silver,App,1,7,2416,True,Premium,105,30.35,884.52,686586.9017,0.28
CUST106212,49,Female,Shymkent,High,67.39,9,8876.6,92.96,35.0,Groceries,280,0.04,False,0.8,0.19,High,18.0,3.58,Medium,No,8,Online Wallet,True,False,False,2.47,7,39,24,Gold,App,4,4,3075,False,Premium,328,8.31,19293.18,598194.074,0.5
CUST106214,30,Male,Astana,Medium,81.61,4,7842.82,217.45,34.0,Groceries,323,0.85,False,0.51,0.47,Low,4.0,2.87,High,No,5,Online Wallet,True,False,True,7.27,11,37,12,Gold,App,0,69,479,True,Premium,256,11.02,12646.31,640052.5401999999,0.11428571428571428
CUST106215,23,Male,Almaty,Medium,50.97,0,9903.74,352.63,28.0,Electronics,124,0.4,True,0.34,0.59,Medium,16.0,2.08,High,Yes,3,Online Wallet,True,True,False,4.89,7,40,22,Platinum,Email,5,-98,3304,False,Premium,229,60.14,16267.71,504793.62779999996,0.5517241379310345
CUST106219,32,Female,Astana,Low,78.86,0,6821.48,297.84,30.0,Electronics,93,0.11,False,0.61,0.06,High,4.0,3.5,Medium,Yes,1,Card,True,False,False,13.38,11,40,26,Gold,App,7,28,915,True,0,236,50.85,4029.09,537941.9127999999,0.12903225806451613
CUST106220,64,Male,Shymkent,Medium,71.11,7,8516.52,447.07,25.0,Clothing,360,0.09,True,0.71,0.36,Low,13.0,1.65,High,Yes,2,Cash,True,True,False,9.58,4,47,19,Silver,SMS,0,-28,925,False,Premium,336,70.02,16431.67,605609.7372,0.5
CUST106224,45,Female,Karaganda,High,82.75,4,7450.5,37.22,28.0,Clothing,60,0.11,False,0.69,0.45,Medium,13.0,1.23,Medium,Yes,5,Cash,False,True,True,12.17,7,44,33,Bronze,Email,3,-31,933,True,Premium,187,22.91,12706.61,616528.875,0.4482758620689655
CUST106226,21,Female,Karaganda,Medium,88.92,9,9622.41,312.75,38.0,Beauty,146,0.92,False,0.11,0.05,High,8.0,1.13,Low,No,0,Online Wallet,False,True,True,5.92,14,33,24,Gold,Social Media,3,78,405,True,0,268,56.9,810.86,855624.6972,0.20512820512820512
CUST106231,62,Female,Shymkent,High,55.26,1,9782.94,85.8,18.0,Beauty,262,0.55,False,0.03,0.39,High,2.0,1.25,High,Yes,9,Online Wallet,True,False,True,4.66,6,3,17,Bronze,Social Media,1,-73,1354,False,Premium,23,47.88,183.39,540605.2644,0.10526315789473684
CUST106242,62,Male,Shymkent,High,98.97,3,5722.33,95.41,19.0,Groceries,90,0.72,True,0.13,0.96,Medium,0.0,2.14,Low,Yes,1,Online Wallet,False,True,False,14.45,2,49,11,Bronze,Email,5,-55,1935,True,Premium,330,11.59,11555.13,566339.0001,0.0
CUST106244,25,Female,Karaganda,Low,96.07,2,9920.78,26.75,33.0,Beauty,338,0.13,False,0.6,0.24,Low,10.0,2.2,High,No,9,Cash,True,False,True,4.67,1,2,19,Gold,Email,9,52,3213,False,Basic,360,38.36,5270.17,953089.3346,0.29411764705882354
CUST106265,47,Male,Almaty,Medium,94.71,1,9519.16,118.71,17.0,Electronics,170,0.86,False,0.14,0.15,Low,11.0,4.29,Medium,Yes,0,Cash,True,True,False,8.9,12,49,37,Platinum,Social Media,5,92,2757,True,0,298,26.99,17158.57,901559.6436,0.6111111111111112
CUST106266,23,Male,Karaganda,High,76.09,7,8333.19,454.36,24.0,Clothing,196,0.12,False,0.18,0.93,High,19.0,2.66,Low,Yes,9,Online Wallet,True,False,False,9.59,11,47,30,Bronze,App,4,-11,751,True,Basic,175,93.09,4530.04,634072.4271000001,0.76
CUST106272,23,Male,Shymkent,Medium,87.67,6,7405.07,75.88,28.0,Electronics,354,0.34,False,0.19,0.9,Low,10.0,3.18,High,Yes,6,Card,False,True,True,4.02,8,16,10,Gold,App,4,-64,2950,False,Premium,256,18.25,2195.39,649202.4869,0.3448275862068966
CUST106288,60,Female,Astana,High,67.63,8,8438.52,331.61,45.0,Electronics,42,0.9,True,0.41,0.7,Medium,2.0,4.93,Low,No,0,Online Wallet,True,True,True,4.98,11,16,15,Gold,Social Media,2,-75,2869,False,0,291,99.04,5114.64,570697.1076,0.043478260869565216
CUST106290,49,Female,Astana,Medium,82.88,7,7166.25,89.89,34.0,Electronics,202,0.7,True,0.21,0.8,Low,0.0,4.99,Medium,Yes,1,Card,True,False,False,18.47,3,9,17,Silver,Social Media,4,-26,515,False,0,260,76.07,9056.81,593938.7999999999,0.0
CUST106320,27,Female,Karaganda,Low,99.57,2,6980.71,304.82,8.0,Clothing,171,0.49,True,0.94,0.29,Low,2.0,2.12,High,Yes,9,Card,True,True,True,1.55,14,35,16,Platinum,App,4,5,1301,False,Basic,347,0.05,2742.38,695069.2947,0.2222222222222222
CUST106322,64,Female,Almaty,High,69.25,2,9411.36,391.13,4.0,Groceries,139,0.2,True,0.81,0.3,Medium,13.0,4.28,High,Yes,6,Online Wallet,False,True,True,5.03,10,34,18,Silver,App,3,66,359,True,Basic,291,79.38,8125.95,651736.68,2.6
CUST106325,69,Male,Astana,High,79.1,6,9262.98,132.81,5.0,Beauty,161,0.0,False,0.41,0.81,High,14.0,4.14,Medium,Yes,6,Online Wallet,False,True,False,2.43,1,14,22,Silver,App,7,30,2750,False,Basic,31,92.05,178.4,732701.7179999999,2.3333333333333335
CUST106331,62,Female,Shymkent,Medium,62.55,1,8633.32,127.34,3.0,Beauty,188,0.62,True,0.88,0.94,Medium,10.0,2.87,High,No,7,Card,True,False,True,5.74,11,3,15,Gold,App,7,-46,2831,True,Premium,151,37.33,16926.13,540014.166,2.5
CUST106333,64,Male,Almaty,High,60.78,6,8322.42,391.21,27.0,Electronics,139,0.2,True,0.33,0.72,Low,15.0,4.52,High,Yes,7,Online Wallet,True,True,False,6.03,0,12,25,Silver,Email,4,82,3409,False,Premium,4,70.11,671.25,505836.6876,0.5357142857142857
CUST106342,31,Male,Almaty,Low,82.44,5,9752.97,256.85,14.0,Beauty,13,0.05,False,0.04,0.91,Medium,11.0,4.2,Low,Yes,4,Cash,False,True,True,6.24,0,45,15,Platinum,App,3,-64,3024,False,Premium,149,6.57,1476.85,804034.8467999999,0.7333333333333333
CUST106351,38,Female,Karaganda,Low,92.85,0,8230.88,360.98,17.0,Clothing,314,0.11,False,0.72,0.47,Medium,7.0,1.54,Low,No,6,Card,False,False,False,15.37,9,11,3,Silver,Email,7,59,2103,True,Premium,94,99.38,3678.45,764237.2079999999,0.3888888888888889
CUST106355,24,Female,Shymkent,Low,79.55,2,9762.0,320.41,7.0,Electronics,65,0.82,False,0.25,0.62,High,18.0,1.44,Medium,Yes,5,Card,False,False,True,17.54,8,12,20,Silver,App,2,-26,1350,False,Premium,201,57.3,746.04,776567.1,2.25
CUST106356,34,Male,Karaganda,Low,64.71,9,8643.93,325.44,12.0,Beauty,267,0.36,False,0.07,0.02,Low,15.0,1.1,Low,No,0,Cash,True,True,True,18.23,12,30,21,Bronze,Email,7,-5,816,False,Premium,259,73.43,17607.06,559348.7102999999,1.1538461538461537
CUST106368,33,Female,Karaganda,Low,84.3,6,8083.54,466.16,20.0,Clothing,114,0.55,False,0.84,0.65,Low,15.0,3.68,Low,Yes,6,Online Wallet,True,False,True,5.87,7,14,28,Gold,App,4,-65,852,False,0,131,81.45,19550.79,681442.422,0.7142857142857143
CUST106370,61,Female,Almaty,Medium,89.65,3,6653.3,41.23,2.0,Clothing,193,0.04,False,0.8,0.86,Medium,1.0,4.79,Low,No,1,Cash,True,True,False,5.91,8,22,4,Silver,App,4,12,3155,False,Basic,307,20.89,9394.91,596468.3450000001,0.3333333333333333
CUST106380,19,Female,Karaganda,Low,93.67,7,8037.66,172.48,36.0,Groceries,283,0.93,True,0.54,0.15,Medium,13.0,3.26,High,Yes,6,Card,False,True,True,1.78,8,11,24,Platinum,Email,4,5,2729,True,0,326,29.31,18389.2,752887.6122,0.35135135135135137
CUST106386,24,Male,Almaty,Low,93.69,8,6812.8,58.33,49.0,Clothing,196,0.19,True,0.31,0.97,Low,10.0,1.22,Medium,No,9,Card,True,False,True,6.71,3,25,19,Silver,App,1,30,101,False,Premium,193,11.71,12392.87,638291.232,0.2
CUST106389,57,Female,Shymkent,High,78.2,3,7418.25,370.72,12.0,Electronics,315,0.15,False,0.11,0.74,High,11.0,1.23,High,No,3,Online Wallet,True,True,False,10.3,13,12,12,Platinum,App,6,-29,181,True,0,11,60.73,13742.41,580107.15,0.8461538461538461
CUST106391,30,Male,Karaganda,Medium,81.56,0,8757.09,27.41,48.0,Beauty,76,0.66,True,0.28,0.78,Medium,4.0,1.44,Low,Yes,9,Card,True,False,True,6.47,10,40,37,Silver,Social Media,1,-39,2137,False,Basic,298,73.6,6308.34,714228.2604,0.08163265306122448
CUST106399,43,Female,Karaganda,Low,85.73,2,6904.44,74.15,11.0,Clothing,138,0.2,False,0.65,0.65,High,11.0,3.01,High,Yes,1,Online Wallet,True,False,False,13.83,8,24,7,Bronze,Email,2,45,3462,False,0,51,78.55,3369.09,591917.6412,0.9166666666666666
CUST106405,29,Female,Karaganda,High,86.37,2,7007.5,438.56,44.0,Groceries,141,0.22,True,0.79,0.39,Medium,5.0,3.63,High,No,4,Online Wallet,False,False,True,17.07,11,26,18,Gold,Email,4,90,395,True,0,191,48.27,15748.02,605237.775,0.1111111111111111
CUST106407,47,Female,Karaganda,Medium,88.23,1,6941.67,486.1,47.0,Beauty,17,0.02,True,0.85,0.6,Low,17.0,1.75,Medium,No,2,Card,True,False,False,16.55,1,49,17,Platinum,App,8,-53,954,True,Basic,167,33.06,676.98,612463.5441,0.3541666666666667
CUST106409,33,Male,Shymkent,High,95.66,2,6040.82,110.8,31.0,Beauty,108,0.98,False,0.4,0.52,High,11.0,3.08,Low,No,0,Cash,False,True,True,8.82,1,40,26,Gold,Email,5,-32,3242,False,0,132,5.35,4859.89,577864.8411999999,0.34375
CUST106413,62,Male,Almaty,Low,91.24,7,6975.74,16.48,37.0,Clothing,94,0.01,True,0.82,0.43,Low,10.0,1.8,Medium,Yes,9,Card,False,True,True,6.83,13,23,38,Silver,App,3,5,756,False,Basic,335,65.15,5648.31,636466.5175999999,0.2631578947368421
CUST106414,69,Male,Almaty,Medium,73.08,4,7291.8,373.28,41.0,Electronics,186,0.59,True,0.01,0.98,Medium,6.0,4.78,High,Yes,7,Card,False,True,True,14.01,13,46,11,Silver,Email,6,-98,619,True,Basic,149,26.6,2681.95,532884.744,0.14285714285714285
CUST106425,59,Male,Karaganda,Low,66.81,8,9766.28,328.81,19.0,Beauty,295,0.62,False,0.71,0.93,Medium,16.0,4.3,Low,No,9,Online Wallet,True,False,True,1.75,7,34,3,Gold,SMS,0,-13,1415,False,Premium,79,61.83,9466.11,652485.1668000001,0.8
CUST106426,38,Male,Almaty,High,98.62,1,8705.7,41.81,22.0,Beauty,333,0.24,False,0.07,0.65,Low,10.0,1.72,Medium,Yes,6,Cash,False,False,True,1.05,8,44,5,Platinum,SMS,5,53,2765,True,Basic,313,59.17,3803.95,858556.1340000001,0.43478260869565216
CUST106450,53,Male,Astana,Low,82.2,7,8268.45,49.8,27.0,Electronics,342,0.35,True,0.71,0.32,Medium,3.0,2.83,High,Yes,0,Online Wallet,True,False,True,11.16,4,14,29,Gold,Email,6,69,1606,True,Premium,162,27.72,3059.72,679666.5900000001,0.10714285714285714
CUST106457,56,Female,Astana,Low,83.32,1,9790.01,168.67,26.0,Electronics,109,0.16,True,0.82,0.42,High,9.0,1.06,Low,No,4,Online Wallet,False,True,True,13.77,10,34,30,Gold,Email,1,-41,560,False,0,102,74.06,18611.15,815703.6331999999,0.3333333333333333
CUST106465,37,Male,Almaty,Medium,84.21,7,9445.2,220.08,25.0,Beauty,21,0.95,False,0.48,0.1,High,11.0,4.64,High,No,4,Cash,True,False,False,15.72,1,49,15,Silver,App,2,-12,635,False,Premium,119,78.83,18182.71,795380.292,0.4230769230769231
CUST106471,22,Male,Karaganda,High,87.92,2,8464.27,468.48,17.0,Electronics,311,0.59,False,0.48,0.64,Low,11.0,3.8,Low,Yes,7,Card,False,False,False,5.04,13,31,8,Silver,App,1,65,3403,True,Premium,206,80.39,11161.51,744178.6184,0.6111111111111112
CUST106477,21,Male,Shymkent,Medium,96.62,3,7671.92,387.49,46.0,Electronics,331,0.55,False,0.38,0.21,Low,14.0,3.97,High,No,2,Cash,True,False,False,9.25,13,11,39,Platinum,Social Media,4,42,1700,False,Premium,143,98.35,14458.41,741260.9104,0.2978723404255319
CUST106479,61,Female,Astana,Medium,90.26,4,7504.31,375.88,9.0,Electronics,252,0.48,True,0.94,0.34,High,17.0,2.2,Medium,Yes,1,Cash,False,True,True,14.4,13,33,26,Platinum,Email,3,-25,2460,False,0,148,18.86,13307.92,677339.0206,1.7
CUST106481,30,Female,Almaty,Low,89.32,8,9804.49,81.11,3.0,Electronics,65,0.71,False,0.03,0.79,Low,10.0,2.55,Medium,Yes,8,Cash,False,True,True,2.41,8,22,20,Bronze,SMS,0,-98,1249,False,0,5,61.01,1642.74,875737.0467999999,2.5
CUST106483,26,Female,Shymkent,High,74.19,6,7800.76,244.03,13.0,Electronics,207,0.85,True,0.97,0.2,High,3.0,4.34,High,Yes,6,Online Wallet,False,True,True,12.6,4,4,17,Bronze,App,6,29,725,False,Basic,63,51.15,8080.59,578738.3844,0.21428571428571427
CUST106488,36,Female,Astana,High,99.98,3,6331.93,16.38,26.0,Clothing,302,0.04,True,0.04,0.02,Medium,12.0,4.55,Medium,Yes,7,Card,True,False,False,10.62,8,45,26,Platinum,App,6,85,1352,True,Premium,191,61.62,14612.52,633066.3614,0.4444444444444444
CUST106490,47,Female,Almaty,High,67.81,6,7639.25,159.75,20.0,Beauty,239,0.79,True,0.14,0.45,Low,4.0,1.43,Medium,No,8,Online Wallet,True,False,True,10.71,11,33,5,Bronze,App,9,-8,2139,False,Premium,205,75.39,6175.5,518017.54250000004,0.19047619047619047
CUST106497,49,Female,Karaganda,Low,75.92,4,7809.61,424.85,38.0,Groceries,262,0.18,False,0.31,0.15,Low,1.0,2.71,Low,Yes,3,Online Wallet,False,True,False,6.2,10,39,21,Gold,App,2,88,2627,True,0,352,74.75,4001.95,592905.5912,0.02564102564102564
CUST106505,49,Female,Astana,Medium,99.37,6,5354.81,482.54,22.0,Clothing,19,0.18,True,0.22,0.94,Low,1.0,3.21,Low,No,9,Card,True,True,False,7.21,5,6,36,Platinum,SMS,1,-19,913,True,0,300,55.27,8494.97,532107.4697,0.043478260869565216
CUST106512,41,Female,Karaganda,Medium,83.54,8,7776.24,456.52,41.0,Clothing,136,0.71,True,0.59,0.92,Low,1.0,3.45,Medium,Yes,5,Online Wallet,True,True,False,1.56,8,9,35,Platinum,SMS,9,30,1857,True,Basic,107,88.46,11503.37,649627.0896000001,0.023809523809523808
CUST106525,28,Male,Almaty,High,68.89,6,7812.6,124.19,45.0,Electronics,266,0.95,False,0.62,0.94,Medium,16.0,3.37,Low,No,0,Card,True,True,False,17.28,13,12,4,Platinum,App,1,17,1460,False,Premium,342,30.4,6962.95,538210.0140000001,0.34782608695652173
CUST106530,45,Male,Almaty,Low,78.24,7,7566.9,472.1,35.0,Electronics,240,0.35,False,0.11,0.91,High,3.0,3.77,Low,Yes,7,Cash,True,True,True,2.67,4,31,5,Bronze,Email,2,-33,184,True,Premium,232,84.99,5365.96,592034.2559999999,0.08333333333333333
CUST106536,21,Male,Shymkent,High,62.38,8,9088.11,295.36,45.0,Clothing,237,0.46,False,0.61,0.21,High,15.0,3.69,Low,No,2,Online Wallet,False,False,True,4.26,9,43,24,Silver,Social Media,4,48,2153,True,Premium,216,0.27,13571.97,566916.3018,0.32608695652173914
CUST106552,19,Female,Almaty,Low,80.34,5,9174.3,180.93,1.0,Beauty,258,0.52,True,0.29,0.37,Medium,11.0,4.37,Low,No,7,Card,True,False,False,2.74,8,46,38,Silver,SMS,0,51,1146,True,0,278,6.63,16461.08,737063.262,5.5
CUST106564,57,Female,Astana,Medium,72.36,9,9808.21,294.65,7.0,Beauty,348,0.04,False,0.4,0.42,Medium,0.0,3.06,Medium,Yes,7,Cash,False,True,False,3.03,13,13,2,Platinum,Social Media,8,43,2782,True,Premium,0,83.17,2946.87,709722.0756,0.0
CUST106572,62,Male,Karaganda,Medium,64.86,2,8341.83,131.64,11.0,Groceries,138,0.17,True,0.31,0.14,Medium,0.0,4.12,Low,Yes,4,Online Wallet,False,True,False,4.16,9,30,38,Bronze,App,6,-77,3020,True,0,302,70.68,14388.35,541051.0938,0.0
CUST106575,67,Female,Karaganda,Low,59.06,0,9749.25,141.02,25.0,Clothing,169,0.15,False,0.19,0.2,High,17.0,3.99,High,No,6,Card,True,False,True,7.17,6,43,12,Bronze,SMS,1,-28,413,False,Basic,337,24.19,16778.84,575790.7050000001,0.6538461538461539
CUST106577,44,Male,Shymkent,Low,65.63,1,8378.85,367.19,15.0,Clothing,124,0.42,True,0.02,0.17,Low,14.0,4.26,Low,Yes,6,Cash,True,True,False,9.39,9,18,24,Bronze,SMS,6,-1,2199,False,Premium,341,1.4,18542.81,549903.9255,0.875
CUST106636,50,Male,Almaty,Low,82.34,5,8433.12,406.6,15.0,Beauty,72,0.93,True,0.94,0.62,Low,19.0,2.26,High,No,1,Card,True,False,False,10.17,3,38,26,Gold,Email,0,32,2256,False,Premium,300,39.15,8902.2,694383.1008000001,1.1875
CUST106641,55,Male,Karaganda,Low,82.08,0,6667.08,426.62,3.0,Clothing,288,0.89,False,0.33,0.17,Low,8.0,1.09,Medium,Yes,0,Cash,True,True,False,18.19,3,48,3,Gold,SMS,5,-34,1385,False,0,333,69.41,18272.06,547233.9264,2.0
CUST106643,40,Female,Karaganda,Medium,81.25,7,7521.38,355.46,18.0,Beauty,75,0.81,False,0.46,0.95,High,16.0,3.73,High,No,6,Card,True,True,False,4.14,3,37,12,Bronze,App,8,84,1366,True,Basic,255,16.48,19348.86,611112.125,0.8421052631578947
CUST106646,33,Female,Shymkent,High,89.48,3,9106.72,430.0,44.0,Groceries,230,0.74,True,0.05,0.77,Medium,7.0,3.2,Low,No,9,Card,False,False,True,5.69,2,24,7,Platinum,SMS,6,-87,1490,False,0,180,36.92,14107.23,814869.3056,0.15555555555555556
CUST106649,38,Female,Karaganda,Low,78.33,6,9320.02,89.87,11.0,Electronics,235,0.82,True,0.66,0.93,High,19.0,4.68,Medium,No,5,Card,False,True,True,11.35,2,7,33,Gold,Social Media,2,62,2258,True,Basic,192,24.0,10370.61,730037.1666,1.5833333333333333
CUST106676,69,Male,Karaganda,High,94.13,2,8054.0,394.37,20.0,Clothing,130,0.78,True,0.15,0.19,High,19.0,1.45,High,No,5,Card,True,True,True,17.08,8,6,6,Bronze,App,4,80,2061,False,Basic,174,15.25,3922.81,758123.02,0.9047619047619048
CUST106681,60,Male,Shymkent,High,97.92,3,7172.59,352.29,24.0,Electronics,266,0.44,True,0.98,0.73,Medium,13.0,3.04,High,No,9,Online Wallet,True,False,True,3.8,0,35,25,Bronze,Email,3,-62,3283,True,Premium,245,90.6,7535.9,702340.0128,0.52
CUST106687,36,Male,Karaganda,Medium,92.44,0,8141.66,478.67,26.0,Clothing,123,0.58,True,0.11,0.21,High,5.0,3.36,High,Yes,5,Cash,True,False,True,1.8,14,28,21,Silver,SMS,8,-83,2723,False,0,218,16.1,10534.65,752615.0504,0.18518518518518517
CUST106689,40,Female,Astana,Medium,63.77,3,9710.89,280.32,26.0,Clothing,149,0.65,False,0.62,0.1,Low,16.0,4.99,Medium,Yes,6,Online Wallet,True,False,True,7.49,1,39,11,Gold,Social Media,3,-62,3450,False,0,97,24.28,6839.15,619263.4553,0.5925925925925926
CUST106707,25,Female,Shymkent,Medium,85.14,6,9245.16,330.34,35.0,Beauty,180,0.72,True,0.95,0.74,High,1.0,4.28,Medium,Yes,9,Card,True,True,False,17.68,11,8,21,Bronze,Email,9,12,931,True,Premium,136,67.66,3689.16,787132.9224,0.027777777777777776
CUST106723,63,Male,Karaganda,Medium,81.12,7,7529.06,89.7,25.0,Electronics,364,0.72,False,0.07,0.12,Low,8.0,2.71,Low,No,3,Online Wallet,False,False,False,19.96,10,38,14,Gold,Email,4,88,1201,True,0,66,51.96,18908.07,610757.3472000001,0.3076923076923077
CUST106726,64,Female,Karaganda,Medium,90.88,5,7554.82,354.04,20.0,Clothing,62,0.02,True,0.51,0.49,Medium,14.0,1.24,Low,Yes,0,Card,True,False,False,3.69,7,15,29,Platinum,SMS,7,33,891,True,0,233,44.35,10060.6,686582.0416,0.6666666666666666
CUST106737,50,Female,Astana,Medium,82.75,7,7743.81,405.99,26.0,Groceries,166,0.86,True,0.15,0.58,High,9.0,4.91,Medium,No,5,Online Wallet,False,False,True,12.19,6,43,8,Silver,SMS,2,-90,1709,False,0,105,65.74,19209.73,640800.2775000001,0.3333333333333333
CUST106744,37,Male,Karaganda,Medium,74.12,4,9703.26,248.24,38.0,Groceries,103,0.03,False,0.09,0.17,Medium,4.0,4.32,Medium,Yes,2,Cash,False,True,False,16.79,11,4,34,Gold,App,2,-42,868,True,Premium,227,72.35,5110.98,719205.6312000001,0.10256410256410256
CUST106746,37,Female,Shymkent,Medium,81.29,9,8088.29,449.14,44.0,Groceries,227,0.62,False,0.91,0.72,Low,0.0,3.74,Low,Yes,0,Online Wallet,True,False,False,11.02,1,44,37,Gold,Email,5,-10,1257,False,Basic,232,27.51,1609.99,657497.0941000001,0.0
CUST106750,68,Male,Astana,High,56.82,2,9492.51,340.58,24.0,Clothing,189,0.76,True,0.2,0.95,High,13.0,4.57,Medium,Yes,6,Card,False,False,False,12.26,14,24,31,Bronze,App,0,-1,2104,True,Basic,83,88.53,17816.91,539364.4182000001,0.52
CUST106753,44,Male,Karaganda,Medium,89.9,7,9672.41,427.66,31.0,Groceries,101,0.37,False,0.05,0.56,High,4.0,2.95,Medium,No,9,Online Wallet,False,False,True,15.27,4,24,27,Gold,SMS,3,87,3274,False,0,244,6.67,7280.34,869549.659,0.125
CUST106759,45,Female,Shymkent,High,79.94,2,7644.16,450.51,48.0,Beauty,136,0.66,False,0.32,0.68,Low,7.0,4.03,Medium,Yes,3,Cash,False,False,True,10.04,13,40,23,Gold,App,9,-27,949,True,Premium,328,47.12,7591.14,611074.1503999999,0.14285714285714285
CUST106762,62,Female,Astana,Medium,68.68,1,8865.56,418.24,48.0,Beauty,4,0.01,True,0.15,0.85,Medium,15.0,1.89,Low,Yes,1,Card,True,False,True,8.83,6,41,31,Bronze,Social Media,3,38,3362,True,Basic,125,72.22,5765.69,608886.6608000001,0.30612244897959184
CUST106768,25,Female,Almaty,High,62.61,4,8179.86,367.61,29.0,Electronics,346,0.51,False,0.63,0.04,High,3.0,2.46,Low,No,1,Online Wallet,True,False,False,14.19,6,13,30,Silver,Social Media,4,5,1859,False,Basic,50,50.71,11685.44,512141.03459999996,0.1
CUST106775,60,Male,Astana,Medium,99.96,0,6094.69,362.83,13.0,Beauty,152,0.85,False,0.5,0.72,Low,14.0,3.42,Medium,No,9,Card,True,True,False,10.17,0,24,38,Silver,Social Media,1,-60,1151,False,Basic,188,94.3,14161.7,609225.2124,1.0
CUST106777,45,Male,Shymkent,High,54.62,8,9276.59,376.94,11.0,Electronics,66,0.24,True,0.32,0.11,Medium,9.0,3.62,Medium,Yes,1,Cash,False,False,False,2.09,14,17,29,Platinum,App,0,62,731,False,0,83,45.86,1177.56,506687.3458,0.75
CUST106799,69,Female,Shymkent,Medium,78.98,5,6734.21,145.85,15.0,Beauty,172,0.26,False,0.52,0.8,High,17.0,3.72,Low,No,9,Cash,True,True,True,16.74,13,30,33,Platinum,App,8,-45,1854,True,Premium,57,90.37,12432.39,531867.9058000001,1.0625
CUST106804,18,Female,Astana,Low,98.89,4,8427.4,426.72,45.0,Clothing,2,0.69,True,0.44,0.12,Low,4.0,4.47,Low,No,3,Online Wallet,True,False,True,10.18,12,41,21,Platinum,Email,3,-48,2575,True,0,290,1.11,8068.03,833385.586,0.08695652173913043
CUST106811,28,Female,Karaganda,Low,91.32,8,7924.27,98.18,28.0,Groceries,178,0.96,False,0.15,0.08,Low,10.0,3.1,Medium,Yes,5,Card,False,True,True,11.45,2,1,8,Gold,Social Media,0,96,3181,True,Basic,307,88.17,10828.26,723644.3364,0.3448275862068966
CUST106815,29,Female,Almaty,Low,65.96,4,9566.68,365.24,36.0,Groceries,242,0.59,True,0.35,0.69,Medium,7.0,3.36,Medium,No,4,Online Wallet,True,True,True,2.11,14,26,7,Bronze,Social Media,3,14,2433,False,Premium,345,17.4,496.0,631018.2128,0.1891891891891892
CUST106821,68,Male,Shymkent,Low,71.45,6,7597.8,213.89,45.0,Groceries,311,0.52,True,0.86,0.44,Medium,1.0,4.44,Medium,Yes,7,Online Wallet,True,True,False,17.5,12,18,31,Platinum,App,2,-14,1206,True,Basic,57,78.4,13761.72,542862.81,0.021739130434782608
CUST106827,42,Female,Astana,Medium,73.03,9,7281.49,298.01,2.0,Beauty,193,0.6,False,0.48,0.32,Medium,4.0,1.18,High,No,3,Online Wallet,False,True,False,6.3,4,7,23,Bronze,Email,4,47,3470,True,Basic,52,35.75,992.26,531767.2147,1.3333333333333333
CUST106838,40,Male,Karaganda,Medium,66.79,7,9027.7,409.33,13.0,Electronics,85,0.05,True,0.45,0.99,High,7.0,3.41,Low,No,4,Cash,True,True,False,3.97,7,22,20,Bronze,Email,8,16,143,False,Premium,150,70.12,2204.98,602960.0830000001,0.5
CUST106843,60,Male,Shymkent,Low,92.16,4,9073.48,489.95,29.0,Beauty,261,0.99,False,0.36,0.66,Low,4.0,1.3,Medium,No,5,Online Wallet,False,True,False,11.21,2,19,15,Silver,SMS,0,54,892,True,0,110,83.47,1403.37,836211.9167999999,0.13333333333333333
CUST106844,64,Female,Shymkent,High,93.0,5,5669.24,78.76,18.0,Groceries,185,0.77,False,0.03,0.12,Low,12.0,4.01,Medium,No,7,Card,True,True,False,8.37,2,8,39,Gold,Social Media,7,-55,1311,False,0,307,48.4,13453.27,527239.32,0.631578947368421
CUST106870,64,Male,Almaty,Medium,80.79,6,6524.3,409.42,48.0,Groceries,313,0.81,False,0.74,0.45,Low,0.0,4.67,Low,Yes,7,Online Wallet,True,False,False,2.8,14,33,33,Bronze,SMS,1,-51,2779,False,Premium,140,34.5,9453.53,527098.197,0.0
CUST106871,69,Female,Almaty,Low,65.56,9,7769.87,195.96,25.0,Electronics,137,0.95,True,0.58,0.66,High,0.0,2.99,Low,Yes,1,Card,False,True,False,12.11,1,21,23,Silver,App,8,44,3603,True,0,317,24.06,1596.54,509392.67720000003,0.0
CUST106880,66,Male,Astana,High,72.37,0,7048.62,201.23,1.0,Clothing,128,0.05,False,0.6,0.43,High,15.0,2.4,High,Yes,0,Cash,True,False,True,9.68,9,24,8,Platinum,Email,5,33,494,False,Premium,80,89.35,2451.41,510108.62940000003,7.5
CUST106893,51,Female,Almaty,Low,95.05,9,9881.74,392.11,40.0,Clothing,360,0.45,True,0.61,0.5,Medium,6.0,4.14,Medium,No,4,Cash,True,False,True,2.78,9,37,10,Gold,Social Media,8,76,1880,True,0,2,7.53,9627.53,939259.387,0.14634146341463414
CUST106898,43,Female,Karaganda,High,96.09,6,8537.89,60.32,35.0,Electronics,122,0.12,True,0.94,0.01,Medium,12.0,4.59,Low,Yes,5,Cash,False,True,True,3.11,6,21,12,Bronze,SMS,1,23,2552,False,Premium,170,0.14,19192.27,820405.8500999999,0.3333333333333333
CUST106900,18,Female,Astana,Low,92.1,9,6037.01,288.43,39.0,Electronics,127,0.61,True,0.71,0.88,Medium,18.0,1.17,Medium,No,2,Cash,True,True,True,10.67,11,5,19,Platinum,App,5,78,2380,True,Premium,331,65.63,4076.16,556008.621,0.45
CUST106905,52,Male,Shymkent,Medium,94.44,1,7907.33,377.51,38.0,Groceries,172,0.91,True,0.77,0.22,High,6.0,3.9,High,No,1,Card,False,True,False,18.53,3,45,26,Bronze,Email,0,-40,867,True,Basic,339,48.9,3199.99,746768.2452,0.15384615384615385
CUST106915,31,Female,Almaty,High,95.7,9,7037.32,309.55,42.0,Clothing,72,0.32,False,0.87,0.92,Low,18.0,2.75,Low,Yes,5,Online Wallet,False,True,True,12.38,12,23,17,Bronze,Email,9,68,312,False,Basic,362,4.36,2709.64,673471.524,0.4186046511627907
CUST106918,46,Female,Shymkent,Medium,71.83,1,7326.19,392.51,17.0,Groceries,131,0.82,True,0.52,0.73,Low,11.0,1.35,High,Yes,8,Card,True,True,True,2.11,5,43,34,Bronze,Email,6,97,1109,False,0,42,55.07,5312.62,526240.2276999999,0.6111111111111112
CUST106919,33,Male,Karaganda,Medium,82.85,9,9371.55,53.15,20.0,Electronics,319,0.35,True,0.38,0.45,High,18.0,1.27,Low,No,2,Card,True,True,False,19.29,10,6,22,Platinum,Social Media,8,-52,2072,True,Basic,111,21.52,11875.49,776432.9174999999,0.8571428571428571
CUST106935,47,Female,Shymkent,High,95.34,9,6892.25,314.57,46.0,Electronics,204,0.4,True,0.47,0.3,Medium,12.0,4.81,Medium,Yes,2,Card,True,False,True,2.5,10,23,31,Silver,SMS,2,-63,2747,False,0,12,23.27,5682.57,657107.115,0.2553191489361702
CUST106946,18,Male,Karaganda,High,76.3,6,6775.4,243.28,19.0,Beauty,301,0.07,False,0.36,0.7,Low,10.0,4.77,High,Yes,7,Card,False,False,False,18.86,7,36,17,Gold,Email,4,-15,303,True,Premium,327,55.6,11458.89,516963.01999999996,0.5
CUST106951,23,Male,Astana,Low,77.26,8,8780.5,207.47,5.0,Clothing,278,0.4,True,0.59,0.49,Medium,17.0,1.81,Medium,Yes,8,Online Wallet,True,True,True,13.07,9,20,27,Platinum,SMS,3,12,371,True,Premium,52,2.63,13744.66,678381.43,2.8333333333333335
CUST106952,23,Male,Astana,High,98.0,9,5594.41,114.46,38.0,Groceries,272,0.8,False,0.56,0.65,High,0.0,1.52,High,No,3,Card,True,False,False,1.67,10,25,9,Platinum,App,3,-98,298,True,Basic,235,0.81,5126.65,548252.1799999999,0.0
CUST106981,61,Male,Astana,Medium,96.29,5,5956.01,446.41,35.0,Electronics,342,0.85,True,0.78,0.78,Low,7.0,1.57,Medium,Yes,2,Card,True,True,False,12.15,8,24,34,Platinum,Social Media,8,-34,617,True,Premium,79,20.97,16245.95,573504.2029,0.19444444444444445
CUST106986,35,Female,Karaganda,Medium,88.69,6,9031.8,83.07,3.0,Clothing,60,0.48,False,0.94,0.21,High,18.0,3.48,High,Yes,8,Cash,False,True,False,5.83,10,11,38,Silver,SMS,3,-64,743,True,0,31,30.33,15084.62,801030.342,4.5
CUST106988,55,Male,Shymkent,Medium,96.86,1,7207.12,471.39,12.0,Groceries,239,0.96,False,0.94,0.35,Medium,10.0,1.03,Low,No,5,Online Wallet,True,True,True,13.55,3,49,14,Silver,Social Media,4,36,1530,False,Basic,329,89.96,19924.81,698081.6431999999,0.7692307692307693
CUST106995,35,Male,Astana,Low,72.03,1,9846.08,148.55,5.0,Beauty,64,0.63,False,0.62,0.75,High,11.0,2.56,High,Yes,8,Card,True,False,True,7.41,7,41,37,Gold,Social Media,9,32,144,True,0,69,37.93,12688.32,709213.1424,1.8333333333333333
CUST107011,56,Male,Karaganda,Low,87.99,0,6215.24,211.19,8.0,Clothing,72,0.93,False,0.58,0.12,Medium,3.0,4.04,High,Yes,6,Card,False,False,False,14.77,3,32,10,Silver,Email,5,-17,1697,False,Basic,289,65.39,1064.9,546878.9676,0.3333333333333333
CUST107012,45,Male,Astana,High,81.72,5,6992.48,110.07,18.0,Clothing,239,0.41,False,0.49,0.97,High,7.0,4.26,Medium,No,4,Online Wallet,True,True,True,7.77,10,47,23,Silver,Social Media,6,73,168,True,0,307,41.5,12745.5,571425.4656,0.3684210526315789
CUST107036,46,Female,Shymkent,Medium,78.15,1,8081.99,406.03,34.0,Groceries,343,0.8,True,0.34,0.68,High,15.0,4.23,Medium,Yes,1,Card,True,False,True,13.22,14,47,12,Gold,App,5,25,2084,True,Premium,202,92.52,15193.02,631607.5185,0.42857142857142855
CUST107038,52,Female,Almaty,High,78.38,3,9786.23,44.42,34.0,Electronics,79,0.99,True,0.93,0.49,Medium,2.0,1.66,High,Yes,1,Cash,True,False,False,12.54,2,30,31,Silver,Email,8,-84,1799,False,Basic,271,81.47,1610.79,767044.7074,0.05714285714285714
CUST107047,25,Male,Shymkent,High,72.61,5,8685.69,26.79,46.0,Clothing,48,0.42,True,0.3,0.16,Medium,10.0,4.4,Low,Yes,7,Online Wallet,True,True,True,15.28,11,21,18,Platinum,App,2,-96,324,True,Premium,142,81.92,12446.36,630667.9509,0.2127659574468085
CUST107065,24,Female,Almaty,Low,68.96,9,8148.3,151.72,28.0,Beauty,209,0.03,False,0.6,0.97,Low,9.0,3.55,Low,Yes,4,Cash,True,True,False,1.98,1,23,36,Platinum,SMS,6,-78,369,True,Basic,181,36.39,14418.39,561906.7679999999,0.3103448275862069
CUST107067,24,Female,Shymkent,Low,96.65,4,9706.02,25.16,39.0,Electronics,216,0.52,False,0.89,0.34,Medium,12.0,2.58,High,No,3,Online Wallet,True,True,False,10.96,6,44,13,Gold,App,2,32,1231,False,Premium,73,11.27,2515.82,938086.8330000001,0.3
CUST107068,55,Female,Astana,Medium,82.24,2,8881.64,158.58,30.0,Groceries,20,0.92,True,0.09,0.63,High,6.0,3.19,High,Yes,6,Cash,True,False,False,2.29,11,1,4,Platinum,SMS,1,51,189,False,0,350,2.13,14842.87,730426.0735999999,0.1935483870967742
CUST107073,66,Male,Astana,Medium,70.68,4,9646.63,373.35,30.0,Groceries,116,0.06,True,0.42,0.31,Low,18.0,1.74,Low,No,1,Cash,False,False,False,11.59,5,18,34,Silver,Social Media,7,30,3142,True,Basic,192,58.85,16289.89,681823.8084,0.5806451612903226
CUST107079,33,Male,Almaty,Low,85.33,0,6219.06,351.31,14.0,Groceries,279,0.71,False,0.51,0.58,Medium,2.0,4.55,Low,Yes,5,Cash,True,False,False,16.84,10,38,19,Silver,Email,2,94,504,True,Basic,198,86.28,14948.47,530672.3898,0.13333333333333333
CUST107087,34,Male,Astana,Medium,74.18,3,8974.32,266.77,29.0,Clothing,78,0.89,False,0.56,0.05,Low,5.0,1.45,High,Yes,5,Cash,True,False,True,3.91,2,4,10,Silver,SMS,4,-33,2639,True,Basic,327,29.96,811.93,665715.0576000001,0.16666666666666666
CUST107122,20,Female,Astana,Medium,67.58,4,8168.61,91.31,17.0,Groceries,160,0.16,True,0.6,0.38,High,11.0,2.43,Low,Yes,4,Cash,True,True,False,10.32,2,25,19,Gold,Email,4,-18,3312,False,Basic,327,91.69,16446.18,552034.6638,0.6111111111111112
CUST107140,27,Female,Almaty,High,95.63,3,5780.24,211.21,45.0,Beauty,32,0.46,True,0.49,0.93,Low,3.0,2.45,High,No,4,Cash,False,True,True,12.01,2,39,1,Silver,Social Media,1,-80,851,False,0,322,18.31,18324.46,552764.3511999999,0.06521739130434782
CUST107141,62,Male,Shymkent,High,80.0,0,7565.53,90.83,28.0,Clothing,247,0.28,True,0.32,0.89,Medium,10.0,2.43,Medium,No,4,Card,True,False,False,18.86,9,12,21,Gold,SMS,1,-47,216,True,0,2,2.94,10672.4,605242.4,0.3448275862068966
CUST107144,29,Male,Almaty,High,82.08,3,7920.69,479.28,29.0,Electronics,352,0.4,False,0.02,0.62,Low,0.0,4.97,Low,Yes,7,Card,False,True,False,12.51,5,36,8,Silver,App,5,-89,3531,False,Premium,31,23.83,7006.78,650130.2352,0.0
CUST107147,67,Male,Shymkent,Low,75.77,8,9856.41,440.91,17.0,Clothing,273,0.6,True,0.87,0.34,Medium,3.0,3.3,Medium,No,3,Online Wallet,False,False,True,1.35,7,30,22,Bronze,SMS,5,58,2011,False,Premium,319,2.99,3154.42,746820.1856999999,0.16666666666666666
CUST107156,62,Male,Astana,Medium,62.65,1,8347.93,253.19,17.0,Beauty,35,0.66,True,0.59,0.06,Low,7.0,2.63,Medium,No,1,Card,False,False,True,2.48,6,32,28,Bronze,SMS,0,18,1507,False,0,175,67.77,2962.39,522997.8145,0.3888888888888889
CUST107158,41,Male,Shymkent,Medium,88.52,5,8719.21,96.1,6.0,Clothing,54,0.06,True,0.46,0.89,Medium,0.0,4.41,Low,No,8,Cash,False,True,True,7.27,10,23,6,Bronze,Social Media,1,-88,2833,True,0,114,44.75,6524.58,771824.4691999999,0.0
CUST107167,29,Female,Almaty,Low,75.56,0,9076.56,79.01,26.0,Electronics,348,0.65,True,0.74,0.46,Medium,14.0,1.86,Low,Yes,0,Online Wallet,False,False,True,8.36,5,13,28,Platinum,Email,6,-80,1314,True,0,59,25.87,1857.73,685824.8735999999,0.5185185185185185
CUST107174,66,Female,Shymkent,Low,92.95,8,6311.98,94.01,29.0,Beauty,253,0.7,True,0.34,0.84,Low,3.0,3.04,Low,Yes,5,Card,True,False,True,15.58,4,44,25,Silver,Social Media,5,90,3205,False,0,53,12.45,13289.87,586698.541,0.1
CUST107182,55,Female,Almaty,Low,88.33,8,9590.38,326.25,42.0,Clothing,19,0.77,False,0.21,0.69,Low,19.0,2.17,Low,Yes,2,Cash,False,True,False,2.43,11,22,2,Platinum,SMS,5,73,262,True,0,136,65.4,3045.65,847118.2653999999,0.4418604651162791
CUST107183,30,Male,Karaganda,High,97.69,7,7326.93,432.18,11.0,Beauty,25,0.21,True,0.79,0.65,High,15.0,4.42,Medium,Yes,3,Card,False,False,False,9.07,6,20,13,Silver,Email,9,85,1922,False,0,164,7.1,8787.66,715767.7917000001,1.25
CUST107188,65,Female,Astana,High,93.79,7,7372.74,210.71,33.0,Clothing,254,0.92,False,0.26,0.16,Low,16.0,4.33,High,No,0,Cash,True,False,False,13.54,14,40,11,Platinum,App,2,-39,3590,True,Basic,271,33.86,18339.38,691489.2846,0.47058823529411764
CUST107189,52,Male,Shymkent,Low,90.21,4,8028.45,321.85,14.0,Groceries,227,0.74,False,0.35,0.36,Medium,14.0,3.02,Low,No,4,Online Wallet,True,False,True,10.5,7,12,25,Platinum,SMS,4,68,3279,False,Premium,257,99.87,16876.91,724246.4744999999,0.9333333333333333
CUST107190,62,Male,Almaty,High,98.8,3,9490.44,306.02,12.0,Electronics,61,0.37,False,0.29,0.63,High,6.0,1.37,Low,Yes,4,Card,False,False,False,5.01,6,45,0,Silver,App,2,-90,3146,True,Premium,106,66.31,3762.45,937655.4720000001,0.46153846153846156
CUST107192,25,Male,Shymkent,Low,54.69,1,9995.27,100.44,1.0,Clothing,291,0.92,True,0.72,0.19,Low,15.0,3.19,Low,No,2,Cash,True,True,False,11.57,7,38,27,Silver,App,3,28,1721,True,Premium,149,81.21,5353.44,546641.3163,7.5
CUST107193,61,Female,Almaty,Low,71.49,3,8736.16,221.52,46.0,Clothing,275,0.89,False,0.48,0.96,High,6.0,3.54,Medium,No,5,Card,True,False,True,9.49,3,5,14,Platinum,Email,1,6,617,False,Basic,313,30.23,5384.75,624548.0784,0.1276595744680851
CUST107197,57,Female,Karaganda,High,94.22,7,7808.26,61.11,31.0,Beauty,84,0.66,True,0.88,0.67,High,17.0,2.16,Medium,No,5,Card,False,True,False,4.45,14,49,27,Platinum,Email,1,-92,2851,True,Basic,10,33.54,2890.04,735694.2572,0.53125
CUST107208,40,Male,Shymkent,High,87.38,0,7195.65,261.14,26.0,Beauty,288,0.2,True,0.83,0.78,Medium,4.0,3.7,High,No,5,Cash,True,False,False,5.12,3,9,24,Silver,Social Media,6,-61,1970,True,Basic,131,49.96,8210.58,628755.8969999999,0.14814814814814814
CUST107211,30,Male,Shymkent,Medium,64.83,6,9960.56,209.71,19.0,Electronics,145,0.09,True,0.24,0.15,Low,0.0,4.87,Low,No,3,Card,True,True,True,2.74,5,43,31,Gold,SMS,3,-39,3374,True,Premium,28,41.15,9826.88,645743.1048,0.0
CUST107220,44,Female,Astana,Medium,84.51,2,8071.34,118.29,13.0,Groceries,94,0.93,True,0.39,0.05,Low,9.0,2.19,Low,Yes,8,Cash,False,True,False,10.48,3,34,10,Bronze,Social Media,8,58,1676,False,Basic,77,11.44,19986.94,682108.9434000001,0.6428571428571429
CUST107221,62,Male,Karaganda,Low,91.0,4,8189.96,249.54,39.0,Beauty,154,0.29,False,0.8,0.46,High,13.0,2.82,Medium,No,6,Card,True,True,False,11.09,9,35,17,Silver,Email,3,55,1685,True,Premium,4,90.71,5188.41,745286.36,0.325
CUST107229,59,Female,Astana,Low,89.01,8,8568.79,380.75,43.0,Electronics,56,0.64,False,0.77,0.1,Low,9.0,2.93,Low,Yes,9,Online Wallet,False,True,True,15.4,9,5,29,Gold,Email,0,-89,3485,True,Premium,125,18.95,942.7,762707.9979000001,0.20454545454545456
CUST107230,24,Male,Karaganda,Low,95.21,9,8978.13,62.09,30.0,Electronics,165,0.51,True,0.1,0.23,Medium,8.0,4.16,Low,No,4,Online Wallet,False,True,False,16.73,5,18,24,Gold,App,8,-3,2934,False,Premium,300,61.32,10140.7,854807.7572999998,0.25806451612903225
CUST107231,67,Male,Karaganda,Medium,94.02,3,6317.7,289.44,23.0,Beauty,204,0.3,True,0.7,0.9,High,9.0,3.61,Low,Yes,6,Online Wallet,False,True,True,18.49,10,6,31,Platinum,SMS,4,52,1214,False,Premium,185,17.6,16622.23,593990.154,0.375
CUST107232,65,Female,Karaganda,Low,80.95,3,9670.91,118.1,18.0,Clothing,100,0.92,False,0.9,0.48,High,0.0,3.0,High,No,5,Cash,True,False,True,5.92,7,15,28,Gold,SMS,6,-13,720,False,Basic,118,19.01,11805.33,782860.1645000001,0.0
CUST107233,37,Female,Astana,Low,88.92,9,7326.44,482.61,5.0,Beauty,261,0.85,True,0.21,0.54,Low,15.0,4.44,Low,No,9,Card,False,False,False,13.14,0,48,17,Gold,App,9,-16,2651,False,Premium,214,55.26,4818.1,651467.0448,2.5
CUST107237,26,Female,Shymkent,High,74.62,2,8241.17,392.43,27.0,Electronics,240,0.33,True,0.96,0.12,Low,16.0,1.82,Medium,Yes,6,Cash,False,True,False,12.95,7,32,26,Gold,Email,8,50,375,False,Premium,37,89.7,12828.79,614956.1054,0.5714285714285714
CUST107245,30,Male,Karaganda,Low,85.42,8,6468.23,186.63,2.0,Clothing,166,0.12,True,0.26,0.54,Medium,5.0,4.5,Medium,Yes,1,Card,False,True,True,8.17,11,16,23,Platinum,App,5,-79,3493,False,Premium,261,58.1,14534.3,552516.2065999999,1.6666666666666667
CUST107247,40,Female,Astana,Low,84.76,8,7265.76,169.51,37.0,Beauty,277,0.21,True,0.47,1.0,High,4.0,2.45,Medium,Yes,4,Card,True,True,True,9.02,10,13,12,Platinum,SMS,9,4,2169,True,Premium,243,0.44,19577.24,615845.8176000001,0.10526315789473684
CUST107276,62,Male,Shymkent,Low,67.38,3,8180.43,159.32,42.0,Groceries,66,0.01,True,0.59,0.39,Low,9.0,1.78,Low,Yes,0,Cash,True,True,True,16.24,5,28,24,Silver,Social Media,1,-69,3144,False,Premium,293,55.45,9772.34,551197.3734,0.20930232558139536
CUST107293,33,Male,Shymkent,High,96.74,0,8880.83,415.23,12.0,Clothing,29,0.16,True,0.61,0.46,Medium,5.0,3.98,Medium,No,2,Cash,False,False,False,11.15,11,23,19,Bronze,Email,4,-11,692,True,0,360,19.3,1124.67,859131.4942,0.38461538461538464
CUST107299,50,Male,Almaty,Medium,79.92,5,6503.14,424.99,37.0,Beauty,200,0.44,False,0.05,0.7,High,9.0,1.19,Low,Yes,9,Cash,True,False,False,1.15,9,9,16,Silver,App,6,94,1938,False,Basic,288,0.86,12666.3,519730.9488,0.23684210526315788
CUST107301,33,Female,Almaty,Medium,84.68,6,7185.71,345.69,26.0,Electronics,303,0.22,True,0.81,0.94,Low,16.0,2.1,Low,Yes,0,Card,False,True,False,6.96,14,3,9,Silver,Email,0,21,545,False,0,179,35.46,6203.77,608485.9228000001,0.5925925925925926
CUST107314,60,Female,Shymkent,Low,65.31,2,9179.46,288.61,25.0,Clothing,47,0.83,True,0.03,0.43,Low,9.0,2.5,Low,Yes,3,Cash,True,False,False,8.44,14,22,11,Bronze,App,4,47,1840,True,Basic,9,97.44,8642.86,599510.5325999999,0.34615384615384615
CUST107341,37,Male,Shymkent,High,51.98,1,9985.6,52.03,1.0,Beauty,364,0.38,True,0.94,0.58,High,11.0,4.16,Medium,Yes,4,Card,False,False,True,14.1,7,7,17,Gold,Email,9,30,2748,True,Basic,109,66.84,10351.97,519051.488,5.5
CUST107342,32,Male,Karaganda,Medium,60.57,7,8897.82,179.36,27.0,Groceries,65,0.48,True,0.83,0.26,Low,9.0,3.36,Medium,No,8,Card,True,False,True,2.19,6,0,38,Silver,App,1,-16,2547,True,Basic,169,40.77,14852.64,538940.9574,0.32142857142857145
CUST107343,35,Male,Karaganda,Medium,97.01,7,7001.68,307.81,22.0,Groceries,103,0.79,False,0.14,0.14,High,14.0,3.8,Medium,Yes,1,Card,False,True,False,12.92,7,41,13,Silver,Email,6,0,3367,True,Premium,102,15.03,16402.33,679232.9768000001,0.6086956521739131
CUST107355,20,Male,Astana,Low,99.17,8,9571.75,27.27,34.0,Groceries,39,0.01,True,0.3,0.97,Medium,15.0,3.92,Medium,Yes,0,Cash,True,False,True,18.95,0,24,27,Platinum,Social Media,2,-19,3377,True,Basic,274,30.95,7473.76,949230.4475,0.42857142857142855
CUST107359,47,Female,Shymkent,High,93.1,6,7087.22,319.59,2.0,Electronics,107,0.1,False,0.73,0.86,Medium,19.0,3.94,Low,No,6,Card,False,True,True,18.17,5,13,32,Platinum,App,4,22,2355,False,0,312,12.67,15052.55,659820.182,6.333333333333333
CUST107366,30,Female,Shymkent,Low,66.22,2,9998.11,486.17,46.0,Beauty,292,0.09,True,0.89,0.15,High,5.0,4.41,High,No,4,Cash,False,True,False,14.57,5,42,6,Silver,Email,9,-5,1088,True,Basic,323,13.28,13356.48,662074.8442,0.10638297872340426
CUST107368,54,Male,Astana,High,93.37,0,5913.49,387.86,15.0,Beauty,101,0.55,True,0.6,0.48,High,19.0,3.13,High,No,6,Cash,True,True,True,6.68,0,36,20,Bronze,App,9,38,3591,True,Premium,186,18.81,7281.07,552142.5613000001,1.1875
CUST107383,68,Male,Astana,Low,68.03,9,9838.71,116.05,7.0,Groceries,321,0.44,False,0.9,0.87,Low,1.0,2.29,Medium,No,5,Online Wallet,True,False,False,5.04,6,32,35,Platinum,App,3,-91,3115,True,Basic,247,10.43,580.63,669327.4413,0.125
CUST107391,34,Female,Karaganda,Medium,73.0,4,9075.67,296.57,29.0,Clothing,264,0.44,True,0.57,0.81,High,8.0,2.22,Medium,No,0,Card,False,False,True,16.58,5,7,32,Platinum,Social Media,0,-6,719,True,0,286,37.01,19357.61,662523.91,0.26666666666666666
CUST107394,42,Female,Almaty,Medium,91.78,7,8402.37,60.46,5.0,Clothing,192,0.02,False,0.33,0.14,High,13.0,2.95,Low,No,3,Cash,False,False,True,11.07,12,32,37,Gold,App,2,-81,1511,True,Basic,174,64.84,5130.3,771169.5186000001,2.1666666666666665
CUST107400,20,Female,Shymkent,Medium,84.97,0,6320.81,148.0,21.0,Clothing,159,0.57,True,0.57,0.85,Low,10.0,2.27,High,Yes,6,Card,True,True,True,16.63,1,13,29,Platinum,Email,1,-82,866,True,0,263,2.78,9214.6,537079.2257000001,0.45454545454545453
CUST107410,33,Male,Astana,High,94.67,1,9966.54,248.41,27.0,Beauty,180,0.2,True,0.64,0.33,High,6.0,1.92,High,Yes,1,Online Wallet,False,True,True,17.29,1,26,12,Platinum,App,0,-30,3306,True,Premium,241,99.13,9071.31,943532.3418,0.21428571428571427
CUST107416,61,Male,Karaganda,High,80.27,2,7054.95,190.39,28.0,Electronics,22,0.51,True,0.17,0.89,Low,10.0,2.63,Low,Yes,6,Cash,False,True,True,9.35,13,35,1,Bronze,SMS,7,-78,1728,False,Premium,241,63.34,5505.62,566300.8365,0.3448275862068966
CUST107423,24,Male,Astana,High,66.53,9,7627.84,123.83,49.0,Electronics,148,0.78,True,0.24,0.2,Low,12.0,3.49,Medium,No,2,Cash,True,True,False,7.75,5,18,1,Silver,Social Media,8,91,2845,True,Basic,362,46.86,5001.07,507480.1952,0.24
CUST107424,47,Female,Karaganda,High,77.84,6,9340.88,180.48,37.0,Electronics,132,0.66,False,0.97,0.93,Medium,18.0,2.54,High,Yes,5,Online Wallet,False,True,True,14.73,3,27,15,Bronze,SMS,7,-72,3021,False,Premium,96,54.23,11727.75,727094.0991999999,0.47368421052631576
CUST107429,64,Female,Almaty,High,94.85,2,9931.07,72.22,14.0,Beauty,207,0.03,True,0.75,0.27,Low,3.0,2.74,High,Yes,4,Online Wallet,True,True,True,11.85,11,30,39,Silver,SMS,9,-19,3193,False,Basic,169,53.03,11606.07,941961.9894999999,0.2
CUST107433,35,Male,Astana,Low,81.48,5,7285.66,499.29,35.0,Electronics,323,0.52,True,0.14,0.07,Low,9.0,3.51,Low,Yes,9,Cash,False,True,False,6.12,8,19,37,Platinum,Social Media,3,70,532,True,0,260,48.42,12615.58,593635.5768,0.25
CUST107434,45,Male,Shymkent,High,81.73,3,8877.32,430.56,5.0,Electronics,349,0.15,False,0.19,0.25,Medium,1.0,1.26,High,Yes,5,Cash,True,True,True,3.43,2,27,34,Platinum,SMS,2,83,2517,False,Premium,211,16.98,11464.12,725543.3636,0.16666666666666666
CUST107437,36,Female,Astana,Low,97.37,6,9105.26,331.17,5.0,Electronics,300,0.54,True,0.46,0.53,High,11.0,1.91,Low,Yes,0,Cash,True,False,True,2.92,4,11,14,Bronze,Social Media,3,2,3207,False,Premium,360,28.23,17920.62,886579.1662000001,1.8333333333333333
CUST107439,34,Female,Shymkent,Low,79.56,3,6387.09,320.46,26.0,Clothing,75,0.31,False,0.07,0.68,Low,15.0,2.91,High,No,7,Card,False,False,True,17.74,9,19,20,Silver,App,3,46,856,True,Basic,72,72.82,5861.32,508156.8804,0.5555555555555556
CUST107443,44,Female,Almaty,High,75.99,0,6867.83,437.67,49.0,Clothing,148,0.91,False,0.08,0.1,High,19.0,2.61,Low,No,1,Card,False,False,False,6.65,0,46,2,Platinum,Social Media,0,2,2651,False,0,183,24.94,14034.24,521886.4017,0.38
CUST107465,55,Female,Astana,Medium,89.31,7,7382.42,219.53,23.0,Electronics,268,0.21,True,0.11,0.49,Low,0.0,4.83,Medium,No,7,Cash,True,False,False,15.07,4,42,12,Gold,App,2,90,43,True,Basic,90,93.45,6915.98,659323.9302000001,0.0
CUST107468,43,Male,Astana,Low,68.71,0,7402.0,479.84,35.0,Groceries,174,0.74,False,0.24,0.64,Medium,2.0,3.09,High,No,9,Card,True,False,False,8.14,7,24,6,Silver,Social Media,6,51,1330,True,0,271,15.53,12848.17,508591.4199999999,0.05555555555555555
CUST107487,20,Female,Almaty,Medium,85.44,0,6606.15,448.06,1.0,Groceries,46,0.06,True,0.24,0.46,High,6.0,4.74,Medium,No,1,Online Wallet,True,True,True,12.16,10,14,21,Bronze,Social Media,6,65,2025,False,Basic,36,95.16,191.54,564429.456,3.0
CUST107489,57,Female,Karaganda,High,70.65,3,8747.91,215.01,38.0,Beauty,270,0.49,True,0.08,0.54,Low,6.0,3.35,High,No,2,Card,True,False,False,10.12,12,34,32,Platinum,SMS,1,22,1134,False,Basic,95,7.56,16640.69,618039.8415000001,0.15384615384615385
CUST107495,55,Female,Karaganda,Medium,67.17,6,9554.7,16.21,10.0,Groceries,47,0.27,True,0.44,0.51,High,1.0,2.75,High,Yes,6,Cash,False,True,False,8.57,1,47,20,Gold,SMS,1,79,1203,False,0,92,27.05,8733.99,641789.199,0.09090909090909091
CUST107498,40,Female,Shymkent,Low,63.57,9,8746.98,429.88,21.0,Beauty,297,0.13,True,0.66,0.57,Low,11.0,4.7,High,Yes,6,Card,True,False,True,8.28,7,42,19,Bronze,Email,0,3,1204,False,0,316,9.76,9008.58,556045.5186,0.5
CUST107500,28,Female,Astana,High,82.11,7,7911.35,231.58,38.0,Groceries,143,0.5,True,0.18,0.4,Low,8.0,3.27,Low,No,2,Online Wallet,True,True,True,13.61,0,42,29,Gold,App,2,40,750,True,Premium,215,56.31,13202.59,649600.9485,0.20512820512820512
CUST107501,59,Female,Karaganda,Low,81.89,5,7909.39,62.21,5.0,Groceries,84,0.17,True,0.95,0.89,Low,3.0,2.74,High,No,4,Cash,False,False,False,15.96,9,10,16,Platinum,Social Media,7,71,3335,False,Premium,67,22.97,987.79,647699.9471,0.5
CUST107511,65,Male,Karaganda,Medium,79.36,6,8516.9,248.16,15.0,Groceries,114,0.77,True,0.87,0.19,Low,1.0,2.07,Medium,No,3,Card,False,True,False,11.65,5,27,4,Gold,SMS,9,78,529,False,Basic,97,50.44,7623.56,675901.184,0.0625
CUST107517,69,Female,Almaty,High,95.24,3,5512.78,447.77,48.0,Beauty,263,0.92,True,0.1,0.19,Medium,9.0,2.9,Medium,No,7,Cash,True,True,True,9.27,5,28,17,Bronze,App,7,44,3472,True,0,336,14.26,14442.89,525037.1671999999,0.1836734693877551
CUST107521,48,Female,Astana,Medium,79.93,3,8906.34,139.39,26.0,Groceries,313,0.11,False,0.0,0.44,High,4.0,4.4,Medium,No,7,Cash,False,True,False,12.13,8,47,7,Platinum,App,3,-14,716,True,Basic,15,7.68,6940.35,711883.7562000001,0.14814814814814814
CUST107523,41,Male,Shymkent,Low,74.1,2,7228.92,93.86,30.0,Clothing,306,0.93,False,0.4,0.36,High,7.0,1.72,Low,No,4,Online Wallet,False,True,True,19.31,14,43,21,Bronze,App,1,-64,1972,True,Premium,158,4.42,11159.39,535662.972,0.22580645161290322
CUST107524,69,Female,Almaty,Medium,94.94,5,8552.45,332.38,34.0,Beauty,15,0.65,True,0.65,0.22,Medium,1.0,1.12,High,Yes,9,Cash,False,True,False,9.48,6,37,1,Silver,Email,9,-7,2549,True,0,254,41.95,3236.41,811969.603,0.02857142857142857
CUST107525,40,Female,Shymkent,Medium,70.07,4,9232.89,194.21,35.0,Clothing,323,0.16,True,0.41,0.26,High,1.0,2.79,Low,Yes,1,Card,True,True,False,5.0,10,44,16,Silver,Social Media,0,-21,3327,True,Basic,17,44.51,11674.23,646948.6022999999,0.027777777777777776
CUST107532,23,Male,Karaganda,Low,97.44,0,6872.92,477.04,48.0,Electronics,29,0.27,False,0.22,0.24,Low,1.0,2.8,Medium,Yes,2,Online Wallet,True,True,False,15.43,12,32,12,Bronze,Social Media,5,45,3145,False,0,63,66.12,17103.34,669697.3248,0.02040816326530612
CUST107533,44,Female,Karaganda,Low,81.98,8,7676.23,96.65,32.0,Beauty,27,0.54,True,0.01,0.51,High,19.0,3.88,Low,Yes,6,Card,True,True,True,17.64,4,8,35,Bronze,Email,8,-26,312,True,Basic,68,6.01,444.98,629297.3354,0.5757575757575758
CUST107534,32,Male,Karaganda,High,99.27,9,8858.31,476.12,17.0,Beauty,268,0.41,False,0.86,0.08,High,14.0,4.09,High,No,4,Online Wallet,False,True,False,3.37,7,17,16,Silver,App,1,73,1044,False,Premium,112,42.92,392.47,879364.4336999999,0.7777777777777778
CUST107541,30,Female,Almaty,High,92.17,3,7532.12,34.88,39.0,Electronics,325,0.62,True,0.06,0.32,High,10.0,2.68,High,Yes,2,Cash,True,True,False,1.83,0,16,18,Bronze,SMS,8,-19,3585,False,0,169,78.35,18494.16,694235.5004,0.25
CUST107543,51,Male,Astana,Medium,92.76,5,8128.8,33.89,36.0,Clothing,0,0.27,False,0.82,0.55,Medium,19.0,2.52,Low,Yes,3,Online Wallet,False,True,True,8.48,9,37,38,Silver,App,5,42,1759,False,Basic,299,17.22,7730.27,754027.488,0.5135135135135135
CUST107556,31,Female,Almaty,High,93.28,8,6059.39,480.98,43.0,Electronics,2,0.92,False,0.92,0.79,Low,17.0,1.76,High,No,0,Cash,False,False,False,11.19,14,26,0,Silver,Email,2,79,2411,False,Basic,161,59.06,12027.67,565219.8992,0.38636363636363635
CUST107557,46,Male,Karaganda,High,52.97,8,9735.45,121.11,24.0,Electronics,2,0.57,False,0.31,0.87,Low,0.0,2.61,Medium,No,3,Card,True,False,True,1.68,11,38,14,Silver,SMS,6,-14,1018,True,Premium,348,60.86,1661.44,515686.78650000005,0.0
CUST107560,24,Male,Astana,High,95.79,3,7386.55,284.41,3.0,Clothing,214,0.41,True,0.85,0.21,High,0.0,4.78,Low,Yes,6,Online Wallet,False,True,True,3.52,2,33,18,Platinum,SMS,5,-83,1460,False,Basic,143,38.28,17094.15,707557.6245,0.0
CUST107563,42,Female,Astana,Medium,78.07,0,8101.43,345.93,32.0,Electronics,40,0.03,False,0.8,0.43,Low,17.0,4.68,High,Yes,3,Cash,False,False,False,1.08,11,22,29,Bronze,SMS,9,-61,2474,False,Basic,334,48.57,2990.79,632478.6401,0.5151515151515151
CUST107583,60,Male,Almaty,Medium,96.48,2,8704.66,99.55,5.0,Groceries,22,0.36,True,0.75,0.49,Low,4.0,2.47,Low,Yes,6,Card,True,True,False,6.0,12,36,18,Bronze,Email,6,-70,2958,True,0,47,20.07,4035.17,839825.5968,0.6666666666666666
CUST107597,22,Male,Almaty,Medium,73.68,5,7037.88,8.44,11.0,Clothing,110,0.67,True,0.69,0.78,High,0.0,3.99,Medium,No,5,Cash,True,True,False,5.99,5,35,24,Silver,SMS,7,13,3177,True,Basic,187,53.32,12220.64,518550.99840000004,0.0
CUST107598,37,Male,Astana,Medium,84.97,0,6768.64,159.81,3.0,Electronics,153,0.16,True,0.77,0.55,High,12.0,2.46,High,Yes,7,Cash,True,False,False,19.44,11,3,10,Bronze,Social Media,4,-14,3293,True,Premium,360,35.9,4372.56,575131.3408,3.0
CUST107599,33,Female,Almaty,Low,92.08,8,9810.79,78.42,13.0,Beauty,93,0.26,False,0.83,0.32,High,11.0,4.51,High,No,9,Online Wallet,False,False,False,19.56,13,41,4,Gold,App,4,-9,2941,True,0,349,27.23,15604.58,903377.5432000001,0.7857142857142857
CUST107616,55,Male,Almaty,High,63.41,7,9413.65,186.96,46.0,Electronics,185,0.64,False,0.23,0.35,Medium,4.0,2.94,Medium,Yes,0,Online Wallet,True,True,False,9.57,9,8,25,Bronze,App,3,-9,3513,True,Basic,193,86.41,4042.28,596919.5464999999,0.0851063829787234
CUST107622,50,Male,Astana,High,89.05,3,7444.22,245.11,29.0,Electronics,18,0.1,True,0.51,0.64,Low,4.0,3.47,High,No,4,Cash,True,True,True,14.27,4,48,26,Platinum,Email,7,-53,430,True,Premium,290,43.96,569.78,662907.791,0.13333333333333333
CUST107628,44,Female,Almaty,Low,89.25,1,7391.8,30.28,32.0,Electronics,204,0.79,True,0.11,0.28,Low,6.0,1.01,Low,No,4,Card,False,True,False,1.4,1,6,11,Bronze,SMS,7,-54,1290,True,Basic,87,58.39,6339.41,659718.15,0.18181818181818182
CUST107631,50,Male,Almaty,Medium,90.99,9,8626.49,471.0,7.0,Electronics,178,0.22,False,0.85,0.14,High,3.0,2.41,Medium,Yes,3,Online Wallet,True,False,False,6.61,0,7,25,Silver,SMS,3,70,2771,True,0,87,19.98,12848.81,784924.3250999999,0.375
CUST107638,51,Male,Karaganda,Medium,92.22,8,7451.96,23.52,14.0,Beauty,144,0.67,True,0.03,0.84,Medium,0.0,4.69,High,Yes,3,Online Wallet,False,False,False,6.93,2,47,4,Silver,Email,7,81,239,True,Basic,149,51.79,13898.98,687219.7511999999,0.0
CUST107639,40,Female,Shymkent,Low,71.82,4,7201.56,406.82,34.0,Electronics,260,0.28,True,0.32,0.01,High,0.0,2.7,High,Yes,8,Online Wallet,False,True,True,1.5,6,46,27,Bronze,Social Media,8,-5,1181,False,Basic,71,42.69,4744.0,517216.0392,0.0
CUST107645,35,Female,Almaty,High,97.82,1,9083.85,409.77,28.0,Groceries,281,0.02,False,0.48,0.76,High,12.0,3.8,High,No,1,Card,True,True,False,13.69,11,7,37,Silver,Email,2,-80,2921,True,0,238,7.43,14708.72,888582.2069999999,0.41379310344827586
CUST107646,30,Female,Shymkent,Low,64.77,2,9370.1,155.78,33.0,Electronics,57,0.17,True,0.47,0.53,Medium,12.0,3.59,High,Yes,4,Card,False,True,True,16.87,8,10,32,Platinum,Email,3,-85,474,True,Premium,299,56.86,9807.65,606901.377,0.35294117647058826
CUST107649,60,Female,Almaty,Medium,96.33,8,9574.29,377.26,31.0,Groceries,266,0.02,True,0.02,0.69,Low,8.0,2.52,Medium,No,2,Card,True,True,True,17.54,3,36,21,Bronze,Social Media,6,-83,1462,False,0,114,21.66,13002.68,922291.3557000001,0.25
CUST107651,59,Female,Astana,Low,80.62,4,8525.74,13.31,46.0,Electronics,223,0.09,True,0.27,0.78,Medium,1.0,1.14,Low,No,5,Cash,True,True,True,3.49,10,46,6,Silver,SMS,4,9,1084,True,Premium,102,37.6,2108.07,687345.1588,0.02127659574468085
CUST107654,35,Female,Almaty,High,74.75,0,8253.73,452.98,31.0,Beauty,22,0.36,True,0.14,0.85,Low,16.0,4.09,Low,Yes,4,Card,False,True,True,17.32,8,3,31,Silver,Social Media,4,-60,710,True,Premium,274,91.8,8027.57,616966.3175,0.5
CUST107668,18,Male,Karaganda,Medium,74.95,3,7368.38,307.07,30.0,Clothing,88,0.95,True,0.11,0.87,High,9.0,1.05,Low,No,1,Cash,True,True,True,8.54,1,7,15,Gold,App,1,7,2162,True,Basic,247,59.43,16672.98,552260.081,0.2903225806451613
CUST107673,67,Male,Almaty,Low,90.99,8,6360.88,355.02,5.0,Beauty,128,0.37,True,0.54,0.76,Medium,14.0,3.89,Low,Yes,9,Online Wallet,True,False,False,16.13,1,46,28,Silver,Email,6,-48,2079,False,Basic,300,19.13,18958.07,578776.4712,2.3333333333333335
CUST107685,23,Male,Almaty,Medium,89.28,5,6984.08,392.27,46.0,Electronics,22,0.49,False,0.85,0.62,Low,18.0,1.48,Low,No,5,Online Wallet,False,False,True,19.17,12,31,35,Gold,Social Media,9,-55,3524,False,Premium,68,39.61,18093.82,623538.6624,0.3829787234042553
CUST107687,41,Female,Shymkent,Low,80.29,9,7019.26,144.28,4.0,Groceries,72,0.91,True,0.38,0.15,Low,15.0,4.97,Low,No,2,Online Wallet,False,False,False,14.04,1,48,8,Silver,SMS,8,8,3498,False,0,184,66.42,14514.05,563576.3854,3.0
CUST107693,66,Male,Shymkent,High,98.94,5,7673.96,371.6,32.0,Clothing,323,0.4,True,0.77,0.9,Medium,8.0,3.4,Low,Yes,9,Card,False,True,False,15.7,12,11,2,Platinum,Social Media,2,29,2697,True,Basic,3,41.2,12758.65,759261.6024,0.24242424242424243
CUST107704,37,Female,Shymkent,High,84.35,7,7215.51,40.13,4.0,Clothing,290,0.06,False,0.01,0.79,High,3.0,2.06,High,No,2,Online Wallet,True,True,False,8.33,11,43,25,Bronze,App,9,36,2206,True,0,62,56.36,2162.77,608628.2685,0.6
CUST107705,46,Male,Astana,Medium,93.13,3,7207.83,170.74,37.0,Beauty,339,0.73,True,0.32,0.28,High,12.0,3.76,Low,Yes,9,Online Wallet,False,False,True,12.38,5,37,13,Platinum,Email,3,-80,2841,True,Premium,326,58.55,5168.57,671265.2078999999,0.3157894736842105
CUST107707,58,Male,Shymkent,Medium,82.64,9,6282.73,373.16,4.0,Clothing,211,0.48,False,0.02,0.14,High,7.0,2.39,Low,Yes,0,Online Wallet,True,True,True,3.02,7,42,23,Silver,Email,2,70,1592,True,Premium,32,64.21,10127.35,519204.8072,1.4
CUST107708,59,Female,Karaganda,High,73.49,3,8707.88,187.87,17.0,Beauty,156,0.09,False,0.53,0.67,Low,11.0,2.73,High,Yes,7,Card,True,False,False,9.86,14,8,27,Gold,App,0,-65,695,False,Basic,236,90.56,1016.25,639942.1011999999,0.6111111111111112
CUST107709,51,Male,Shymkent,Medium,70.15,0,7682.42,315.79,17.0,Beauty,218,0.71,True,0.8,0.2,Medium,13.0,1.96,High,Yes,0,Online Wallet,False,True,True,9.55,13,15,17,Platinum,Email,3,-37,2633,False,0,305,18.25,1739.93,538921.763,0.7222222222222222
CUST107714,35,Female,Shymkent,Medium,84.38,9,9455.62,34.57,39.0,Clothing,107,0.45,True,0.51,0.79,Medium,0.0,1.66,High,Yes,0,Card,True,False,True,8.39,5,39,5,Platinum,SMS,6,-78,683,False,0,49,79.38,2350.12,797865.2156,0.0
CUST107718,40,Male,Astana,High,97.16,2,6765.49,469.0,39.0,Groceries,135,0.2,False,0.92,0.74,Medium,0.0,4.33,Low,No,7,Cash,False,True,True,5.47,5,21,21,Platinum,Social Media,0,74,826,False,Premium,29,3.0,3009.59,657335.0083999999,0.0
CUST107722,39,Female,Astana,High,93.14,5,5509.13,399.24,9.0,Electronics,182,0.44,False,0.71,0.06,High,17.0,2.59,High,Yes,2,Cash,False,False,True,18.28,0,37,37,Silver,SMS,3,-47,3034,True,0,215,64.14,5638.62,513120.3682,1.7
CUST107727,52,Female,Shymkent,Low,90.73,3,8778.41,95.49,39.0,Beauty,288,0.57,False,0.67,0.73,Medium,1.0,2.91,Low,No,4,Online Wallet,False,False,False,4.68,10,29,18,Bronze,App,5,44,3369,False,Basic,258,54.68,14606.52,796465.1393,0.025
CUST107728,67,Female,Karaganda,Low,79.73,1,7354.85,29.64,19.0,Clothing,266,0.75,False,0.87,0.92,High,2.0,4.36,Medium,No,1,Cash,False,True,False,2.16,1,24,31,Platinum,SMS,5,-41,666,False,Premium,265,22.15,16723.98,586402.1905,0.1
CUST107730,69,Male,Almaty,High,58.91,5,9518.8,400.37,24.0,Groceries,168,0.43,False,0.53,0.23,High,4.0,3.37,Medium,No,8,Card,True,False,True,19.37,9,10,15,Bronze,Email,3,35,3105,False,Premium,122,38.31,9522.76,560752.5079999999,0.16
CUST107735,18,Male,Shymkent,Low,74.18,7,8093.36,62.82,4.0,Beauty,12,0.1,False,0.15,0.97,Low,5.0,1.82,Medium,No,8,Cash,False,True,False,1.21,10,21,30,Bronze,Email,2,-98,746,False,Basic,56,92.05,4701.6,600365.4448,1.0
CUST107737,18,Female,Almaty,Medium,59.71,2,9794.56,177.41,17.0,Clothing,266,0.23,False,0.39,0.32,Medium,14.0,1.42,High,No,3,Cash,False,True,True,10.86,12,0,34,Silver,Email,1,18,625,False,Premium,80,89.95,3754.07,584833.1775999999,0.7777777777777778
CUST107758,63,Female,Karaganda,Low,83.68,7,7406.0,197.21,33.0,Beauty,176,0.4,False,0.64,0.83,Low,1.0,1.86,High,Yes,4,Online Wallet,True,False,True,9.39,5,6,28,Gold,App,8,87,498,False,Basic,215,42.83,13408.81,619734.0800000001,0.029411764705882353
CUST107769,67,Male,Almaty,Low,91.07,2,9649.71,135.56,20.0,Groceries,231,0.52,True,0.47,0.02,Medium,7.0,1.24,Low,No,4,Card,True,False,True,8.46,8,9,4,Silver,App,6,1,3427,True,0,25,12.37,16187.02,878799.0896999999,0.3333333333333333
CUST107779,64,Male,Astana,Medium,98.0,5,7594.08,9.17,2.0,Beauty,313,0.64,False,0.4,0.99,Medium,3.0,2.31,Medium,Yes,0,Online Wallet,True,True,False,17.02,5,23,36,Bronze,App,2,-84,3384,True,Premium,249,68.03,8909.21,744219.84,1.0
CUST107780,23,Female,Karaganda,Medium,75.34,6,8531.18,29.03,43.0,Beauty,226,0.67,True,0.29,0.0,Medium,14.0,4.69,Medium,Yes,6,Online Wallet,False,False,True,3.02,3,35,14,Platinum,SMS,9,93,3552,True,Premium,175,91.13,2141.75,642739.1012,0.3181818181818182
CUST107789,30,Female,Shymkent,High,83.5,3,9193.57,16.23,30.0,Electronics,364,0.62,True,0.33,0.48,High,13.0,1.03,High,No,0,Card,False,False,True,6.31,12,11,33,Gold,Email,9,48,683,True,Basic,261,79.99,15764.37,767663.095,0.41935483870967744
CUST107793,44,Male,Shymkent,High,71.96,0,8500.17,49.88,45.0,Groceries,251,0.35,True,0.66,0.7,Medium,10.0,4.44,High,Yes,0,Online Wallet,False,True,True,5.28,1,8,7,Platinum,Social Media,7,38,2794,False,Basic,69,40.23,10442.61,611672.2331999999,0.21739130434782608
CUST107798,62,Male,Astana,High,80.65,7,7278.08,236.9,28.0,Clothing,168,0.59,True,0.13,0.05,Low,19.0,1.55,Low,Yes,1,Cash,False,True,True,7.81,6,27,28,Bronze,Email,5,-6,2518,True,0,214,95.79,4013.45,586977.152,0.6551724137931034
CUST107801,19,Female,Karaganda,High,85.84,5,8463.47,243.71,29.0,Beauty,3,0.22,True,0.14,0.56,Medium,1.0,1.89,Low,No,7,Cash,True,True,False,18.79,13,40,15,Silver,SMS,2,13,2965,True,0,250,57.57,2673.49,726504.2648,0.03333333333333333
CUST107803,33,Male,Shymkent,Medium,93.95,8,6064.02,383.67,39.0,Electronics,64,0.76,False,0.49,0.36,Medium,4.0,3.37,Medium,Yes,9,Cash,False,True,True,10.25,11,27,36,Silver,Social Media,5,-55,1354,True,0,59,96.63,6000.14,569714.679,0.1
CUST107812,20,Female,Shymkent,Medium,67.27,4,8630.44,422.1,20.0,Electronics,98,0.72,False,0.45,0.02,Medium,0.0,2.31,Low,Yes,5,Online Wallet,True,True,False,8.78,7,10,11,Gold,Social Media,2,-46,199,True,Premium,265,36.69,10696.5,580569.6988,0.0
CUST107816,50,Male,Almaty,Low,95.8,5,8617.47,246.96,18.0,Electronics,344,0.88,True,0.45,0.9,High,14.0,4.71,High,Yes,0,Cash,True,True,False,7.89,12,3,36,Gold,App,9,-100,919,True,0,313,71.97,18461.8,825553.6259999999,0.7368421052631579
CUST107836,43,Male,Shymkent,Low,91.86,5,9883.69,36.4,27.0,Beauty,37,0.89,True,0.31,0.72,Medium,8.0,3.0,High,No,5,Card,True,True,False,5.89,1,19,8,Gold,Email,0,-29,3247,True,0,128,16.19,116.02,907915.7634,0.2857142857142857
CUST107843,27,Male,Astana,Medium,99.86,5,7046.17,454.43,25.0,Clothing,68,0.5,False,0.39,0.16,Low,7.0,3.16,Low,Yes,3,Online Wallet,True,True,False,6.42,10,25,12,Silver,SMS,4,2,2504,False,Basic,289,80.25,7857.9,703630.5362,0.2692307692307692
CUST107844,68,Female,Almaty,Medium,76.11,6,7406.2,49.99,18.0,Clothing,181,0.36,True,0.47,0.9,Low,6.0,1.41,Medium,No,6,Card,False,True,True,18.43,4,16,39,Bronze,Email,2,59,3005,False,Basic,132,63.41,3985.97,563685.882,0.3157894736842105
CUST107846,59,Female,Astana,Low,68.38,1,9803.5,236.21,24.0,Electronics,342,0.81,True,0.05,0.03,Medium,6.0,3.41,Low,No,9,Online Wallet,False,False,False,12.98,14,32,20,Silver,SMS,0,12,947,False,0,184,20.55,5130.24,670363.33,0.24
CUST107859,53,Male,Astana,High,63.57,5,8798.78,314.28,19.0,Electronics,208,0.3,True,0.49,0.08,Medium,3.0,4.48,Medium,Yes,2,Cash,False,True,False,6.45,9,9,38,Bronze,SMS,3,81,1392,False,0,26,36.4,18796.93,559338.4446,0.15
CUST107862,30,Male,Almaty,High,68.73,5,9126.77,297.46,44.0,Clothing,268,0.04,True,0.6,0.36,Medium,13.0,1.16,High,Yes,6,Cash,False,False,False,6.76,3,4,16,Silver,Email,8,-22,2270,True,0,198,0.03,12984.09,627282.9021000001,0.28888888888888886
CUST107866,39,Female,Shymkent,Low,70.84,2,9294.16,480.58,40.0,Beauty,223,0.03,False,0.16,0.01,Low,8.0,1.66,Low,Yes,1,Card,False,True,True,18.62,1,12,4,Bronze,SMS,0,36,3270,True,0,320,63.05,13212.05,658398.2944,0.1951219512195122
CUST107877,62,Male,Astana,Low,65.04,0,8395.42,262.06,48.0,Groceries,78,0.96,False,0.48,0.03,High,12.0,2.32,High,Yes,9,Card,False,False,False,17.22,5,19,6,Bronze,Email,2,47,2207,True,Basic,11,82.81,15933.24,546038.1168000001,0.24489795918367346
CUST107886,49,Female,Karaganda,Medium,73.31,9,7229.39,115.89,34.0,Clothing,324,0.25,False,0.91,0.47,Medium,7.0,3.68,Low,Yes,5,Card,False,True,False,11.33,9,13,7,Bronze,Email,5,-36,879,False,Basic,105,10.66,1559.41,529986.5809000001,0.2
CUST107887,41,Female,Shymkent,Low,79.15,2,8741.44,28.57,26.0,Electronics,315,0.94,False,0.85,0.68,Medium,5.0,2.85,Medium,Yes,1,Card,False,False,True,4.24,11,10,0,Bronze,SMS,9,-56,3465,True,0,35,76.3,6543.79,691884.9760000001,0.18518518518518517
CUST107890,34,Female,Shymkent,Low,84.45,5,8196.59,355.67,25.0,Clothing,312,0.07,False,0.35,0.28,Low,6.0,4.04,Low,Yes,2,Online Wallet,False,True,True,14.2,8,6,6,Silver,SMS,2,18,1373,False,Basic,104,83.52,10082.64,692202.0255,0.23076923076923078
CUST107897,38,Male,Astana,High,78.53,8,6826.86,408.67,2.0,Groceries,255,0.79,True,0.24,0.38,Low,18.0,4.51,Medium,Yes,4,Card,False,False,False,14.31,0,49,33,Bronze,App,9,92,3533,False,0,107,55.77,12967.16,536113.3158,6.0
CUST107898,38,Female,Almaty,Low,95.07,7,5742.56,426.55,42.0,Clothing,331,0.56,True,0.2,0.67,High,12.0,3.87,Low,No,9,Card,False,True,True,4.61,5,35,31,Platinum,Social Media,5,72,2910,True,0,165,32.22,1569.56,545945.1792,0.27906976744186046
CUST107912,34,Female,Astana,Low,95.75,4,5773.88,336.45,29.0,Electronics,360,0.4,True,0.01,0.05,Medium,15.0,2.73,Low,Yes,0,Card,True,False,True,7.95,14,19,8,Bronze,SMS,6,-17,2609,False,Premium,191,59.69,5203.88,552849.01,0.5
CUST107918,21,Female,Astana,High,85.79,2,6731.67,78.05,34.0,Beauty,250,0.93,False,0.36,0.54,High,1.0,4.42,Medium,Yes,5,Cash,False,True,False,16.04,3,26,25,Silver,Social Media,6,76,819,True,Basic,90,96.64,8721.17,577509.9693,0.02857142857142857
CUST107934,43,Male,Karaganda,High,81.12,9,8373.75,490.73,32.0,Groceries,351,0.02,True,0.53,0.62,Low,0.0,4.88,Medium,No,1,Online Wallet,True,False,True,11.79,13,25,33,Bronze,SMS,8,38,3454,False,Premium,249,51.28,3716.08,679278.6000000001,0.0
CUST107937,43,Male,Karaganda,Medium,69.3,8,7430.54,92.37,26.0,Electronics,54,0.96,True,0.3,0.78,Medium,19.0,1.59,Low,Yes,8,Online Wallet,False,True,False,17.21,4,47,5,Bronze,Email,3,-68,583,False,Basic,14,56.39,14584.79,514936.42199999996,0.7037037037037037
CUST107966,41,Female,Karaganda,Medium,75.09,5,9298.94,32.49,4.0,Electronics,241,0.85,True,0.28,0.61,Low,14.0,3.05,Low,No,1,Cash,False,True,True,9.84,14,9,3,Bronze,SMS,5,-92,2932,False,0,22,33.51,5826.36,698257.4046000001,2.8
CUST107967,18,Male,Almaty,Medium,95.51,4,6090.39,91.96,44.0,Beauty,326,0.76,True,0.32,0.36,Medium,6.0,4.78,High,Yes,6,Cash,True,False,False,15.26,7,17,14,Silver,Social Media,8,85,1534,False,Basic,273,88.89,5007.82,581693.1489,0.13333333333333333
CUST107980,33,Female,Almaty,High,59.46,9,9121.15,207.04,12.0,Beauty,316,0.82,False,0.32,0.54,Medium,10.0,4.49,Medium,Yes,9,Online Wallet,True,True,True,14.8,0,6,19,Bronze,Email,5,33,1135,True,Premium,181,28.97,13424.08,542343.579,0.7692307692307693
CUST107990,43,Male,Shymkent,High,99.87,8,6518.63,251.01,38.0,Electronics,96,0.48,False,0.14,0.85,High,1.0,3.86,Low,Yes,1,Cash,True,True,True,5.57,6,45,31,Gold,Social Media,7,-90,53,True,Basic,178,77.5,15991.18,651015.5781,0.02564102564102564
CUST108009,41,Male,Shymkent,High,99.98,7,8177.5,76.52,41.0,Clothing,241,0.77,True,0.1,0.65,Low,7.0,2.22,Medium,No,6,Cash,False,True,True,17.31,8,17,16,Gold,Social Media,5,-26,3426,False,0,258,0.47,544.13,817586.4500000001,0.16666666666666666
CUST108011,61,Female,Karaganda,High,61.96,0,9222.45,355.7,35.0,Beauty,222,0.15,True,0.35,0.69,Low,6.0,1.19,Medium,Yes,9,Card,False,True,True,14.98,3,21,31,Silver,App,9,-57,1178,False,Basic,86,81.7,15531.91,571423.0020000001,0.16666666666666666
CUST108012,43,Male,Karaganda,High,79.74,6,9078.07,273.7,47.0,Electronics,142,0.36,True,0.42,0.95,Low,6.0,2.66,Medium,Yes,9,Cash,True,True,True,11.93,12,41,19,Bronze,SMS,7,1,2248,False,0,346,54.25,10337.86,723885.3017999999,0.125
CUST108024,40,Male,Almaty,Low,84.96,5,6983.25,125.26,15.0,Electronics,192,0.3,False,0.85,0.86,Medium,17.0,1.13,High,Yes,6,Online Wallet,True,False,False,11.76,0,30,12,Gold,Email,8,32,3443,False,0,310,11.28,14528.34,593296.9199999999,1.0625
CUST108029,37,Male,Almaty,Medium,61.61,9,9026.49,429.59,30.0,Clothing,322,0.04,True,0.54,0.71,High,6.0,1.62,Low,Yes,2,Online Wallet,False,False,True,3.06,1,8,35,Gold,App,5,31,283,True,Basic,19,42.42,10508.98,556122.0488999999,0.1935483870967742
CUST108033,57,Male,Shymkent,Medium,95.35,2,7015.05,319.89,48.0,Groceries,50,0.55,False,0.43,0.09,Medium,19.0,3.5,Medium,Yes,9,Online Wallet,True,True,False,5.67,6,25,39,Gold,App,8,24,331,True,0,155,49.52,17178.71,668885.0175,0.3877551020408163
CUST108037,33,Male,Almaty,Medium,68.03,2,9316.34,376.35,45.0,Beauty,199,0.82,False,0.68,0.43,High,8.0,4.5,Medium,No,4,Online Wallet,False,True,False,16.01,6,16,38,Platinum,Social Media,8,30,3525,True,Basic,100,17.82,2531.44,633790.6102,0.17391304347826086
CUST108049,47,Male,Astana,Medium,94.05,9,7882.61,157.97,1.0,Groceries,271,0.9,True,0.2,0.85,High,3.0,3.51,High,Yes,5,Cash,True,False,True,7.18,3,32,31,Gold,SMS,2,-66,2479,True,Basic,24,23.49,4799.99,741359.4704999999,1.5
CUST108058,44,Male,Shymkent,Low,65.29,8,7998.89,492.15,22.0,Clothing,269,0.71,False,0.51,0.79,Medium,15.0,2.1,Low,Yes,1,Online Wallet,True,True,True,3.78,10,19,37,Silver,Social Media,0,-16,2788,False,Premium,286,0.45,19700.71,522247.52810000005,0.6521739130434783
CUST108070,26,Female,Shymkent,High,58.34,1,9142.66,415.36,40.0,Electronics,342,0.82,True,0.07,0.65,Low,4.0,3.11,Medium,No,0,Card,True,True,True,10.26,14,22,31,Silver,App,0,-18,1441,True,Basic,229,20.64,17036.49,533382.7844,0.0975609756097561
CUST108074,23,Male,Karaganda,Medium,76.9,5,7792.08,243.49,39.0,Beauty,198,0.93,True,0.56,0.35,Medium,16.0,1.74,Low,No,3,Cash,False,False,True,19.98,12,24,10,Platinum,Email,2,95,3612,True,0,24,94.91,2370.83,599210.952,0.4
CUST108084,41,Male,Astana,Low,76.33,9,7467.08,285.35,31.0,Clothing,153,0.42,True,0.33,0.51,High,14.0,2.89,High,No,8,Online Wallet,False,False,False,12.59,3,16,34,Gold,Social Media,5,-64,148,False,Premium,279,33.98,7259.67,569962.2164,0.4375
CUST108085,52,Male,Almaty,High,88.23,8,9354.02,147.7,35.0,Groceries,40,0.55,False,0.15,0.58,High,5.0,4.13,Medium,No,3,Card,False,False,True,15.34,9,19,25,Silver,Email,4,95,2882,False,0,297,45.73,18480.97,825305.1846,0.1388888888888889
CUST108096,34,Female,Shymkent,Low,89.19,1,7463.77,98.1,12.0,Clothing,71,0.67,True,0.79,0.39,High,18.0,4.94,Low,Yes,9,Online Wallet,False,True,True,8.47,14,31,11,Silver,Social Media,2,85,2424,True,Basic,260,65.06,3230.53,665693.6463,1.3846153846153846
CUST108101,18,Male,Shymkent,Medium,84.29,2,9567.14,253.12,41.0,Clothing,111,0.05,True,0.72,0.21,High,0.0,4.11,Low,Yes,8,Cash,False,True,True,16.17,10,7,25,Bronze,Email,8,6,1552,True,Basic,362,14.44,8465.75,806414.2306,0.0
CUST108114,36,Male,Astana,High,60.6,5,9253.88,396.58,2.0,Groceries,348,0.38,True,0.04,0.81,Medium,5.0,3.17,Medium,No,0,Card,True,True,False,16.45,1,42,15,Silver,Email,7,10,1085,False,Premium,313,38.69,8645.32,560785.1279999999,1.6666666666666667
CUST108118,27,Female,Almaty,High,58.73,4,9230.88,301.86,46.0,Electronics,222,0.74,False,0.39,0.33,Medium,8.0,1.33,High,No,9,Card,False,False,True,17.25,6,25,25,Bronze,Email,6,-12,119,False,0,59,60.51,5115.88,542129.5824,0.1702127659574468
CUST108123,28,Male,Astana,Medium,72.18,2,7537.68,231.87,33.0,Electronics,257,0.9,False,0.72,0.09,Medium,1.0,3.66,Low,Yes,1,Online Wallet,True,True,False,3.25,8,21,34,Gold,Social Media,9,-61,1327,True,0,108,82.06,782.76,544069.7424000001,0.029411764705882353
CUST108135,53,Female,Karaganda,Low,72.66,8,8573.43,213.69,44.0,Clothing,202,0.02,True,0.24,0.87,High,10.0,1.27,High,Yes,7,Online Wallet,True,False,True,9.75,14,8,0,Gold,SMS,7,99,1883,False,0,132,1.88,747.57,622945.4238,0.2222222222222222
CUST108144,38,Male,Astana,Low,90.83,3,8053.03,252.37,41.0,Beauty,95,0.64,True,0.74,0.03,High,7.0,3.12,High,Yes,1,Card,False,True,False,4.15,12,18,24,Silver,Social Media,8,-94,1137,False,Premium,143,62.88,11791.03,731456.7149,0.16666666666666666
CUST108147,47,Female,Shymkent,Medium,77.08,6,9275.46,97.17,24.0,Beauty,154,0.85,True,0.59,0.11,High,4.0,3.6,Medium,No,7,Online Wallet,False,False,True,12.55,13,7,16,Platinum,App,4,-9,264,False,Basic,159,63.9,12846.12,714952.4567999999,0.16
CUST108154,18,Female,Shymkent,Low,66.53,0,8535.21,224.53,35.0,Beauty,142,0.78,True,1.0,0.65,High,11.0,2.54,High,No,5,Online Wallet,True,True,False,13.24,3,47,30,Silver,Email,1,-67,3274,False,Basic,242,26.88,179.22,567847.5212999999,0.3055555555555556
CUST108155,43,Male,Astana,Low,99.13,7,5860.47,50.77,6.0,Groceries,179,0.49,True,0.39,0.04,High,1.0,1.76,Medium,No,1,Online Wallet,False,True,False,6.95,2,14,22,Silver,Email,5,94,711,False,0,162,54.74,19447.87,580948.3911,0.14285714285714285
CUST108164,68,Female,Karaganda,Low,70.02,9,9106.04,439.49,4.0,Electronics,219,0.02,True,0.76,0.65,Low,13.0,2.96,Low,Yes,2,Card,True,True,False,11.14,3,41,39,Gold,App,8,64,1739,True,0,49,24.87,15362.5,637604.9208000001,2.6
CUST108168,68,Male,Shymkent,Low,68.11,1,9947.77,50.5,20.0,Groceries,162,0.25,True,0.09,0.55,Low,13.0,4.07,High,Yes,4,Online Wallet,True,True,False,19.52,11,32,39,Gold,Email,6,-22,1015,True,Premium,120,66.59,3853.12,677542.6147,0.6190476190476191
CUST108181,29,Male,Astana,High,81.59,6,7351.61,437.7,39.0,Beauty,185,0.31,True,0.96,0.7,High,17.0,4.3,High,Yes,7,Card,False,True,True,6.13,4,21,18,Gold,Social Media,8,-21,3524,False,Premium,309,6.18,7572.48,599817.8599,0.425
CUST108185,27,Female,Almaty,Low,68.57,6,7704.01,348.79,31.0,Electronics,323,0.47,True,0.92,0.88,High,8.0,2.68,High,Yes,7,Online Wallet,True,True,False,16.26,6,36,39,Silver,Social Media,7,-52,3209,False,Premium,77,21.33,16701.21,528263.9657,0.25
CUST108188,59,Female,Shymkent,High,73.7,5,7524.11,23.0,46.0,Electronics,105,0.72,False,0.84,0.21,Low,11.0,3.53,Low,Yes,4,Online Wallet,False,False,False,1.97,13,23,14,Bronze,Email,7,-92,199,True,Premium,167,7.1,8057.98,554526.907,0.23404255319148937
CUST108211,37,Male,Shymkent,Low,77.05,2,8432.27,28.73,31.0,Groceries,300,0.85,True,0.85,0.43,High,11.0,1.66,High,Yes,1,Card,False,False,True,8.72,4,24,7,Platinum,SMS,1,59,586,True,Basic,327,15.99,2721.19,649706.4035,0.34375
CUST108213,68,Male,Karaganda,High,83.5,5,9185.96,240.52,40.0,Clothing,61,0.22,True,0.02,0.28,Low,18.0,3.21,High,No,4,Cash,True,True,True,12.12,3,18,18,Platinum,Email,0,21,3195,False,0,228,69.54,18601.05,767027.6599999999,0.43902439024390244
CUST108218,25,Female,Almaty,High,89.64,1,6373.29,158.69,34.0,Electronics,34,0.33,False,0.51,0.29,Medium,11.0,2.22,Medium,Yes,2,Online Wallet,True,False,False,19.89,8,8,38,Bronze,Social Media,4,25,2509,False,Basic,148,24.15,14024.85,571301.7156,0.3142857142857143
CUST108220,61,Female,Almaty,Low,86.42,5,6607.55,271.53,33.0,Electronics,184,0.65,False,0.47,0.9,Low,0.0,4.35,Low,No,8,Online Wallet,True,True,False,12.8,11,37,33,Silver,SMS,8,21,3473,False,Basic,26,65.63,16484.45,571024.471,0.0
CUST108226,19,Female,Astana,Medium,65.73,4,8084.28,438.22,28.0,Groceries,178,0.1,False,0.51,0.83,High,4.0,2.63,Medium,No,1,Cash,True,True,True,6.2,7,32,15,Platinum,Email,8,-76,3045,False,Basic,232,50.45,16779.4,531379.7244000001,0.13793103448275862
CUST108228,53,Male,Karaganda,Low,86.45,0,8945.14,168.3,44.0,Groceries,95,0.49,False,0.21,0.65,Low,15.0,1.67,High,No,8,Card,False,False,False,4.67,14,3,20,Platinum,SMS,1,-1,3557,True,0,315,12.1,1075.08,773307.353,0.3333333333333333
CUST108232,57,Female,Almaty,Low,75.32,3,8373.86,58.9,36.0,Groceries,255,0.71,False,0.97,0.24,Medium,4.0,3.75,Low,No,3,Cash,False,True,False,4.38,2,13,10,Silver,SMS,9,35,1904,False,Premium,331,30.16,17685.38,630719.1352,0.10810810810810811
CUST108234,21,Male,Karaganda,High,69.67,9,8586.29,211.75,28.0,Groceries,150,0.03,True,0.04,0.15,High,3.0,1.51,Low,No,1,Card,False,False,True,6.14,5,0,35,Gold,Social Media,1,-42,3156,False,Premium,358,61.16,2121.69,598206.8243000001,0.10344827586206896
CUST108248,35,Male,Karaganda,Low,86.85,3,5804.71,50.95,3.0,Groceries,151,0.69,True,0.93,0.11,Low,4.0,2.52,Low,No,7,Cash,False,False,False,9.83,7,23,7,Bronze,Email,1,-61,1023,True,Premium,180,42.91,475.23,504139.0635,1.0
CUST108250,22,Male,Almaty,Medium,84.93,6,9060.9,401.6,8.0,Electronics,306,0.25,True,0.66,0.31,High,19.0,3.9,Medium,Yes,7,Cash,True,False,True,3.54,1,14,13,Silver,Email,0,27,1020,True,0,33,87.4,7299.15,769542.2370000001,2.111111111111111
CUST108259,29,Female,Shymkent,High,87.93,1,8692.75,470.65,30.0,Beauty,37,0.81,True,0.18,0.68,Low,16.0,2.51,Medium,Yes,4,Card,False,False,True,9.46,14,28,18,Bronze,Email,1,78,1932,True,Premium,120,6.59,10608.77,764353.5075000001,0.5161290322580645
CUST108268,29,Male,Almaty,Medium,88.82,0,6640.67,403.58,35.0,Electronics,279,0.67,False,0.75,0.99,High,17.0,4.68,Medium,Yes,6,Online Wallet,False,True,False,14.85,6,47,3,Silver,SMS,6,75,3629,False,0,225,87.64,5214.4,589824.3093999999,0.4722222222222222
CUST108269,19,Female,Astana,High,85.52,1,7841.46,441.23,20.0,Groceries,347,0.83,False,0.28,0.88,High,17.0,3.85,Low,No,1,Online Wallet,True,False,False,1.3,4,44,38,Platinum,Email,1,2,222,False,Premium,329,16.11,3041.27,670601.6592,0.8095238095238095
CUST108271,24,Female,Shymkent,Low,91.12,8,7482.43,439.87,37.0,Beauty,5,0.37,True,0.1,0.25,Low,6.0,2.36,High,No,2,Online Wallet,True,False,False,2.07,12,38,39,Gold,Social Media,3,-4,2524,True,Premium,363,90.68,10923.41,681799.0216000001,0.15789473684210525
CUST108273,43,Female,Almaty,Low,71.63,5,9608.86,46.58,49.0,Groceries,143,0.59,True,0.21,0.86,Medium,14.0,2.13,Medium,No,1,Cash,False,False,True,8.11,14,3,18,Bronze,Email,5,-15,401,False,Basic,53,88.29,16339.09,688282.6418,0.28
CUST108276,33,Female,Almaty,High,70.98,1,9806.91,110.68,23.0,Beauty,212,0.98,False,0.26,0.78,Medium,15.0,4.35,Low,Yes,4,Card,True,False,False,19.1,0,42,28,Platinum,SMS,4,92,1908,True,Basic,300,57.47,11297.61,696094.4718,0.625
CUST108277,40,Female,Shymkent,Medium,59.47,7,9080.67,353.5,44.0,Electronics,145,0.85,True,0.76,0.43,Low,8.0,4.6,Medium,Yes,4,Online Wallet,True,False,False,5.4,2,36,26,Bronze,App,6,-33,68,True,Basic,110,98.76,18040.28,540027.4449,0.17777777777777778
CUST108280,49,Male,Astana,Low,93.75,2,7030.87,156.94,37.0,Clothing,79,0.75,True,0.25,0.82,Medium,16.0,4.86,Medium,Yes,3,Cash,True,False,False,5.61,13,46,8,Platinum,SMS,3,69,709,False,Basic,93,6.45,198.63,659144.0625,0.42105263157894735
CUST108286,27,Female,Almaty,High,83.15,8,6690.69,283.63,29.0,Groceries,1,0.89,False,0.96,0.81,Medium,18.0,4.83,Low,Yes,9,Card,True,True,False,10.12,0,2,31,Bronze,SMS,6,25,1907,True,Premium,0,64.08,10917.85,556330.8735,0.6
CUST108296,45,Female,Shymkent,Low,73.72,6,9199.36,400.5,10.0,Clothing,123,0.48,False,0.23,0.89,Medium,1.0,3.91,Low,Yes,4,Card,False,False,False,11.13,1,44,3,Gold,App,5,-15,1568,False,Premium,356,49.25,14265.56,678176.8192,0.09090909090909091
CUST108301,53,Male,Almaty,Medium,94.96,5,7648.85,245.1,40.0,Beauty,346,0.72,True,0.27,0.54,Medium,12.0,1.88,Medium,Yes,9,Card,False,True,True,12.66,9,16,10,Bronze,Email,5,80,2381,False,0,126,84.33,17064.43,726334.796,0.2926829268292683
CUST108305,21,Female,Shymkent,High,77.94,3,7658.37,105.48,3.0,Clothing,54,0.33,False,0.1,0.81,Low,5.0,3.16,Medium,No,1,Online Wallet,True,True,False,5.08,4,24,12,Platinum,SMS,1,-23,2174,True,0,197,48.16,13726.58,596893.3578,1.25
CUST108312,38,Female,Almaty,Low,72.51,9,8240.23,354.81,11.0,Beauty,312,0.69,False,0.95,0.88,Medium,1.0,1.5,Low,No,0,Cash,True,True,True,6.67,3,38,37,Gold,Email,7,-81,1124,False,0,223,30.63,8611.67,597499.0773,0.08333333333333333
CUST108318,56,Female,Karaganda,Medium,64.1,2,9135.66,140.09,42.0,Beauty,13,0.29,True,0.52,0.21,High,4.0,4.39,High,No,9,Online Wallet,False,True,True,17.37,3,15,4,Silver,Email,9,-58,3230,False,Premium,14,80.48,6746.35,585595.806,0.09302325581395349
CUST108326,33,Female,Shymkent,High,99.88,5,5034.73,234.19,33.0,Clothing,177,0.57,True,0.1,0.24,High,16.0,4.26,Medium,Yes,8,Online Wallet,False,True,False,13.32,5,13,24,Platinum,Social Media,6,-61,381,False,0,327,41.7,12054.33,502868.83239999996,0.47058823529411764
CUST108336,45,Male,Almaty,High,72.45,1,8661.41,247.42,27.0,Electronics,145,0.54,True,0.28,0.94,Medium,0.0,2.63,Low,No,4,Online Wallet,False,False,True,13.37,3,38,9,Bronze,App,4,-71,209,True,Basic,28,1.39,15153.33,627519.1545000001,0.0
CUST108340,69,Male,Karaganda,Medium,81.95,7,8093.23,330.22,25.0,Electronics,105,0.24,True,0.4,0.69,Medium,9.0,3.26,Medium,Yes,1,Card,True,False,True,5.41,4,38,39,Silver,App,6,-69,1479,False,Basic,101,46.37,19365.58,663240.1984999999,0.34615384615384615
CUST108343,22,Female,Almaty,High,89.86,5,8902.41,134.07,11.0,Clothing,58,0.87,False,0.05,0.63,Medium,12.0,3.43,High,Yes,0,Cash,True,True,True,13.25,5,10,15,Platinum,Social Media,0,13,2192,False,0,165,90.26,8700.61,799970.5626,1.0
CUST108354,59,Male,Astana,Medium,95.33,4,6503.57,289.65,28.0,Clothing,100,0.12,False,0.64,0.75,High,10.0,2.98,Medium,Yes,7,Online Wallet,True,False,False,19.93,2,1,6,Silver,Social Media,6,51,744,False,Basic,4,74.26,7013.8,619985.3280999999,0.3448275862068966
CUST108376,35,Female,Almaty,High,62.76,5,8047.78,276.81,27.0,Groceries,239,0.6,True,0.09,0.26,High,0.0,2.94,High,Yes,4,Cash,False,False,True,10.78,9,13,5,Bronze,Social Media,3,-80,941,False,Basic,207,84.74,13952.68,505078.67279999994,0.0
CUST108386,20,Male,Karaganda,High,77.22,2,9274.01,136.45,40.0,Beauty,234,0.12,True,0.22,0.05,Medium,12.0,1.03,High,No,9,Cash,False,False,True,9.11,14,19,5,Bronze,Social Media,0,92,3175,False,Premium,325,53.53,9333.82,716139.0522,0.2926829268292683
CUST108388,35,Female,Karaganda,Low,65.38,1,8760.48,432.03,23.0,Groceries,21,0.21,True,0.03,0.32,Medium,19.0,1.05,Low,No,6,Cash,False,True,True,7.02,9,25,10,Silver,SMS,2,24,807,False,Premium,56,33.99,12445.19,572760.1823999999,0.7916666666666666
CUST108415,41,Male,Astana,Medium,66.25,8,8872.71,365.15,3.0,Beauty,357,0.8,False,0.0,0.72,Low,4.0,1.51,Low,Yes,9,Card,False,False,True,5.3,9,31,8,Bronze,Email,6,46,1638,True,0,11,3.56,5143.26,587817.0375,1.0
CUST108417,63,Male,Astana,Low,74.7,2,8963.5,271.15,20.0,Groceries,255,0.72,True,0.24,0.34,High,0.0,2.69,Medium,Yes,7,Cash,True,False,True,12.88,3,13,14,Platinum,SMS,7,-58,1795,False,0,248,41.75,10357.27,669573.4500000001,0.0
CUST108421,66,Male,Karaganda,Medium,84.13,5,8702.63,42.22,32.0,Electronics,81,0.47,True,0.0,0.06,High,15.0,3.59,Medium,Yes,7,Card,True,True,True,4.57,6,15,4,Gold,Social Media,7,16,1736,False,Basic,96,65.4,12472.55,732152.2618999999,0.45454545454545453
CUST108428,21,Female,Karaganda,Low,95.85,4,7394.67,283.62,9.0,Groceries,122,0.42,True,0.21,0.03,Low,3.0,3.99,High,No,4,Cash,False,False,True,19.23,12,0,15,Silver,Email,8,-2,3536,True,0,238,54.04,11472.93,708779.1194999999,0.3
CUST108431,19,Male,Astana,High,87.86,3,5829.52,218.71,21.0,Electronics,96,0.92,True,0.67,0.75,Medium,11.0,4.09,Medium,Yes,7,Online Wallet,True,False,True,13.94,0,7,21,Gold,App,6,48,1341,False,Basic,355,70.41,5368.94,512181.62720000005,0.5
CUST108433,41,Male,Shymkent,High,85.62,4,6350.09,444.03,26.0,Clothing,79,0.33,True,0.93,0.53,Medium,4.0,4.77,Medium,No,9,Card,False,True,True,19.36,5,35,30,Bronze,App,6,39,1236,True,0,150,14.93,14632.15,543694.7058,0.14814814814814814
CUST108439,57,Female,Astana,High,63.01,9,8570.92,233.8,46.0,Beauty,64,0.32,False,0.83,0.51,Medium,11.0,4.37,High,Yes,1,Card,False,True,True,8.45,3,14,16,Gold,Social Media,7,-47,1330,False,Premium,19,47.68,17096.78,540053.6692,0.23404255319148937
CUST108449,30,Female,Astana,Low,94.6,3,6714.89,311.63,22.0,Beauty,313,0.07,False,0.33,0.47,High,2.0,1.34,High,Yes,9,Online Wallet,False,False,True,16.26,0,17,20,Bronze,Email,5,71,896,False,Basic,348,50.77,4099.87,635228.594,0.08695652173913043
CUST108454,47,Female,Shymkent,Low,75.88,4,8960.63,44.17,10.0,Beauty,199,0.44,True,0.63,0.57,Low,19.0,1.97,Medium,No,8,Card,True,False,True,1.37,13,24,7,Bronze,Email,8,-13,1834,False,Basic,266,26.08,11259.37,679932.6044,1.7272727272727273
CUST108460,66,Male,Karaganda,High,84.73,5,6041.17,155.46,28.0,Clothing,29,0.43,True,0.66,0.43,Low,17.0,2.8,Low,No,4,Card,False,False,True,11.27,7,0,13,Gold,SMS,2,73,1807,True,Basic,220,33.95,11201.32,511868.33410000004,0.5862068965517241
CUST108462,67,Female,Astana,Low,96.48,1,6491.54,147.91,28.0,Clothing,360,0.9,False,0.75,0.02,Low,18.0,2.23,High,No,9,Card,True,False,False,15.09,4,13,7,Silver,Email,5,1,2682,False,Premium,72,92.9,4718.31,626303.7792,0.6206896551724138
CUST108472,37,Female,Almaty,Low,55.74,7,8983.87,368.65,20.0,Electronics,290,0.39,False,0.99,0.29,Low,4.0,4.69,Low,Yes,1,Card,True,False,False,10.19,9,39,19,Silver,SMS,1,26,2325,False,Premium,71,6.47,10252.25,500760.91380000004,0.19047619047619047
CUST108484,36,Female,Karaganda,Low,75.68,1,8538.99,305.94,25.0,Beauty,330,0.33,False,0.43,0.23,High,13.0,3.82,Medium,Yes,5,Online Wallet,True,False,True,18.02,8,13,27,Gold,Social Media,8,85,1109,False,Basic,198,59.22,6550.36,646230.7632,0.5
CUST108489,53,Female,Karaganda,High,82.06,6,7483.81,370.35,7.0,Beauty,238,0.92,True,0.58,0.22,High,5.0,2.48,Medium,No,4,Cash,True,True,False,18.05,3,48,20,Gold,Email,5,76,1262,True,Basic,137,15.72,10120.99,614121.4486,0.625
CUST108491,37,Male,Astana,High,70.37,0,7866.22,355.34,42.0,Groceries,239,0.41,True,0.34,0.25,High,9.0,3.19,Low,No,3,Online Wallet,True,True,False,16.81,3,20,31,Bronze,SMS,8,-43,982,True,Basic,124,87.53,5687.86,553545.9014000001,0.20930232558139536
CUST108494,62,Female,Astana,Low,86.65,0,6750.42,467.46,19.0,Clothing,39,0.55,True,0.55,0.14,Medium,6.0,1.8,Medium,Yes,4,Cash,False,False,False,8.89,3,14,7,Silver,App,9,98,2446,True,Basic,238,16.91,15141.87,584923.893,0.3
CUST108496,24,Female,Karaganda,Low,98.37,9,6261.39,132.58,18.0,Clothing,355,0.77,False,0.97,0.26,Low,18.0,2.06,High,No,4,Online Wallet,True,False,False,11.11,11,49,16,Platinum,App,3,20,2457,True,Premium,34,58.13,5868.3,615932.9343000001,0.9473684210526315
CUST108503,49,Male,Astana,High,82.88,7,7998.1,158.57,22.0,Groceries,23,0.24,True,0.42,0.99,Medium,19.0,1.92,Low,Yes,0,Online Wallet,True,False,False,3.91,12,7,37,Bronze,Social Media,2,67,1461,False,Premium,272,38.11,973.45,662882.528,0.8260869565217391
CUST108508,22,Male,Astana,Low,99.42,7,8420.32,241.25,15.0,Beauty,172,0.62,False,0.5,0.66,Medium,7.0,3.71,High,No,2,Cash,True,True,True,16.51,9,33,3,Gold,App,0,75,1719,True,0,131,8.23,16252.58,837148.2143999999,0.4375
CUST108513,68,Female,Karaganda,Medium,87.41,9,8958.3,306.62,3.0,Groceries,162,0.74,False,0.52,0.93,High,10.0,3.1,Low,No,2,Online Wallet,True,False,True,5.12,2,40,22,Bronze,Social Media,9,45,1809,True,Premium,191,67.36,14745.37,783045.0029999999,2.5
CUST108516,18,Male,Almaty,High,79.89,1,8294.5,373.65,7.0,Clothing,146,0.5,False,0.73,0.21,High,9.0,3.38,Medium,Yes,5,Card,False,True,False,2.1,10,38,29,Gold,SMS,2,72,708,True,Basic,11,18.79,2775.85,662647.605,1.125
CUST108522,47,Female,Shymkent,High,71.89,8,9881.15,40.78,46.0,Electronics,254,0.07,False,0.15,0.37,High,17.0,4.53,High,No,5,Online Wallet,True,True,False,13.8,0,22,36,Gold,Email,1,-85,1345,True,0,123,99.61,15510.23,710355.8735,0.3617021276595745
CUST108545,27,Female,Shymkent,Medium,79.17,0,7199.99,174.99,30.0,Clothing,9,0.29,False,0.89,0.37,Low,18.0,1.96,Medium,No,4,Online Wallet,False,False,False,4.77,6,41,12,Bronze,App,3,-53,1293,False,0,36,62.51,18434.42,570023.2082999999,0.5806451612903226
CUST108549,24,Male,Karaganda,Low,90.9,5,6016.87,257.33,45.0,Clothing,137,0.17,True,0.34,0.59,Low,4.0,2.87,High,No,5,Cash,False,False,False,1.39,10,39,2,Bronze,SMS,6,-63,2643,False,Basic,162,38.09,16865.11,546933.483,0.08695652173913043
CUST108550,44,Female,Shymkent,Low,92.41,3,8963.12,489.58,41.0,Beauty,242,0.47,False,0.39,0.67,Low,17.0,3.17,High,No,4,Cash,False,True,False,18.74,8,27,33,Bronze,Social Media,4,-27,1269,True,Premium,214,68.01,18398.49,828281.9192,0.40476190476190477
CUST108552,45,Female,Karaganda,High,74.21,2,9641.07,109.23,47.0,Electronics,40,0.94,True,0.48,0.03,Low,5.0,3.8,High,Yes,2,Card,True,True,True,5.58,14,0,16,Bronze,Email,0,97,1238,True,Premium,275,40.18,8156.38,715463.8046999999,0.10416666666666667
CUST108554,63,Male,Astana,Low,92.02,2,9254.85,160.52,15.0,Groceries,299,0.17,False,0.51,0.36,Medium,2.0,3.32,Low,No,3,Card,True,False,True,19.66,1,28,25,Bronze,App,5,61,1469,False,0,303,82.93,7798.86,851631.297,0.125
CUST108577,20,Male,Shymkent,Low,94.66,4,6631.45,384.51,5.0,Electronics,273,0.92,True,0.7,0.29,Medium,1.0,4.13,Medium,Yes,0,Cash,True,True,False,12.3,1,32,14,Gold,Email,4,-68,3578,True,Basic,149,8.02,10124.99,627733.0569999999,0.16666666666666666
CUST108581,62,Male,Karaganda,Low,77.55,7,8356.75,401.55,48.0,Groceries,61,0.82,True,0.35,0.82,Low,7.0,4.78,Medium,Yes,3,Online Wallet,False,False,False,15.63,10,47,22,Gold,SMS,6,-81,2604,False,Basic,151,2.15,12209.95,648065.9625,0.14285714285714285
CUST108591,68,Female,Shymkent,Medium,61.82,3,9725.02,39.25,21.0,Electronics,44,0.1,False,0.82,0.5,Low,3.0,2.33,Low,No,5,Cash,False,False,False,6.85,2,0,12,Platinum,App,6,78,1993,True,Premium,96,81.47,12359.66,601200.7364,0.13636363636363635
CUST108594,40,Female,Almaty,Low,98.5,9,5152.11,165.87,25.0,Groceries,282,0.83,True,0.56,0.74,Low,18.0,1.7,Medium,No,7,Online Wallet,False,False,True,15.95,8,7,13,Silver,App,1,-72,1539,False,Basic,204,13.5,11364.74,507482.83499999996,0.6923076923076923
CUST108606,44,Male,Shymkent,High,98.0,4,7032.79,76.55,6.0,Beauty,239,0.4,False,0.97,0.01,Medium,18.0,2.9,High,No,7,Card,True,False,True,5.85,6,16,39,Platinum,Email,1,-74,2071,True,Premium,191,63.78,19512.38,689213.42,2.5714285714285716
CUST108611,34,Female,Shymkent,High,85.16,0,8747.14,177.33,3.0,Clothing,75,0.51,True,0.51,0.04,High,3.0,4.12,Low,Yes,6,Cash,True,True,True,1.87,0,18,28,Gold,Email,3,-49,2293,True,Basic,5,74.63,12661.12,744906.4423999999,0.75
CUST108621,21,Male,Almaty,Medium,63.66,2,9088.34,84.94,29.0,Electronics,351,0.67,True,0.34,0.71,High,4.0,2.92,Low,No,2,Online Wallet,True,False,False,15.6,9,47,24,Platinum,SMS,1,-27,1680,True,0,95,69.66,14194.24,578563.7244,0.13333333333333333
CUST108623,42,Male,Karaganda,Medium,94.35,2,7957.88,384.56,19.0,Clothing,266,0.22,True,0.62,0.99,High,16.0,3.93,Low,No,8,Online Wallet,True,False,False,9.44,4,34,10,Platinum,App,4,36,885,False,Premium,304,72.87,1535.02,750825.978,0.8
CUST108628,41,Female,Astana,Medium,58.77,0,9032.7,397.81,15.0,Electronics,242,0.36,True,0.37,0.97,Low,8.0,2.95,High,Yes,8,Cash,True,True,False,13.27,0,39,16,Gold,Social Media,9,38,2445,False,0,168,73.77,14935.5,530851.7790000001,0.5
CUST108629,46,Male,Shymkent,High,85.62,3,7202.92,177.43,1.0,Electronics,217,0.24,False,0.44,0.6,Medium,18.0,2.67,Low,No,2,Cash,False,True,True,17.95,9,40,33,Gold,Email,4,47,2823,False,Basic,354,90.43,6082.7,616714.0104,9.0
CUST108631,21,Male,Astana,Medium,54.3,4,9743.96,317.26,11.0,Groceries,90,0.46,True,0.87,0.73,Medium,3.0,1.84,High,No,5,Cash,False,True,True,17.79,14,15,4,Platinum,SMS,6,-95,2796,True,Premium,258,44.56,2207.66,529097.0279999999,0.25
CUST108634,31,Female,Almaty,High,97.16,2,8957.1,426.81,44.0,Electronics,245,0.43,True,0.6,0.21,High,9.0,2.55,High,Yes,5,Online Wallet,False,False,True,11.96,1,26,15,Silver,Social Media,2,75,3571,True,0,128,70.63,18308.69,870271.836,0.2
CUST108635,22,Male,Shymkent,Medium,81.61,8,7102.98,104.96,33.0,Groceries,134,0.02,True,0.09,0.84,Low,16.0,3.89,Medium,Yes,7,Card,False,True,False,9.2,6,17,38,Bronze,SMS,3,60,2013,True,0,262,16.6,14293.46,579674.1978,0.47058823529411764
CUST108642,47,Male,Astana,High,98.05,9,7788.58,269.09,29.0,Beauty,191,0.24,False,0.91,0.79,Low,19.0,2.25,Medium,Yes,3,Online Wallet,False,False,False,6.78,8,31,11,Silver,Social Media,0,-91,2865,False,Premium,109,27.18,18084.28,763670.269,0.6333333333333333
CUST108652,32,Female,Almaty,Medium,54.13,6,9386.03,348.38,46.0,Clothing,228,0.77,True,0.81,0.22,High,10.0,3.4,Medium,No,5,Card,True,True,True,15.38,14,40,2,Gold,Social Media,3,73,248,False,Premium,103,83.92,17511.88,508065.80390000006,0.2127659574468085
CUST108659,62,Male,Astana,High,98.65,0,8789.01,219.18,7.0,Electronics,205,0.66,True,0.98,0.08,Low,12.0,1.73,Low,No,9,Card,False,False,True,18.78,7,21,26,Platinum,Social Media,0,-15,3007,True,Basic,180,81.51,4954.89,867035.8365000001,1.5
CUST108661,37,Female,Almaty,Medium,93.58,3,7612.37,252.17,22.0,Beauty,98,0.37,True,0.37,0.55,High,0.0,4.29,Medium,No,7,Online Wallet,False,False,True,2.47,3,26,14,Platinum,Email,1,20,2973,False,0,128,86.81,11362.05,712365.5846,0.0
CUST108662,18,Female,Karaganda,Medium,72.99,8,9176.86,117.45,11.0,Clothing,255,0.56,False,0.91,0.42,High,6.0,2.03,High,No,5,Card,True,False,False,2.2,0,42,7,Platinum,Social Media,2,-80,3240,True,0,272,47.67,5266.45,669819.0114,0.5
CUST108665,62,Female,Astana,High,97.82,7,6233.33,65.7,4.0,Electronics,138,0.97,False,0.06,0.3,Medium,19.0,2.7,Low,No,8,Online Wallet,True,True,False,15.39,9,32,21,Bronze,Email,4,81,1980,False,Basic,285,55.58,12582.55,609744.3406,3.8
CUST108670,56,Male,Astana,High,86.8,2,7823.0,114.67,2.0,Groceries,360,0.61,True,0.49,0.91,High,6.0,1.31,Medium,No,2,Online Wallet,True,False,False,6.51,1,37,35,Platinum,SMS,9,-17,2390,False,0,329,63.73,4563.51,679036.4,2.0
CUST108676,44,Male,Almaty,Low,68.7,8,9706.15,211.58,21.0,Clothing,85,0.27,False,0.12,0.01,High,3.0,3.57,High,No,3,Online Wallet,False,False,False,13.57,3,39,29,Platinum,Social Media,5,31,565,True,0,280,55.73,653.48,666812.505,0.13636363636363635
CUST108677,45,Female,Karaganda,High,78.85,7,9278.99,407.43,17.0,Groceries,143,0.6,True,0.97,0.94,Low,2.0,1.21,Low,Yes,7,Online Wallet,True,True,False,5.76,13,9,14,Gold,Email,1,-70,2146,False,0,68,58.64,19238.79,731648.3614999999,0.1111111111111111
CUST108678,35,Female,Almaty,Low,69.51,4,8980.36,96.31,30.0,Clothing,254,0.76,False,0.47,0.97,Medium,4.0,3.72,Medium,No,9,Card,False,False,False,19.39,6,24,31,Gold,Social Media,6,12,3061,False,Basic,86,9.24,12375.79,624224.8236000001,0.12903225806451613
CUST108688,53,Male,Astana,Low,89.08,1,7023.09,352.76,7.0,Clothing,254,0.36,False,0.69,0.65,Medium,3.0,3.36,Low,Yes,8,Cash,True,True,True,7.01,12,4,14,Silver,Email,9,85,3259,False,Premium,82,8.86,529.9,625616.8572,0.375
CUST108697,35,Male,Karaganda,Low,83.91,5,7646.59,495.07,1.0,Clothing,246,0.58,False,0.81,0.9,High,4.0,4.8,Low,No,2,Cash,True,False,False,2.19,3,16,24,Platinum,Email,6,2,2533,True,Premium,134,24.21,5159.58,641625.3669,2.0
CUST108704,37,Male,Almaty,Low,70.31,3,7172.35,37.03,45.0,Beauty,67,0.11,False,0.85,0.42,Low,16.0,2.52,Medium,No,6,Card,False,False,False,11.79,2,5,34,Silver,App,8,-75,2563,True,Premium,116,67.24,10673.07,504287.92850000004,0.34782608695652173
CUST108706,45,Male,Karaganda,Medium,88.96,5,6980.04,356.37,8.0,Electronics,323,0.34,True,0.77,0.39,Low,12.0,2.28,Low,No,8,Cash,False,True,False,10.89,12,0,16,Silver,App,3,-6,447,False,0,66,29.95,17081.15,620944.3583999999,1.3333333333333333
CUST108712,48,Male,Astana,Low,95.09,7,8872.9,237.71,10.0,Groceries,123,0.93,False,0.86,0.4,Low,6.0,4.7,Medium,No,1,Cash,True,True,False,9.77,2,26,23,Silver,App,0,-76,771,True,Basic,352,7.07,8758.52,843724.061,0.5454545454545454
CUST108721,18,Female,Karaganda,High,59.28,7,9542.16,466.5,1.0,Electronics,77,0.93,True,0.79,0.04,High,15.0,3.49,Low,No,6,Cash,False,True,True,15.6,3,22,33,Gold,Social Media,1,-25,1594,False,Premium,114,97.05,4335.16,565659.2448,7.5
CUST108724,29,Male,Almaty,Medium,61.08,9,9941.92,100.81,1.0,Electronics,253,0.31,True,0.28,0.6,High,2.0,4.38,Medium,No,8,Online Wallet,False,False,False,2.95,10,16,1,Gold,Social Media,9,-45,1985,False,Basic,325,27.13,14358.31,607252.4736,1.0
CUST108729,59,Male,Shymkent,High,69.8,1,8597.25,418.91,37.0,Electronics,282,0.28,False,0.55,0.78,Low,13.0,2.69,Low,Yes,0,Card,False,False,True,2.05,1,39,27,Bronze,App,6,57,3475,False,Premium,251,36.94,2999.42,600088.0499999999,0.34210526315789475
CUST108740,21,Male,Astana,High,81.72,9,7706.5,160.05,38.0,Electronics,322,0.95,True,0.84,0.25,Low,13.0,2.76,Low,No,5,Online Wallet,False,True,True,15.9,2,3,33,Gold,Social Media,2,-13,1753,True,Premium,176,49.38,548.72,629775.1799999999,0.3333333333333333
CUST108748,67,Female,Shymkent,Medium,53.62,3,9710.12,139.43,44.0,Groceries,260,0.2,True,0.67,0.48,High,17.0,3.61,Low,No,1,Card,False,True,False,1.19,14,8,14,Gold,Email,1,53,2105,True,0,27,2.05,15020.62,520656.63440000004,0.37777777777777777
CUST108749,55,Female,Astana,Low,98.12,3,8093.79,401.76,44.0,Clothing,237,0.47,True,0.31,0.41,High,19.0,1.0,Medium,No,9,Card,False,False,True,16.43,7,48,32,Platinum,Social Media,2,-15,1645,True,Basic,119,99.69,6555.39,794162.6748,0.4222222222222222
CUST108756,23,Female,Almaty,Low,83.14,0,9703.84,257.78,28.0,Beauty,218,0.99,True,0.37,0.01,High,3.0,3.68,Medium,Yes,0,Card,True,False,False,17.75,13,31,13,Bronze,Social Media,9,43,419,False,Premium,145,81.94,4101.72,806777.2576,0.10344827586206896
CUST108757,67,Female,Shymkent,Low,74.77,3,7393.72,225.23,39.0,Beauty,243,0.09,False,0.89,0.33,High,15.0,3.14,Low,No,6,Cash,False,False,False,10.93,2,22,27,Platinum,App,7,-85,3306,True,0,120,90.96,5945.66,552828.4444,0.375
CUST108764,39,Female,Karaganda,Low,89.52,8,8800.35,140.13,17.0,Electronics,219,0.44,False,0.51,0.27,High,9.0,1.68,Medium,No,2,Card,False,True,True,10.4,4,48,22,Silver,SMS,5,-75,2142,True,0,163,90.83,19299.3,787807.332,0.5
CUST108775,21,Female,Almaty,High,51.47,5,9877.28,493.18,30.0,Clothing,213,0.69,False,0.02,0.93,Low,13.0,4.22,Low,Yes,7,Online Wallet,True,True,True,11.88,0,14,10,Gold,Social Media,3,78,878,False,0,157,91.75,7492.53,508383.6016,0.41935483870967744
CUST108777,56,Female,Astana,Low,97.04,8,8268.65,260.63,45.0,Groceries,341,0.73,True,0.45,0.86,Medium,5.0,1.6,High,No,8,Cash,False,False,True,11.88,6,32,39,Platinum,Email,9,-60,2973,True,Basic,219,22.94,13038.07,802389.796,0.10869565217391304
CUST108791,41,Female,Karaganda,Medium,86.65,7,6383.82,281.78,16.0,Groceries,181,0.64,True,0.15,0.1,Low,13.0,1.33,High,Yes,2,Online Wallet,True,True,True,1.92,8,19,39,Platinum,Social Media,9,99,2426,True,0,168,43.82,7274.03,553158.003,0.7647058823529411
CUST108794,41,Male,Shymkent,Low,65.98,5,8937.38,371.72,32.0,Beauty,42,0.89,True,0.13,0.2,High,0.0,1.25,Medium,Yes,8,Online Wallet,True,True,True,18.37,5,13,8,Gold,Email,1,95,816,False,Basic,23,15.95,5903.81,589688.3324,0.0
CUST108795,52,Male,Astana,Low,56.18,0,9390.53,119.07,39.0,Clothing,93,0.3,True,0.09,0.56,Medium,0.0,4.7,High,Yes,2,Cash,False,False,False,11.7,8,8,7,Gold,Email,3,71,1646,True,0,38,83.2,12154.55,527559.9754,0.0
CUST108804,42,Female,Karaganda,Medium,85.22,1,9132.47,224.0,39.0,Groceries,121,0.8,False,0.84,0.92,Medium,5.0,2.02,Medium,Yes,7,Cash,True,True,False,8.26,1,49,31,Gold,App,6,-88,1632,True,Basic,122,33.07,11127.83,778269.0933999999,0.125
CUST108805,57,Female,Almaty,Medium,75.6,9,7443.91,18.71,47.0,Groceries,198,0.87,False,0.86,0.72,High,14.0,2.63,Medium,No,0,Online Wallet,False,True,False,1.96,2,22,6,Bronze,Email,9,-23,1729,True,Premium,316,40.07,7070.08,562759.5959999999,0.2916666666666667
CUST108821,30,Female,Astana,High,92.84,5,9377.24,132.38,10.0,Groceries,90,0.12,False,0.43,0.07,Low,15.0,4.17,High,No,3,Card,True,False,False,1.61,7,8,3,Platinum,App,4,-89,3246,False,Basic,360,19.55,760.5,870582.9616,1.3636363636363635
CUST108822,69,Female,Karaganda,High,68.31,0,8207.95,351.46,5.0,Beauty,20,0.35,False,0.78,0.67,High,16.0,2.85,Medium,Yes,1,Online Wallet,True,False,True,3.85,6,29,12,Gold,SMS,5,-25,2367,False,Premium,287,27.94,5986.16,560685.0645000001,2.6666666666666665
CUST108826,60,Female,Shymkent,Medium,80.6,6,9850.12,384.97,20.0,Beauty,294,0.89,False,0.32,0.9,Low,2.0,3.12,High,No,6,Online Wallet,False,True,False,11.75,3,6,19,Platinum,SMS,5,-9,2777,True,Premium,318,64.21,16744.97,793919.672,0.09523809523809523
CUST108830,60,Female,Shymkent,High,77.36,0,6699.67,402.09,18.0,Clothing,144,0.48,True,0.41,0.32,Medium,12.0,2.65,Low,No,1,Cash,False,False,True,8.56,1,8,5,Bronze,Email,2,-32,2598,False,Premium,203,49.59,17950.27,518286.4712,0.631578947368421
CUST108837,56,Male,Astana,Medium,82.03,9,7042.35,48.71,30.0,Groceries,322,0.84,False,0.21,0.64,Low,14.0,4.29,Medium,Yes,4,Cash,True,True,True,3.97,1,13,29,Silver,Social Media,9,-31,3361,False,0,296,89.5,4363.25,577683.9705,0.45161290322580644
CUST108843,30,Male,Karaganda,Low,91.58,6,5949.17,253.89,28.0,Electronics,251,0.2,False,0.6,0.94,Medium,3.0,1.27,High,Yes,2,Cash,False,False,True,7.02,6,33,31,Gold,App,0,-64,318,True,Premium,319,46.76,13029.95,544824.9886,0.10344827586206896
CUST108844,27,Female,Shymkent,Medium,76.9,5,9287.73,150.26,12.0,Beauty,229,0.25,False,0.8,0.67,High,5.0,4.81,High,No,4,Card,True,True,True,10.24,1,0,8,Platinum,App,3,-52,1197,True,Premium,337,77.43,1992.98,714226.437,0.38461538461538464
CUST108850,20,Male,Shymkent,High,71.23,8,8219.38,421.0,6.0,Beauty,219,0.96,True,0.64,0.92,Low,19.0,2.43,High,No,2,Online Wallet,False,True,True,3.16,4,48,27,Gold,Email,0,-100,1567,False,Premium,205,17.01,9015.64,585466.4373999999,2.7142857142857144
CUST108856,59,Female,Astana,Medium,84.23,4,6685.92,234.77,16.0,Electronics,103,0.42,True,0.06,0.96,Medium,4.0,2.05,Medium,No,8,Cash,False,True,True,15.79,7,30,27,Bronze,Email,2,-2,3307,True,0,299,56.38,10769.63,563155.0416,0.23529411764705882
CUST108871,51,Female,Almaty,Medium,78.74,7,9155.95,99.16,26.0,Clothing,301,0.25,False,0.24,0.41,Low,8.0,3.67,Low,Yes,2,Cash,False,True,True,4.61,4,8,21,Platinum,SMS,9,32,2730,False,0,301,17.89,1717.85,720939.503,0.2962962962962963
CUST108872,67,Female,Karaganda,High,69.01,5,8405.89,220.87,11.0,Beauty,111,0.83,False,0.69,0.71,Medium,5.0,4.96,Medium,No,9,Card,False,False,True,2.8,12,9,33,Platinum,SMS,0,93,3093,True,0,5,27.71,4707.59,580090.4689,0.4166666666666667
CUST108873,33,Male,Karaganda,High,87.52,8,6633.03,103.03,6.0,Electronics,307,0.06,True,0.07,0.32,Medium,16.0,2.97,High,Yes,3,Card,False,False,True,8.63,0,19,36,Silver,SMS,7,-33,364,True,Basic,297,29.56,19977.2,580522.7856,2.2857142857142856
CUST108878,34,Male,Almaty,Low,98.96,2,9725.12,413.28,38.0,Clothing,277,0.85,True,0.39,0.72,Low,8.0,3.52,Medium,Yes,6,Cash,False,False,False,2.94,7,16,38,Platinum,Email,7,-12,201,True,Basic,205,2.44,1691.38,962397.8752,0.20512820512820512
CUST108880,28,Female,Astana,Low,89.05,9,7244.67,451.47,36.0,Clothing,247,0.86,False,0.33,0.82,Medium,4.0,1.68,Low,No,5,Card,True,True,False,4.66,10,25,20,Bronze,SMS,7,4,2652,False,0,191,17.87,1145.68,645137.8635,0.10810810810810811
CUST108887,19,Male,Shymkent,Low,75.6,0,8533.19,363.38,25.0,Clothing,238,0.63,True,0.34,0.8,Low,13.0,3.13,Medium,Yes,0,Card,False,False,False,1.59,11,5,21,Silver,Email,9,-59,2901,True,Basic,54,18.1,5348.88,645109.164,0.5
CUST108888,39,Male,Astana,High,65.94,0,9916.22,324.22,19.0,Clothing,181,0.28,False,0.88,0.25,Medium,10.0,1.82,Low,Yes,3,Cash,False,False,True,15.7,2,42,29,Silver,SMS,2,40,2969,True,0,230,98.25,13591.43,653875.5467999999,0.5
CUST108891,32,Male,Shymkent,Medium,93.49,7,5981.4,478.89,41.0,Beauty,58,0.62,True,0.78,0.8,Medium,16.0,3.43,Low,Yes,3,Card,True,True,False,12.56,9,27,37,Silver,App,7,26,886,True,Premium,6,67.79,11702.29,559201.0859999999,0.38095238095238093
CUST108892,66,Male,Karaganda,Low,72.96,2,6917.82,341.89,49.0,Clothing,296,0.1,False,0.31,0.93,Medium,7.0,3.74,Low,No,1,Card,False,True,True,5.02,3,39,20,Gold,App,9,-75,450,False,0,51,19.78,714.04,504724.14719999995,0.14
CUST108895,54,Male,Karaganda,Medium,92.77,5,7671.79,279.61,19.0,Beauty,354,0.43,False,0.71,0.65,Low,9.0,4.35,Low,Yes,9,Cash,True,False,True,18.32,7,33,11,Platinum,App,7,6,328,False,Premium,335,97.65,15315.53,711711.9582999999,0.45
CUST108905,55,Female,Almaty,Low,91.82,2,6155.41,279.87,24.0,Beauty,232,0.23,False,0.31,0.09,High,1.0,3.62,Medium,Yes,8,Card,True,True,False,19.96,7,3,30,Platinum,Email,2,9,122,True,Premium,347,12.47,3757.77,565189.7461999999,0.04
CUST108916,40,Male,Karaganda,High,89.06,2,9625.32,265.16,2.0,Groceries,146,0.17,False,0.61,0.7,High,6.0,4.03,Low,No,7,Online Wallet,False,True,True,18.37,8,21,3,Gold,App,0,-54,633,True,0,218,46.07,9092.37,857230.9992,2.0
CUST108917,50,Male,Shymkent,Low,72.15,2,9286.63,98.11,44.0,Clothing,62,0.78,True,0.69,0.91,Medium,11.0,2.01,Medium,Yes,0,Card,True,True,True,7.35,12,1,10,Gold,App,7,58,2438,True,Premium,330,71.28,15787.24,670030.3545,0.24444444444444444
CUST108922,45,Female,Shymkent,Low,78.54,9,7950.03,386.01,10.0,Electronics,333,0.95,True,0.06,0.04,High,0.0,2.95,High,No,8,Cash,False,True,False,8.05,10,4,38,Silver,Social Media,5,-39,1325,False,Premium,303,50.19,15921.65,624395.3562,0.0
CUST108923,19,Female,Almaty,High,79.12,0,8574.07,96.48,20.0,Electronics,158,0.65,True,0.77,0.76,High,9.0,3.35,High,Yes,9,Card,False,True,False,13.32,0,38,3,Gold,Social Media,3,-37,3080,False,Basic,68,58.53,14924.2,678380.4184,0.42857142857142855
CUST108926,58,Female,Karaganda,Medium,98.88,7,6848.65,417.9,10.0,Beauty,126,0.95,True,0.09,0.05,High,4.0,3.87,Low,No,4,Cash,True,True,True,4.8,10,5,1,Platinum,SMS,2,-25,2282,True,Premium,229,65.17,1625.85,677194.512,0.36363636363636365
CUST108941,64,Male,Karaganda,Medium,97.99,6,8331.76,475.94,14.0,Groceries,358,0.66,False,0.5,0.48,Medium,8.0,4.66,Medium,No,0,Online Wallet,False,False,True,13.89,8,7,20,Silver,Social Media,5,52,612,True,0,18,94.18,7551.83,816429.1624,0.5333333333333333
CUST108949,43,Female,Shymkent,Medium,98.24,6,8897.26,49.13,28.0,Groceries,6,0.86,True,0.95,0.55,Low,12.0,1.14,Low,No,5,Card,True,True,False,1.88,12,1,35,Bronze,App,6,98,1511,True,Basic,351,29.81,16614.92,874066.8224,0.41379310344827586
CUST108952,36,Female,Shymkent,Low,83.33,7,8649.0,343.26,25.0,Groceries,156,0.65,True,0.05,0.03,High,19.0,2.58,Medium,No,1,Card,True,False,False,6.11,11,47,30,Bronze,Social Media,7,21,1240,False,Premium,89,11.91,18952.71,720721.17,0.7307692307692307
CUST108979,52,Male,Astana,High,62.79,5,8272.49,222.96,24.0,Clothing,118,0.37,True,0.8,0.65,Medium,2.0,1.85,High,Yes,1,Online Wallet,False,False,True,3.44,2,46,34,Bronze,Social Media,2,-43,2946,True,Premium,72,62.66,2159.8,519429.6471,0.08
CUST108996,26,Female,Karaganda,Medium,91.5,2,8869.78,219.01,22.0,Electronics,17,0.48,False,0.01,0.35,Medium,2.0,3.79,Medium,No,6,Card,False,False,True,17.75,9,39,33,Gold,App,2,-72,110,True,0,314,83.14,18586.93,811584.8700000001,0.08695652173913043
CUST108997,19,Male,Karaganda,High,83.1,1,6680.49,305.82,13.0,Groceries,221,0.06,False,1.0,0.1,High,11.0,1.32,Low,Yes,1,Online Wallet,False,True,True,2.56,2,29,4,Gold,SMS,3,91,3612,True,0,146,68.89,11942.83,555148.7189999999,0.7857142857142857
CUST108998,51,Female,Astana,Medium,72.67,2,8639.18,53.33,15.0,Beauty,54,0.97,True,0.64,0.05,High,3.0,3.06,Low,Yes,6,Cash,False,False,False,15.24,11,19,33,Gold,Email,6,-78,1067,True,Basic,270,88.97,18176.86,627809.2106,0.1875
CUST109000,48,Male,Shymkent,Medium,66.61,8,7785.83,425.01,25.0,Electronics,123,0.03,False,0.45,0.42,Medium,13.0,3.72,Medium,Yes,3,Card,True,False,False,12.56,9,9,12,Bronze,SMS,2,4,2552,False,Basic,51,91.56,9138.04,518614.1363,0.5
CUST109002,67,Male,Shymkent,Low,76.33,7,9505.46,261.84,5.0,Groceries,269,0.1,False,0.48,0.46,Medium,13.0,4.14,High,No,7,Card,True,False,True,14.12,9,31,39,Silver,App,9,-71,942,False,0,249,48.07,5947.34,725551.7617999999,2.1666666666666665
CUST109013,22,Female,Shymkent,Low,87.44,7,7897.76,82.27,18.0,Electronics,96,0.91,True,0.36,0.82,High,9.0,1.18,Medium,Yes,0,Cash,True,False,False,4.18,3,36,21,Silver,Social Media,6,10,2868,True,0,73,38.49,4012.81,690580.1344,0.47368421052631576
CUST109020,61,Female,Astana,Low,96.97,8,9616.57,323.59,33.0,Clothing,54,0.02,True,0.97,0.87,High,17.0,4.57,Medium,Yes,9,Online Wallet,False,False,True,12.52,2,28,36,Gold,Email,0,66,2427,True,Premium,334,95.57,4804.16,932518.7929,0.5
CUST109029,20,Female,Shymkent,High,66.44,6,7946.22,36.9,39.0,Beauty,66,0.68,False,0.98,0.2,Medium,6.0,3.97,Low,No,9,Card,True,True,False,18.09,0,47,23,Platinum,App,6,55,1571,False,0,113,89.41,1432.12,527946.8568,0.15
CUST109031,64,Female,Karaganda,Low,88.4,4,7637.32,143.13,44.0,Electronics,185,0.33,True,0.84,0.19,Low,16.0,2.87,Medium,Yes,0,Cash,False,False,False,5.89,13,2,37,Gold,Email,3,-96,3103,False,0,213,6.7,18882.94,675139.088,0.35555555555555557
CUST109036,38,Female,Almaty,High,95.67,5,6919.06,13.99,17.0,Clothing,27,0.91,False,0.23,0.06,Low,5.0,3.95,Medium,No,5,Online Wallet,False,True,False,6.98,14,40,18,Gold,App,1,60,1167,False,0,257,87.79,2191.0,661946.4702000001,0.2777777777777778
CUST109044,28,Female,Almaty,High,62.01,6,9371.72,208.35,30.0,Clothing,136,0.55,True,0.22,0.88,Low,13.0,2.35,Low,Yes,9,Online Wallet,False,True,False,9.84,4,38,16,Bronze,SMS,3,10,2052,False,0,59,65.44,6415.71,581140.3572,0.41935483870967744
CUST109045,25,Male,Almaty,Low,78.07,5,9702.32,435.81,44.0,Electronics,262,0.69,True,0.03,0.87,Low,17.0,4.81,Low,No,8,Online Wallet,False,False,False,18.92,11,30,1,Gold,Social Media,8,-72,2851,True,0,110,84.58,4081.14,757460.1223999999,0.37777777777777777
CUST109070,62,Female,Karaganda,Medium,99.61,1,8321.03,107.26,12.0,Electronics,86,0.44,False,0.01,0.09,Low,11.0,1.81,Medium,Yes,0,Card,True,True,True,1.09,1,8,38,Platinum,SMS,7,-85,220,True,0,78,89.19,1874.05,828857.7983,0.8461538461538461
CUST109072,39,Male,Astana,Medium,88.14,3,9394.09,145.34,26.0,Beauty,276,0.01,False,0.08,0.74,Low,12.0,3.94,Medium,Yes,6,Cash,True,True,True,18.52,4,14,7,Bronze,Social Media,6,78,642,True,0,218,85.48,16479.59,827995.0926,0.4444444444444444
CUST109078,33,Male,Shymkent,Medium,98.09,8,8991.3,206.57,36.0,Beauty,154,0.83,False,0.82,0.46,Medium,14.0,4.21,Medium,No,8,Cash,True,True,False,12.07,0,24,25,Platinum,Social Media,1,68,429,False,Basic,180,35.21,5757.91,881956.617,0.3783783783783784
CUST109079,55,Female,Astana,High,83.93,2,7779.88,429.1,38.0,Beauty,122,0.48,False,0.95,0.76,Low,1.0,4.41,Low,Yes,8,Card,True,True,False,14.84,10,21,16,Gold,App,4,-45,3623,True,Basic,174,63.71,14949.14,652965.3284000001,0.02564102564102564
CUST109093,66,Male,Astana,High,94.79,7,6694.14,494.52,24.0,Electronics,67,0.57,True,0.15,0.76,High,3.0,4.9,High,No,1,Cash,True,False,False,5.29,13,43,8,Platinum,Social Media,1,58,3205,True,Basic,265,51.32,911.76,634537.5306,0.12
CUST109097,25,Female,Shymkent,Medium,61.31,0,8880.92,335.03,24.0,Beauty,179,0.72,False,0.62,0.33,Low,3.0,4.68,High,No,3,Card,True,True,False,9.25,8,45,35,Silver,SMS,6,-47,382,True,Basic,180,74.89,10061.07,544489.2052,0.12
CUST109099,46,Female,Shymkent,Low,53.83,6,9869.23,139.79,5.0,Groceries,360,0.61,False,0.83,0.92,Medium,3.0,4.39,Medium,Yes,9,Cash,False,True,True,14.86,11,45,13,Gold,Email,1,-80,684,True,0,226,55.49,8560.35,531260.6509,0.5
CUST109109,42,Male,Shymkent,High,70.8,9,9565.48,409.14,24.0,Clothing,53,0.2,False,0.45,0.55,Low,11.0,3.5,Medium,Yes,1,Card,False,True,True,17.74,0,33,36,Bronze,Social Media,7,0,3094,True,0,160,28.34,9444.39,677235.9839999999,0.44
CUST109111,44,Female,Almaty,Low,64.28,2,8167.54,315.53,10.0,Clothing,338,0.74,True,0.96,0.43,High,17.0,1.57,Low,Yes,1,Online Wallet,True,True,False,11.98,0,23,15,Bronze,Social Media,8,41,718,True,Basic,111,20.87,15293.93,525009.4712,1.5454545454545454
CUST109114,27,Female,Karaganda,Low,69.61,8,9364.85,192.2,35.0,Clothing,313,0.91,True,0.71,0.36,High,10.0,4.79,Medium,No,9,Card,False,False,True,16.89,3,4,31,Silver,SMS,8,-31,1445,True,Premium,46,61.59,15133.42,651887.2085000001,0.2777777777777778
CUST109119,23,Female,Shymkent,Medium,83.12,1,6089.24,300.75,5.0,Beauty,94,0.78,True,0.65,0.13,Low,5.0,1.05,Medium,No,9,Card,True,True,False,17.74,7,13,26,Platinum,SMS,7,-13,3275,True,0,4,11.75,143.42,506137.6288,0.8333333333333334
CUST109120,23,Male,Astana,High,90.33,6,5931.96,294.33,23.0,Clothing,15,0.15,False,0.55,0.99,High,0.0,4.75,Low,No,4,Cash,False,True,True,9.57,7,35,11,Silver,SMS,0,-31,2653,False,Basic,1,74.94,9347.38,535833.9468,0.0
CUST109135,34,Male,Astana,Low,98.68,1,9188.39,182.32,32.0,Beauty,118,0.37,False,0.37,0.4,High,12.0,4.52,Low,Yes,3,Cash,True,False,True,18.65,9,17,23,Gold,App,5,16,334,True,Premium,35,92.64,13510.9,906710.3252,0.36363636363636365
CUST109138,62,Male,Karaganda,Low,53.61,7,9677.11,88.78,17.0,Electronics,40,0.39,False,0.08,0.96,Medium,9.0,3.5,Low,No,0,Card,False,True,True,16.51,12,46,22,Gold,Social Media,2,-12,1212,False,Basic,190,35.64,17177.33,518789.86710000003,0.5
CUST109139,47,Male,Karaganda,Medium,77.08,0,8696.84,218.82,13.0,Electronics,106,0.11,False,0.93,0.14,High,7.0,2.01,Low,No,3,Cash,False,False,False,10.41,6,25,11,Silver,Social Media,0,91,2828,False,0,52,15.14,2527.1,670352.4272,0.5
CUST109142,20,Male,Shymkent,Medium,75.33,1,8397.06,79.1,16.0,Electronics,260,0.42,True,0.96,0.94,High,5.0,3.64,High,Yes,0,Online Wallet,False,False,True,13.55,9,16,36,Silver,Email,5,97,1992,False,Premium,297,50.32,1593.97,632550.5297999999,0.29411764705882354
CUST109145,41,Male,Karaganda,Low,84.63,8,9909.73,364.78,32.0,Groceries,323,0.63,True,0.98,0.29,Low,14.0,4.42,Medium,Yes,2,Online Wallet,False,True,False,10.94,12,0,32,Silver,Social Media,5,-35,3225,False,Premium,4,90.81,13782.83,838660.4498999999,0.42424242424242425
CUST109147,61,Female,Almaty,Medium,72.84,2,9227.18,483.05,37.0,Clothing,56,0.06,False,0.31,0.63,Low,18.0,3.46,Low,No,1,Online Wallet,False,False,True,4.61,3,41,13,Platinum,SMS,4,-36,114,False,Basic,28,59.0,14674.03,672107.7912000001,0.47368421052631576
CUST109151,18,Female,Astana,Low,70.37,4,9133.28,418.93,21.0,Groceries,69,0.19,True,0.12,0.78,Low,1.0,2.03,Low,No,3,Card,False,False,True,8.93,3,6,24,Gold,App,1,99,353,True,Premium,79,48.63,12853.57,642708.9136000001,0.045454545454545456
CUST109155,41,Male,Astana,Low,81.3,4,7812.78,467.31,8.0,Groceries,192,0.86,True,0.55,0.86,Medium,7.0,2.0,Medium,Yes,2,Online Wallet,True,False,True,3.27,5,3,6,Silver,SMS,6,-98,593,False,Basic,147,7.62,4805.87,635179.014,0.7777777777777778
CUST109162,68,Female,Almaty,Medium,83.9,7,7108.8,102.37,42.0,Electronics,77,0.31,False,0.83,0.51,Medium,11.0,2.45,Medium,Yes,0,Card,False,True,False,18.1,13,14,6,Bronze,App,5,-30,3182,True,0,292,86.57,12022.43,596428.3200000001,0.2558139534883721
CUST109175,52,Male,Astana,Medium,81.39,1,8258.85,149.14,38.0,Groceries,277,0.23,False,0.16,0.48,High,0.0,2.69,Medium,Yes,0,Online Wallet,False,True,True,5.81,7,26,0,Bronze,App,4,-95,2969,False,0,114,67.41,15609.04,672187.8015000001,0.0
CUST109191,66,Male,Shymkent,Low,64.45,1,8282.97,308.91,29.0,Clothing,207,0.35,True,0.86,0.14,Medium,14.0,1.77,High,Yes,1,Online Wallet,True,True,False,5.19,3,17,28,Platinum,SMS,3,-67,1335,True,Basic,271,67.55,7820.52,533837.4164999999,0.4666666666666667
CUST109192,43,Male,Karaganda,Medium,79.72,0,6640.89,454.18,8.0,Groceries,168,0.53,True,0.43,0.05,High,15.0,1.74,Medium,Yes,8,Online Wallet,False,False,True,4.74,8,11,16,Silver,Email,2,23,1511,True,Basic,29,96.57,10490.29,529411.7508,1.6666666666666667
CUST109196,32,Male,Karaganda,Low,79.83,0,9159.61,490.4,32.0,Beauty,318,0.03,False,0.22,0.04,High,16.0,1.01,Medium,No,6,Online Wallet,False,True,False,4.16,1,25,21,Bronze,App,2,14,2316,True,Premium,176,31.51,8536.57,731211.6663,0.48484848484848486
CUST109206,45,Male,Shymkent,High,86.23,0,8369.88,498.78,38.0,Clothing,236,0.14,False,0.34,0.87,High,10.0,4.57,High,No,5,Online Wallet,True,True,True,12.22,0,46,2,Gold,Social Media,1,-38,2498,True,0,122,57.84,16783.15,721734.7524,0.2564102564102564
CUST109226,53,Female,Shymkent,Medium,64.33,5,7999.46,275.82,36.0,Beauty,45,0.52,False,0.36,0.18,High,7.0,3.57,Low,No,8,Cash,True,False,True,16.02,3,24,37,Gold,SMS,2,-43,2599,True,Basic,252,41.49,14031.97,514605.2618,0.1891891891891892
CUST109232,33,Male,Karaganda,High,91.31,2,5618.96,313.36,32.0,Groceries,194,0.28,False,0.61,0.44,Medium,19.0,4.99,Low,Yes,7,Cash,False,True,False,15.58,6,38,1,Gold,Email,1,13,3631,False,Premium,21,44.37,1102.28,513067.2376,0.5757575757575758
CUST109257,65,Female,Karaganda,High,89.82,6,9491.81,178.81,17.0,Groceries,77,0.88,False,0.1,0.45,Medium,11.0,3.4,Medium,No,3,Online Wallet,False,True,True,3.85,2,32,11,Gold,App,3,-51,3618,False,0,154,14.78,13924.44,852554.3741999998,0.6111111111111112
CUST109268,58,Male,Shymkent,Low,93.16,4,6259.17,347.07,25.0,Groceries,18,0.11,True,0.82,0.05,Medium,14.0,1.14,Low,Yes,9,Cash,False,True,False,6.74,7,0,26,Gold,Social Media,3,33,1235,True,Premium,76,71.34,14598.62,583104.2772,0.5384615384615384
CUST109279,52,Female,Shymkent,Low,68.27,1,9361.44,14.79,25.0,Beauty,346,0.43,False,0.42,0.15,Low,13.0,3.3,Low,No,3,Cash,False,False,True,3.51,10,8,33,Platinum,SMS,1,94,1003,False,Premium,246,82.43,3872.63,639105.5088,0.5
CUST109289,59,Male,Shymkent,Medium,80.11,5,7311.85,89.68,2.0,Clothing,63,0.61,True,0.95,0.27,Low,8.0,3.19,Medium,Yes,8,Online Wallet,True,True,False,9.74,10,48,26,Gold,Email,8,35,2511,True,Basic,272,91.29,7436.22,585752.3035,2.6666666666666665
CUST109291,66,Female,Shymkent,Low,86.39,1,8926.1,55.19,3.0,Electronics,295,0.04,True,0.64,0.83,High,0.0,1.6,Low,Yes,7,Card,True,False,False,10.47,12,35,32,Gold,App,9,51,3507,True,0,18,5.12,17889.63,771125.779,0.0
CUST109295,35,Female,Almaty,High,71.39,0,7070.88,169.57,6.0,Electronics,341,0.69,False,0.25,0.14,Medium,7.0,2.76,Medium,Yes,2,Online Wallet,False,False,False,15.53,10,9,14,Gold,Email,3,-36,2903,True,Premium,313,39.26,15943.46,504790.12320000003,1.0
CUST109302,23,Female,Shymkent,Medium,98.13,9,5152.98,258.42,46.0,Electronics,248,0.0,True,0.88,0.69,High,16.0,1.85,Medium,Yes,9,Online Wallet,False,True,False,17.17,0,6,16,Platinum,SMS,3,-78,258,False,0,272,71.43,14118.22,505661.9273999999,0.3404255319148936
CUST109307,21,Female,Almaty,Low,96.12,0,7669.85,251.57,33.0,Groceries,76,0.29,False,0.71,0.5,High,6.0,1.98,High,Yes,8,Online Wallet,False,False,True,4.11,11,33,17,Bronze,Social Media,0,75,2893,False,Premium,183,89.3,5065.52,737225.9820000001,0.17647058823529413
CUST109308,35,Female,Almaty,Low,99.3,8,6517.14,35.6,14.0,Beauty,260,0.58,True,0.83,0.25,Low,13.0,3.46,High,No,6,Cash,True,True,False,5.97,2,46,8,Silver,SMS,6,-16,3216,True,Premium,177,7.08,6931.4,647152.002,0.8666666666666667
CUST109317,68,Male,Almaty,Low,99.82,1,7935.56,461.95,31.0,Electronics,166,0.12,True,0.19,0.11,High,5.0,2.72,High,No,0,Online Wallet,True,False,False,7.51,9,0,15,Gold,Social Media,4,85,1026,False,Premium,6,22.27,16282.21,792127.5991999999,0.15625
CUST109319,59,Male,Shymkent,High,87.35,8,6546.54,302.19,14.0,Beauty,245,0.11,False,0.98,0.02,High,4.0,3.87,High,Yes,7,Cash,True,False,True,18.96,4,9,22,Bronze,SMS,1,24,1855,True,0,96,13.85,13467.81,571840.269,0.26666666666666666
CUST109333,69,Female,Shymkent,High,61.88,7,9789.53,137.15,30.0,Clothing,254,0.98,True,0.91,0.29,High,17.0,3.27,Medium,Yes,2,Card,True,False,False,6.71,11,0,20,Gold,SMS,8,-24,3614,True,0,299,16.81,3458.01,605776.1164,0.5483870967741935
CUST109354,47,Female,Astana,Medium,96.3,9,9061.66,403.66,32.0,Groceries,29,0.64,False,0.67,0.23,High,9.0,1.4,High,Yes,7,Online Wallet,False,True,False,12.12,1,36,27,Silver,Email,0,-1,1645,False,Basic,134,7.76,15164.46,872637.858,0.2727272727272727
CUST109361,42,Male,Karaganda,Low,60.67,6,8831.64,221.09,25.0,Groceries,64,0.18,False,0.1,0.52,High,5.0,2.65,High,No,1,Online Wallet,False,True,False,7.74,4,44,10,Silver,App,8,-32,2522,True,Basic,346,61.56,3974.23,535815.5988,0.19230769230769232
CUST109362,68,Male,Karaganda,Medium,80.21,8,7141.53,77.76,24.0,Beauty,157,0.89,False,0.13,0.76,High,6.0,2.62,High,No,5,Card,False,True,True,14.19,1,32,25,Bronze,Social Media,8,-22,2129,True,0,4,44.13,9315.83,572822.1212999999,0.24
CUST109365,61,Male,Karaganda,Low,70.04,2,9540.1,291.42,10.0,Groceries,267,0.18,False,0.54,0.75,Medium,4.0,1.35,Low,No,4,Card,False,True,True,12.23,6,45,38,Silver,Social Media,8,50,120,True,0,241,20.41,11078.73,668188.604,0.36363636363636365
CUST109385,42,Female,Astana,Medium,96.5,1,6237.42,130.02,16.0,Clothing,240,0.21,True,0.87,0.42,Medium,4.0,4.37,High,Yes,4,Online Wallet,True,True,False,8.49,5,36,17,Silver,SMS,0,-33,1567,False,Basic,192,74.06,16407.11,601911.03,0.23529411764705882
CUST109393,20,Male,Shymkent,Medium,75.47,5,7606.63,428.77,47.0,Groceries,43,0.93,False,0.98,0.81,Medium,13.0,4.12,Medium,Yes,6,Card,False,False,True,3.36,14,42,10,Platinum,SMS,8,60,3236,False,0,288,62.27,17666.94,574072.3661,0.2708333333333333
CUST109395,41,Female,Karaganda,High,90.05,9,5969.25,267.33,9.0,Clothing,174,0.94,True,0.57,0.32,Low,0.0,1.73,Medium,Yes,8,Card,True,False,True,13.12,12,47,11,Bronze,Social Media,2,-21,1934,True,Premium,144,46.52,1552.74,537530.9625,0.0
CUST109402,53,Male,Karaganda,Medium,91.05,7,9084.74,429.81,8.0,Beauty,65,0.82,False,0.5,0.49,High,10.0,1.85,Medium,No,4,Cash,True,False,False,2.44,0,23,4,Silver,Email,0,-76,3120,True,Premium,35,58.37,6164.81,827165.5769999999,1.1111111111111112
CUST109407,43,Female,Karaganda,Low,65.23,8,8881.66,323.13,44.0,Clothing,128,0.18,True,0.42,0.43,High,16.0,2.72,Low,No,3,Card,True,True,False,5.83,12,11,26,Silver,Email,9,77,628,True,Basic,238,8.04,16745.94,579350.6818,0.35555555555555557
CUST109411,57,Male,Shymkent,Low,62.36,6,9315.14,312.0,25.0,Clothing,156,0.67,True,0.02,0.45,Medium,1.0,1.77,Medium,No,7,Online Wallet,False,False,True,14.85,0,14,4,Bronze,App,1,79,406,False,Premium,172,67.0,18404.6,580892.1303999999,0.038461538461538464
CUST109413,63,Male,Astana,Low,67.1,5,8478.88,140.6,25.0,Electronics,4,0.32,True,0.04,0.09,High,11.0,4.57,Low,No,4,Cash,False,False,True,17.3,12,32,34,Bronze,SMS,4,10,1386,False,Basic,38,3.3,7516.42,568932.8479999999,0.4230769230769231
CUST109414,61,Male,Astana,Low,96.71,7,8829.89,37.24,11.0,Beauty,32,0.26,True,0.35,0.16,Low,14.0,3.03,High,No,9,Card,False,True,False,16.73,1,35,36,Silver,SMS,4,-90,61,True,Premium,65,68.4,1476.62,853938.6618999998,1.1666666666666667
CUST109423,26,Male,Almaty,Low,74.99,5,6738.48,203.57,40.0,Clothing,133,0.25,True,0.48,0.06,High,2.0,1.43,High,No,7,Card,False,False,True,10.64,7,36,14,Silver,App,7,99,2353,False,Premium,64,88.11,16348.61,505318.61519999994,0.04878048780487805
CUST109426,57,Female,Astana,High,83.63,6,8424.27,237.09,2.0,Electronics,362,0.19,False,0.18,0.11,Low,0.0,4.65,Low,No,7,Online Wallet,True,False,True,8.69,2,46,9,Platinum,Email,6,-87,409,True,Basic,81,12.71,12749.85,704521.7001,0.0
CUST109436,57,Female,Karaganda,Medium,72.23,4,8610.68,196.14,18.0,Electronics,263,0.87,False,0.75,0.15,Low,2.0,2.11,High,Yes,9,Online Wallet,True,False,True,10.75,0,27,12,Bronze,Social Media,2,69,700,True,0,258,44.57,3748.0,621949.4164000001,0.10526315789473684
CUST109454,24,Female,Almaty,Medium,92.88,5,8730.63,159.53,41.0,Clothing,126,0.86,False,0.13,0.92,Low,15.0,1.66,Medium,Yes,2,Cash,True,True,False,19.91,8,13,22,Gold,SMS,9,-51,2084,True,0,139,81.79,19402.55,810900.9143999999,0.35714285714285715
CUST109458,25,Female,Astana,Low,58.27,5,8873.16,37.48,15.0,Clothing,179,0.16,True,0.28,0.91,Medium,14.0,2.45,Medium,No,8,Cash,True,True,True,6.83,7,46,3,Bronze,Email,8,28,1798,False,0,143,30.32,9429.98,517039.0332,0.875
CUST109460,59,Male,Shymkent,Low,78.52,3,8587.91,41.84,35.0,Electronics,39,0.87,False,0.92,0.23,High,9.0,1.37,Low,Yes,4,Cash,False,False,False,11.77,14,33,2,Platinum,App,6,-1,1054,True,0,194,99.15,14137.14,674322.6932,0.25
CUST109470,50,Male,Shymkent,High,98.03,8,7497.18,26.85,33.0,Clothing,110,0.52,False,0.16,0.63,Medium,19.0,3.07,Medium,Yes,4,Cash,False,False,False,11.48,2,42,38,Platinum,Social Media,4,89,600,True,Premium,360,34.71,6437.87,734948.5554000001,0.5588235294117647
CUST109477,47,Female,Astana,High,61.51,4,9536.51,307.7,37.0,Groceries,118,0.47,False,0.4,0.01,Medium,5.0,4.89,Medium,No,0,Cash,False,False,False,7.53,10,41,39,Bronze,App,4,32,1645,False,0,258,29.05,17473.87,586590.7301,0.13157894736842105
CUST109479,33,Female,Almaty,High,86.29,1,9084.36,115.77,34.0,Groceries,52,0.5,False,0.26,0.52,High,6.0,4.08,Low,Yes,4,Online Wallet,False,False,True,12.8,7,2,24,Bronze,Email,1,-27,459,False,Basic,54,19.8,9790.88,783889.4244000001,0.17142857142857143
CUST109482,50,Male,Almaty,Medium,91.32,5,8844.36,404.67,37.0,Electronics,237,0.17,True,0.33,0.86,Low,18.0,2.91,Medium,Yes,8,Cash,False,True,False,11.63,8,0,8,Gold,Social Media,5,-23,206,True,Premium,305,20.77,8732.02,807666.9552,0.47368421052631576
CUST109484,65,Male,Almaty,Medium,68.06,0,9876.09,296.42,27.0,Beauty,176,0.45,False,0.25,0.66,Medium,5.0,4.4,High,No,8,Card,True,True,False,11.15,4,30,35,Bronze,App,1,37,3479,False,0,149,49.53,6911.09,672166.6854000001,0.17857142857142858
CUST109487,55,Female,Almaty,High,73.29,5,9767.22,105.77,5.0,Electronics,132,0.52,False,0.13,0.84,High,13.0,3.76,High,Yes,4,Cash,True,False,False,6.44,14,49,37,Silver,Email,3,6,3322,False,Premium,335,77.16,16651.71,715839.5538,2.1666666666666665
CUST109489,66,Female,Astana,High,93.87,1,9098.8,466.32,18.0,Beauty,197,0.46,True,0.64,0.46,High,16.0,1.24,Low,No,7,Online Wallet,False,False,False,7.59,3,21,26,Platinum,SMS,1,27,2989,False,0,351,89.19,16045.1,854104.356,0.8421052631578947
CUST109491,63,Male,Karaganda,Low,94.86,9,7574.18,156.17,26.0,Beauty,77,0.37,True,0.46,0.18,Medium,19.0,1.93,Medium,Yes,8,Online Wallet,True,True,True,3.21,0,4,9,Bronze,Social Media,5,-36,2064,True,Premium,281,57.86,15683.17,718486.7148000001,0.7037037037037037
CUST109493,55,Male,Shymkent,Medium,86.97,1,6224.62,336.94,41.0,Groceries,72,0.84,False,0.13,0.17,Medium,13.0,3.01,Low,Yes,0,Online Wallet,True,False,False,8.99,3,7,17,Platinum,App,2,-95,796,False,Basic,313,69.0,15721.73,541355.2014,0.30952380952380953
CUST109502,34,Male,Astana,Medium,84.44,9,6800.41,44.18,22.0,Electronics,66,0.76,False,0.35,0.86,High,18.0,2.47,High,Yes,1,Card,False,True,False,16.44,13,48,24,Silver,Social Media,0,-25,3290,False,Premium,198,56.99,7078.16,574226.6204,0.782608695652174
CUST109509,56,Male,Almaty,High,68.87,2,8484.56,283.05,25.0,Electronics,53,0.95,True,0.21,0.4,Low,13.0,1.53,Medium,No,6,Card,True,False,False,7.47,11,11,20,Silver,Social Media,3,85,2503,True,Basic,277,92.38,15308.95,584331.6472,0.5
CUST109520,42,Male,Almaty,High,91.06,0,7739.35,264.29,11.0,Beauty,199,0.35,False,0.69,0.61,Low,18.0,1.23,Low,Yes,6,Online Wallet,True,True,True,13.17,13,37,28,Silver,Social Media,0,-50,3498,False,0,236,28.16,12514.84,704745.211,1.5
CUST109529,42,Female,Karaganda,High,83.3,8,9802.82,298.51,38.0,Groceries,64,0.11,False,0.32,0.56,Medium,2.0,3.82,High,Yes,1,Cash,False,True,True,3.35,11,14,26,Bronze,SMS,5,-61,257,False,Basic,203,84.25,5079.24,816574.906,0.05128205128205128
CUST109550,28,Female,Shymkent,Medium,94.77,6,7058.52,97.2,48.0,Electronics,330,0.13,True,0.57,0.3,High,2.0,4.13,Medium,Yes,4,Cash,False,True,False,7.33,14,3,6,Silver,App,1,-6,366,True,0,111,43.5,13515.01,668935.9404,0.04081632653061224
CUST109558,35,Female,Almaty,High,98.41,3,8671.09,254.45,2.0,Electronics,232,0.73,True,0.7,0.45,Low,19.0,4.0,Low,Yes,4,Card,True,True,True,10.52,10,45,25,Gold,SMS,6,8,627,True,Basic,236,96.46,8586.42,853321.9669,6.333333333333333
CUST109563,54,Female,Karaganda,Low,79.5,2,9392.27,6.05,31.0,Groceries,191,0.9,False,0.02,0.6,Low,4.0,1.18,High,Yes,8,Cash,False,False,False,11.13,9,45,20,Bronze,Email,1,91,2501,False,0,306,93.23,17855.89,746685.4650000001,0.125
CUST109577,48,Female,Almaty,Low,97.86,7,7703.85,365.87,21.0,Electronics,7,0.13,False,0.43,0.13,High,18.0,3.73,Medium,No,5,Online Wallet,False,False,False,4.17,3,7,23,Platinum,Email,4,92,2470,True,Premium,26,93.11,2019.55,753898.761,0.8181818181818182
CUST109580,60,Female,Almaty,Medium,74.16,5,9229.51,259.42,15.0,Beauty,308,0.23,True,0.76,0.48,High,1.0,4.76,Low,Yes,9,Card,True,True,False,15.34,8,13,1,Bronze,Email,0,57,867,False,Basic,269,39.11,532.21,684460.4616,0.0625
CUST109585,68,Male,Shymkent,Medium,67.29,1,8861.14,240.56,1.0,Beauty,128,0.03,True,0.92,0.75,Medium,1.0,2.74,Medium,Yes,7,Card,False,False,True,14.61,6,49,34,Platinum,SMS,9,-93,1428,True,Basic,15,94.99,5493.26,596266.1106,0.5
CUST109587,41,Female,Almaty,High,95.08,2,9812.2,200.54,27.0,Beauty,305,0.71,True,0.37,0.71,Medium,19.0,3.14,Low,Yes,9,Card,True,True,True,7.35,6,20,20,Silver,Email,1,83,635,True,0,177,95.22,4520.84,932943.976,0.6785714285714286
CUST109589,19,Male,Almaty,Low,85.89,1,9232.4,120.28,14.0,Beauty,310,0.74,True,0.98,0.84,Medium,16.0,3.13,Medium,No,4,Cash,False,False,False,7.79,4,41,27,Silver,App,6,-79,3252,True,Premium,57,28.89,3398.67,792970.836,1.0666666666666667
CUST109597,31,Male,Astana,High,83.51,0,9825.37,63.72,33.0,Electronics,58,0.23,True,0.46,0.02,Medium,5.0,2.47,High,Yes,5,Cash,True,True,False,7.87,10,5,1,Bronze,Social Media,1,-84,809,False,Basic,53,54.36,16003.41,820516.6487000001,0.14705882352941177
CUST109610,44,Female,Shymkent,High,76.34,2,8228.77,409.52,20.0,Groceries,160,0.22,True,0.24,0.21,Medium,13.0,3.05,Low,No,1,Card,True,False,False,17.43,13,17,13,Gold,Email,0,-22,2396,True,Basic,200,71.8,12825.84,628184.3018,0.6190476190476191
CUST109630,26,Male,Karaganda,Medium,90.86,4,6049.6,405.81,7.0,Groceries,221,0.8,True,0.42,0.77,High,3.0,3.37,Low,No,0,Online Wallet,False,True,True,2.84,3,40,27,Silver,Social Media,9,56,1916,False,Premium,154,24.36,4630.63,549666.6560000001,0.375
CUST109631,38,Male,Astana,Medium,86.74,6,9949.44,275.7,16.0,Electronics,10,0.88,True,0.65,0.36,Low,3.0,1.89,Medium,Yes,4,Cash,True,True,True,14.45,8,6,25,Bronze,SMS,0,-23,2254,True,0,103,45.48,18192.77,863014.4256,0.17647058823529413
CUST109634,52,Male,Astana,High,91.04,2,9939.77,322.88,8.0,Beauty,221,0.59,False,0.7,0.48,Medium,13.0,1.32,Low,Yes,3,Online Wallet,False,True,True,19.21,6,31,36,Gold,SMS,9,24,1277,True,Basic,212,12.61,2946.48,904916.6608000001,1.4444444444444444
CUST109636,66,Female,Astana,High,76.58,8,7174.72,342.66,48.0,Beauty,90,0.11,False,0.59,0.73,Medium,0.0,3.48,Medium,No,3,Online Wallet,True,False,False,13.73,7,5,1,Gold,App,0,-36,3600,False,Basic,230,32.07,17426.82,549440.0576000001,0.0
CUST109639,48,Male,Astana,High,74.38,8,9128.33,186.42,34.0,Electronics,200,0.03,True,0.94,0.29,Medium,1.0,2.85,High,No,8,Online Wallet,True,False,True,9.54,11,13,39,Silver,Email,5,74,2883,True,Premium,157,47.62,9127.57,678965.1854,0.02857142857142857
CUST109640,50,Female,Astana,Low,84.34,1,8547.89,29.79,47.0,Electronics,94,0.4,True,0.21,0.44,Medium,1.0,2.12,Medium,Yes,0,Online Wallet,False,True,True,12.85,14,23,0,Bronze,Email,7,-72,618,False,0,164,66.27,8364.03,720929.0425999999,0.020833333333333332
CUST109645,68,Male,Almaty,High,90.53,1,8887.42,480.5,8.0,Groceries,189,0.59,True,0.97,0.21,Low,19.0,4.45,High,Yes,0,Card,True,False,False,14.76,2,10,20,Gold,SMS,7,16,2081,False,0,315,95.95,17396.65,804578.1326,2.111111111111111
CUST109649,40,Male,Almaty,Medium,85.69,3,8359.84,350.98,5.0,Groceries,92,0.41,False,0.57,0.42,Medium,8.0,3.51,Low,No,4,Online Wallet,True,False,True,19.8,10,18,0,Bronze,Social Media,5,-76,646,False,Basic,159,44.07,13185.55,716354.6896,1.3333333333333333
CUST109652,58,Female,Shymkent,Medium,90.74,0,8640.02,474.1,49.0,Electronics,212,0.3,False,0.99,0.3,Medium,12.0,1.1,High,Yes,6,Card,True,True,True,3.5,9,36,3,Platinum,SMS,2,-51,3094,True,0,253,20.23,17972.67,783995.4148,0.24
CUST109655,19,Female,Karaganda,High,96.77,0,6166.43,234.9,17.0,Groceries,276,0.06,True,0.67,0.85,Medium,17.0,3.92,High,Yes,9,Card,True,True,True,20.0,9,42,2,Silver,SMS,9,-46,2970,False,Basic,100,33.49,14449.45,596725.4311,0.9444444444444444
CUST109662,38,Female,Astana,Medium,90.14,4,9286.56,334.81,15.0,Beauty,45,0.46,True,0.8,0.79,Low,3.0,4.48,Low,No,3,Cash,True,False,True,9.78,11,27,36,Bronze,Email,9,87,1654,False,Basic,15,94.71,11397.32,837090.5184,0.1875
CUST109663,46,Female,Astana,Low,63.49,1,8727.09,388.44,1.0,Clothing,41,0.51,False,0.29,0.13,Low,15.0,3.01,High,Yes,4,Card,False,True,True,8.94,9,19,1,Bronze,Email,4,-64,671,False,Premium,347,56.67,8495.75,554082.9441000001,7.5
CUST109697,22,Male,Karaganda,High,82.21,0,6330.7,59.93,1.0,Beauty,232,0.22,False,0.65,0.34,Medium,3.0,4.54,High,No,9,Online Wallet,True,True,True,3.23,5,30,9,Platinum,App,2,-43,3479,False,Premium,23,47.52,16965.37,520446.84699999995,1.5
CUST109698,41,Female,Astana,Medium,69.97,5,7314.21,263.27,18.0,Clothing,139,0.91,False,0.46,0.92,High,9.0,1.5,High,No,1,Card,True,False,True,10.97,13,38,16,Gold,App,9,-89,160,False,0,345,61.68,11638.91,511775.2737,0.47368421052631576
CUST109705,33,Male,Shymkent,Low,93.99,1,6585.69,290.34,10.0,Electronics,56,0.49,True,0.43,0.86,High,5.0,3.88,Medium,Yes,2,Cash,True,True,False,11.17,4,34,39,Silver,Social Media,6,-2,780,True,Basic,91,35.26,17922.62,618989.0031,0.45454545454545453
CUST109712,56,Female,Astana,Medium,95.41,7,8767.89,230.63,42.0,Beauty,286,0.95,True,0.86,0.83,Low,6.0,2.84,Medium,Yes,2,Card,False,True,False,13.37,5,25,26,Gold,SMS,7,29,469,False,0,291,38.47,6576.66,836544.3849,0.13953488372093023
CUST109713,42,Male,Astana,Medium,80.66,6,9492.26,128.37,14.0,Clothing,76,0.47,True,0.49,0.55,High,14.0,1.1,Low,Yes,4,Cash,False,False,False,2.9,10,19,18,Silver,Social Media,2,-78,1318,False,0,206,58.16,8183.73,765645.6916,0.9333333333333333
CUST109717,65,Male,Astana,High,89.43,2,8817.48,361.79,34.0,Clothing,141,0.4,False,0.55,0.75,Medium,3.0,4.19,Low,No,3,Card,False,False,True,6.55,0,27,11,Bronze,SMS,5,19,2484,False,Basic,65,40.25,2806.3,788547.2364,0.08571428571428572
CUST109725,30,Male,Karaganda,High,87.05,8,9166.08,315.16,24.0,Beauty,206,0.08,True,0.92,0.17,High,14.0,3.01,High,No,4,Cash,True,False,False,10.15,11,44,23,Silver,SMS,8,61,3611,False,Premium,87,0.45,5803.28,797907.264,0.56
CUST109730,66,Female,Karaganda,High,66.45,6,8003.32,397.4,19.0,Beauty,266,0.75,True,0.09,0.24,Low,7.0,3.56,Low,Yes,3,Online Wallet,False,False,True,18.91,3,1,11,Platinum,Social Media,4,-5,746,False,Basic,52,30.03,10784.58,531820.6140000001,0.35
CUST109733,33,Male,Karaganda,High,86.56,7,8164.58,70.5,39.0,Clothing,137,0.26,True,0.52,0.06,High,7.0,2.74,Medium,Yes,7,Card,False,True,True,10.51,7,11,39,Silver,Email,3,74,1558,True,Premium,279,50.44,18243.0,706726.0448,0.175
CUST109743,22,Female,Astana,Low,80.05,5,8193.69,10.26,42.0,Electronics,314,0.51,True,0.64,0.04,Low,14.0,4.07,Medium,Yes,2,Cash,False,True,True,14.52,12,14,39,Platinum,SMS,6,74,3537,True,Premium,191,25.4,14689.31,655904.8845,0.32558139534883723
CUST109755,38,Female,Karaganda,Medium,91.09,0,7393.14,410.22,40.0,Beauty,33,0.78,True,0.36,0.27,Low,7.0,2.45,Low,Yes,1,Cash,False,False,False,11.43,6,5,21,Silver,Social Media,3,79,1443,False,Basic,117,46.46,4370.13,673441.1226,0.17073170731707318
CUST109758,60,Female,Astana,Low,96.37,7,6485.97,300.1,42.0,Groceries,241,0.99,False,0.36,0.04,Medium,6.0,4.06,High,No,5,Online Wallet,True,True,True,6.2,13,31,7,Platinum,SMS,2,-77,1966,False,0,151,17.72,3852.78,625052.9289,0.13953488372093023
CUST109770,50,Male,Astana,Low,83.98,5,5966.05,404.24,3.0,Electronics,205,0.11,True,0.68,0.11,Low,11.0,2.91,Low,No,3,Cash,False,True,False,11.31,11,44,27,Platinum,App,7,-4,2898,False,Basic,277,14.19,19523.82,501028.879,2.75
CUST109773,35,Male,Karaganda,Low,97.18,1,7079.39,391.92,43.0,Clothing,95,0.41,True,0.58,0.82,Medium,7.0,4.82,Low,No,7,Card,True,True,False,2.79,11,6,36,Silver,SMS,1,-85,911,True,Basic,94,49.13,4257.57,687975.1202000001,0.1590909090909091
CUST109774,26,Male,Astana,Low,98.06,0,7577.19,104.3,25.0,Groceries,253,0.75,False,0.44,0.99,Medium,0.0,1.19,Medium,No,9,Online Wallet,True,True,True,7.59,0,8,4,Silver,Social Media,1,72,2882,False,Basic,134,6.39,8764.13,743019.2514,0.0
CUST109778,36,Male,Almaty,High,64.85,5,8717.53,443.79,40.0,Beauty,78,0.6,False,0.28,0.08,Medium,11.0,1.18,High,Yes,5,Online Wallet,True,False,False,3.27,12,11,32,Gold,Email,7,-80,2106,True,Basic,85,53.8,12523.04,565331.8205,0.2682926829268293
CUST109785,42,Male,Astana,Medium,88.51,6,5685.38,498.16,23.0,Electronics,19,0.37,False,0.84,0.2,Medium,8.0,3.02,High,No,0,Card,True,False,False,16.47,2,49,11,Platinum,App,2,68,2235,True,0,30,62.52,8546.23,503212.98380000005,0.3333333333333333
CUST109791,28,Male,Karaganda,High,95.95,4,7702.06,291.04,39.0,Electronics,221,0.99,True,0.28,0.3,High,19.0,3.42,Medium,Yes,0,Online Wallet,False,True,True,10.07,6,42,0,Platinum,App,4,-12,1333,False,0,101,86.87,13202.05,739012.657,0.475
CUST109797,33,Female,Astana,Medium,71.22,6,7930.71,326.39,16.0,Beauty,242,0.66,True,0.29,0.53,Low,4.0,2.7,High,No,8,Card,False,True,True,14.77,2,8,29,Platinum,Email,8,51,1602,False,Premium,121,43.86,12127.52,564825.1662,0.23529411764705882
CUST109804,52,Female,Almaty,High,83.84,9,9403.48,112.08,37.0,Groceries,332,0.43,True,0.74,0.23,Low,5.0,1.4,Medium,No,0,Online Wallet,False,True,False,10.13,11,46,17,Silver,SMS,6,-55,3523,True,Premium,284,50.2,7463.41,788387.7632,0.13157894736842105
CUST109805,66,Female,Shymkent,Low,78.37,5,6454.5,435.35,13.0,Beauty,65,0.29,True,0.42,0.71,High,19.0,3.26,Low,Yes,7,Card,True,False,True,11.63,10,41,21,Gold,App,0,44,2630,True,Basic,300,14.2,17765.32,505839.16500000004,1.3571428571428572
CUST109813,58,Female,Almaty,High,75.91,0,8506.12,359.96,2.0,Electronics,209,0.32,True,0.99,0.94,Low,14.0,2.03,Low,No,4,Cash,True,True,True,13.66,0,29,2,Platinum,Email,2,63,3356,True,Basic,189,49.68,16694.78,645699.5692,4.666666666666667
CUST109815,41,Female,Astana,Medium,98.56,6,7331.74,392.81,32.0,Electronics,15,0.38,True,0.45,0.25,High,13.0,4.72,High,Yes,8,Card,True,True,False,3.47,1,1,35,Bronze,SMS,0,-32,3230,True,0,299,46.12,1523.33,722616.2944,0.3939393939393939
CUST109818,42,Male,Almaty,Low,87.1,4,6722.1,449.99,38.0,Groceries,65,0.51,False,0.55,0.01,Low,6.0,3.23,Low,Yes,9,Card,False,False,True,10.19,0,35,28,Bronze,SMS,8,-9,3058,False,0,264,3.68,12377.12,585494.91,0.15384615384615385
CUST109822,55,Male,Shymkent,Medium,69.26,6,7850.8,373.7,17.0,Groceries,87,0.83,False,0.31,0.37,High,1.0,1.1,Low,Yes,2,Cash,False,True,True,7.38,3,23,24,Platinum,Social Media,0,89,3210,False,0,129,96.93,6612.84,543746.408,0.05555555555555555
CUST109833,64,Male,Astana,Medium,81.53,8,6191.91,14.84,24.0,Groceries,39,0.73,True,0.8,0.36,Low,7.0,3.97,Medium,Yes,7,Card,False,True,False,14.06,2,27,29,Gold,App,3,56,646,False,Basic,203,31.82,2884.54,504826.4223,0.28
CUST109846,34,Female,Almaty,Low,87.67,5,6782.9,261.22,11.0,Electronics,123,0.09,True,0.53,0.03,High,4.0,4.06,High,No,5,Online Wallet,False,False,False,17.93,5,35,3,Bronze,Social Media,9,-83,145,False,Basic,231,29.99,16501.62,594656.843,0.3333333333333333
CUST109862,26,Female,Karaganda,Low,66.58,7,8381.37,95.5,35.0,Beauty,181,0.88,False,0.36,0.68,Medium,11.0,1.68,High,No,7,Card,False,False,False,16.17,9,16,36,Platinum,Social Media,9,61,2802,False,Basic,74,16.53,6071.36,558031.6146000001,0.3055555555555556
CUST109865,37,Male,Almaty,Low,75.57,2,8034.31,170.82,43.0,Electronics,14,0.95,False,0.72,0.43,High,17.0,4.29,Low,No,7,Cash,True,False,False,19.22,1,37,10,Silver,Social Media,3,86,389,False,Basic,89,79.61,3282.21,607152.8067,0.38636363636363635
CUST109886,54,Male,Shymkent,Medium,88.3,6,7705.62,362.39,27.0,Beauty,361,0.2,False,0.46,0.4,High,2.0,4.34,Low,No,7,Online Wallet,True,False,False,19.43,0,35,19,Platinum,App,7,-57,2513,False,0,333,78.58,18428.92,680406.2459999999,0.07142857142857142
CUST109906,45,Female,Almaty,High,55.43,4,9767.4,209.88,44.0,Groceries,347,0.89,True,0.88,0.68,High,18.0,1.02,High,No,1,Card,True,False,True,8.03,3,46,28,Gold,Social Media,1,-1,2030,False,Basic,128,8.0,17529.59,541406.982,0.4
CUST109915,27,Male,Astana,High,69.9,9,7753.57,69.78,35.0,Beauty,236,0.75,True,0.7,0.61,Low,0.0,1.42,Medium,Yes,0,Online Wallet,False,True,False,16.16,11,24,0,Bronze,SMS,8,83,1539,False,Basic,21,55.76,17286.63,541974.5430000001,0.0
CUST109921,29,Female,Shymkent,Medium,84.97,0,9783.51,414.68,37.0,Clothing,151,0.97,False,0.45,0.41,High,6.0,1.62,High,No,4,Cash,False,True,False,14.58,2,41,32,Silver,Social Media,4,44,57,False,Premium,267,76.4,9299.45,831304.8447,0.15789473684210525
CUST109923,56,Male,Shymkent,Medium,92.52,1,9080.21,27.64,11.0,Clothing,247,0.68,False,0.41,0.75,Medium,15.0,2.71,Low,No,1,Cash,False,True,False,9.84,10,13,19,Gold,SMS,7,-41,3307,False,Premium,284,1.11,12947.81,840101.0291999999,1.25
CUST109928,42,Male,Shymkent,High,94.31,6,7417.29,43.92,44.0,Electronics,338,0.56,False,0.4,0.92,Low,14.0,1.58,Low,No,0,Card,False,True,False,11.61,10,17,8,Gold,Social Media,5,92,1905,False,Basic,12,35.42,3984.97,699524.6199,0.3111111111111111
CUST109929,38,Female,Astana,Medium,83.9,6,7931.49,204.56,46.0,Clothing,154,0.56,False,0.06,0.26,High,15.0,2.53,High,Yes,2,Online Wallet,False,False,True,11.71,13,30,26,Silver,Email,6,87,2534,True,Premium,146,84.13,4605.1,665452.011,0.3191489361702128
CUST109935,39,Female,Shymkent,High,80.51,2,9436.21,305.98,16.0,Beauty,215,0.72,False,0.9,0.17,Medium,7.0,4.15,Medium,No,5,Online Wallet,False,False,False,18.34,6,42,14,Platinum,Social Media,4,-12,1251,True,Basic,123,8.23,4769.92,759709.2670999999,0.4117647058823529
CUST109941,40,Female,Shymkent,High,65.45,3,8774.39,22.88,29.0,Electronics,185,0.19,False,0.93,0.43,Low,11.0,4.42,Medium,Yes,3,Cash,False,True,False,2.56,8,30,10,Platinum,Email,0,-61,3238,False,Basic,68,77.45,5771.37,574283.8255,0.36666666666666664
CUST109943,22,Female,Shymkent,Low,90.54,0,9717.04,373.44,26.0,Groceries,359,0.0,False,0.19,0.47,High,11.0,2.2,Low,No,5,Online Wallet,True,True,True,7.44,10,12,36,Silver,Email,5,23,798,False,0,33,42.88,7984.44,879780.8016000001,0.4074074074074074
CUST109949,68,Male,Astana,Medium,90.16,5,6157.49,462.45,17.0,Beauty,285,0.04,True,0.82,0.65,Medium,6.0,2.27,High,No,8,Online Wallet,False,False,False,7.07,12,33,1,Bronze,Email,2,81,2475,True,Basic,97,0.48,17104.88,555159.2984,0.3333333333333333
CUST109954,50,Female,Almaty,Medium,83.37,3,8055.82,179.38,37.0,Groceries,209,0.18,False,0.73,0.83,High,11.0,2.67,Low,No,0,Cash,True,True,False,1.6,7,27,18,Silver,Email,1,72,425,False,Premium,294,91.03,2331.92,671613.7134,0.2894736842105263
CUST109958,34,Female,Astana,Low,65.43,9,9017.0,254.39,19.0,Clothing,345,0.12,False,0.8,0.7,Medium,5.0,4.64,Medium,Yes,2,Card,False,False,False,6.43,12,4,27,Silver,Social Media,9,58,183,False,0,22,4.93,5373.05,589982.31,0.25
CUST109967,53,Female,Karaganda,Medium,53.46,1,9889.12,441.6,6.0,Electronics,85,0.45,True,0.6,0.27,Medium,13.0,2.53,Low,Yes,1,Card,False,False,True,2.24,7,24,39,Platinum,App,7,-64,861,True,0,41,54.56,12203.85,528672.3552000001,1.8571428571428572
CUST109980,31,Female,Almaty,Medium,84.68,3,8084.78,487.78,44.0,Clothing,191,0.03,False,0.87,0.31,Medium,1.0,2.27,Medium,No,9,Online Wallet,True,True,False,1.13,1,10,16,Bronze,Email,5,93,973,False,Basic,267,15.87,13766.55,684619.1704000001,0.022222222222222223
CUST109982,47,Female,Almaty,High,86.91,8,9516.24,214.27,35.0,Electronics,54,0.42,False,0.68,0.73,Low,9.0,4.11,Low,Yes,6,Cash,True,True,True,5.8,4,13,18,Gold,Social Media,7,57,2421,False,Basic,285,16.77,16276.24,827056.4184,0.25
